id,name,warehouse_id,scheduled_at,shipped_at,quantity,status,customer,notes,created_at
6da37460-2685-4053-a6ba-cc98f6fb42e1,Auto shipment 2025-11-05T02:00,,2025-11-05 02:02:19.240507+00,,2,scheduled,,Generated by scheduler,2025-11-05 02:02:19.255784+00
83b1df3c-3be9-4b5d-9071-baab70c884e7,Auto shipment 2025-11-05T02:10,,2025-11-05 02:10:33.950731+00,,8,scheduled,,Generated by scheduler,2025-11-05 02:10:33.96632+00
14f78c14-08f5-4a6b-8b74-911f7103ec2b,Auto shipment 2025-11-05T02:20,,2025-11-05 02:20:28.855158+00,,9,scheduled,,Generated by scheduler,2025-11-05 02:20:28.87067+00
f3fd88c7-1906-446c-b56a-b14d6b4e4554,Auto shipment 2025-11-05T02:30,,2025-11-05 02:30:48.945331+00,,9,scheduled,,Generated by scheduler,2025-11-05 02:30:48.961158+00
86700f55-9de5-4037-9304-6f579482d098,Auto shipment 2025-11-05T02:40,,2025-11-05 02:40:30.612406+00,,9,scheduled,,Generated by scheduler,2025-11-05 02:40:30.628998+00
8830f334-c863-4035-a2d1-720641fc85fe,Auto shipment 2025-11-05T02:50,,2025-11-05 02:51:24.0768+00,,10,scheduled,,Generated by scheduler,2025-11-05 02:51:24.100765+00
01bea201-f99d-4c5a-9937-ba2163e1741e,Auto shipment 2025-11-05T03:00,,2025-11-05 03:00:16.992609+00,,10,scheduled,,Generated by scheduler,2025-11-05 03:00:17.011315+00
a51fcda8-ba33-43de-affd-1de346a3a20b,Auto shipment 2025-11-05T03:10,,2025-11-05 03:14:47.812016+00,,10,scheduled,,Generated by scheduler,2025-11-05 03:14:47.833366+00
d6e65cb0-0d5a-400e-a23e-71775f92f6d7,Auto shipment 2025-11-05T03:20,,2025-11-05 03:20:32.716689+00,,10,scheduled,,Generated by scheduler,2025-11-05 03:20:32.738374+00
448f4ba6-217f-404c-aaca-daa3e0c6b1a4,Auto shipment 2025-11-05T03:30,,2025-11-05 03:30:54.465378+00,,10,scheduled,,Generated by scheduler,2025-11-05 03:30:54.482182+00
d0ad7a4b-1889-474f-926a-ccac54675b72,Auto shipment 2025-11-05T03:40,,2025-11-05 03:40:14.418871+00,,10,scheduled,,Generated by scheduler,2025-11-05 03:40:14.435134+00
515e5cba-f38a-497e-8326-4680ad752ab1,Auto shipment 2025-11-05T03:50,,2025-11-05 03:50:36.860476+00,,10,scheduled,,Generated by scheduler,2025-11-05 03:50:36.876919+00
7e12acd7-1282-40dd-a5a8-2d8bd3fbc74e,Auto shipment 2025-11-05T04:00,,2025-11-05 04:00:59.512438+00,,10,scheduled,,Generated by scheduler,2025-11-05 04:00:59.528533+00
c3e6310f-41a9-459e-96f4-213e5f2fe4a2,Auto shipment 2025-11-05T04:10,,2025-11-05 04:10:20.63411+00,,10,scheduled,,Generated by scheduler,2025-11-05 04:10:20.654535+00
025e2c23-a6e2-4ddb-a81e-f1c7f278e408,Auto shipment 2025-11-05T04:20,,2025-11-05 04:20:43.926685+00,,10,scheduled,,Generated by scheduler,2025-11-05 04:20:43.943828+00
47871fcf-ccf9-440e-9675-1b721f1cf280,Auto shipment 2025-11-05T04:30,,2025-11-05 04:30:05.440576+00,,10,scheduled,,Generated by scheduler,2025-11-05 04:30:05.459266+00
63c25c1a-6321-4383-98d0-240e355ed4d8,Auto shipment 2025-11-05T04:40,,2025-11-05 04:40:29.546533+00,,10,scheduled,,Generated by scheduler,2025-11-05 04:40:29.566077+00
d3d9727c-6a3d-4e9a-b6ea-53459e1e8c05,Auto shipment 2025-11-05T04:50,,2025-11-05 04:50:53.793369+00,,10,scheduled,,Generated by scheduler,2025-11-05 04:50:53.812479+00
0ffd58b6-147b-4b78-bb24-241b0ff03eb6,Auto shipment 2025-11-05T05:00,,2025-11-05 05:00:16.10611+00,,10,scheduled,,Generated by scheduler,2025-11-05 05:00:16.123069+00
3c389984-ea72-4c37-8a76-4555b5664f3b,Auto shipment 2025-11-05T05:10,,2025-11-05 05:10:40.964031+00,,10,scheduled,,Generated by scheduler,2025-11-05 05:10:40.980917+00
cf5de4fd-a10b-4707-850d-e08be02c1299,Auto shipment 2025-11-05T05:20,,2025-11-05 05:20:03.385041+00,,10,scheduled,,Generated by scheduler,2025-11-05 05:20:03.401316+00
fd80868a-792f-4318-a036-556b64a6bc53,Auto shipment 2025-11-05T05:30,,2025-11-05 05:30:27.964821+00,,10,scheduled,,Generated by scheduler,2025-11-05 05:30:27.980551+00
eb4b5701-7339-4863-a608-f6c14d267cbf,Auto shipment 2025-11-05T05:40,,2025-11-05 05:40:52.979853+00,,10,scheduled,,Generated by scheduler,2025-11-05 05:40:52.996512+00
a920b69f-d0c0-4ce5-a070-4b490803344d,Auto shipment 2025-11-05T05:50,,2025-11-05 05:50:16.072722+00,,10,scheduled,,Generated by scheduler,2025-11-05 05:50:16.089328+00
0a34f44e-e325-4458-8760-d8dd1025cbd4,Auto shipment 2025-11-05T06:00,,2025-11-05 06:00:40.99433+00,,10,scheduled,,Generated by scheduler,2025-11-05 06:00:41.011926+00
40cb558b-510c-4bc7-ad70-76ff0f163041,Auto shipment 2025-11-05T06:10,,2025-11-05 06:10:04.422327+00,,10,scheduled,,Generated by scheduler,2025-11-05 06:10:04.438432+00
3115a317-f001-4995-afb9-2da6107a7dd9,Auto shipment 2025-11-05T06:20,,2025-11-05 06:20:29.766604+00,,10,scheduled,,Generated by scheduler,2025-11-05 06:20:29.78593+00
48d859e0-012c-4c48-8ab6-91586979bcb7,Auto shipment 2025-11-05T06:30,,2025-11-05 06:30:55.071904+00,,10,scheduled,,Generated by scheduler,2025-11-05 06:30:55.091264+00
ea2c02d4-80b7-4b71-98f4-1d3f5c4bec90,Auto shipment 2025-11-05T06:40,,2025-11-05 06:40:18.865891+00,,10,scheduled,,Generated by scheduler,2025-11-05 06:40:18.883617+00
95ed0ea2-076f-4731-87cb-3da626d3a5fd,Auto shipment 2025-11-05T06:50,,2025-11-05 06:50:44.672062+00,,10,scheduled,,Generated by scheduler,2025-11-05 06:50:44.688417+00
0cf2fb63-e884-423a-999f-7acddbfcb70b,Auto shipment 2025-11-05T07:00,,2025-11-05 07:00:08.564142+00,,10,scheduled,,Generated by scheduler,2025-11-05 07:00:08.58121+00
1400afd5-7286-47cd-9840-30564653a2db,Auto shipment 2025-11-05T07:10,,2025-11-05 07:10:34.613693+00,,10,scheduled,,Generated by scheduler,2025-11-05 07:10:34.632725+00
31a7561d-2eec-449d-960c-75e1bf996823,Auto shipment 2025-11-05T07:20,,2025-11-05 07:21:00.795283+00,,10,scheduled,,Generated by scheduler,2025-11-05 07:21:00.812597+00
91838dd9-617d-476a-8f21-e1f3e25a087b,Auto shipment 2025-11-05T07:30,,2025-11-05 07:30:24.774829+00,,10,scheduled,,Generated by scheduler,2025-11-05 07:30:24.791758+00
a4884632-4448-49dd-b064-09a3c33af30d,Auto shipment 2025-11-05T07:40,,2025-11-05 07:40:51.077584+00,,10,scheduled,,Generated by scheduler,2025-11-05 07:40:51.0943+00
903084b2-e711-49a2-a778-3be251e6bdd5,Auto shipment 2025-11-05T07:50,,2025-11-05 07:50:15.513041+00,,10,scheduled,,Generated by scheduler,2025-11-05 07:50:15.529426+00
f7722473-dd35-4e21-a335-8ee3d265e218,Auto shipment 2025-11-05T08:00,,2025-11-05 08:00:41.898044+00,,10,scheduled,,Generated by scheduler,2025-11-05 08:00:41.914798+00
4abb8af4-833b-4efa-b25d-0668b66a7247,Auto shipment 2025-11-05T08:10,,2025-11-05 08:10:06.545144+00,,10,scheduled,,Generated by scheduler,2025-11-05 08:10:06.560951+00
ef1e4826-99dd-47dd-bb05-7ce98f4f045a,Auto shipment 2025-11-05T08:20,,2025-11-05 08:20:33.119098+00,,10,scheduled,,Generated by scheduler,2025-11-05 08:20:33.136166+00
6431b0ba-3ab9-4b11-8b1b-68f547407fea,Auto shipment 2025-11-05T08:30,,2025-11-05 08:30:59.994747+00,,10,scheduled,,Generated by scheduler,2025-11-05 08:31:00.011216+00
749c1f6c-d208-4ac9-8582-0068e9451051,Auto shipment 2025-11-05T08:40,,2025-11-05 08:40:24.779811+00,,10,scheduled,,Generated by scheduler,2025-11-05 08:40:24.7966+00
8b2e6fc7-bf85-40e2-9ed7-661ff32acd3b,Auto shipment 2025-11-05T08:50,,2025-11-05 08:52:09.303202+00,,10,scheduled,,Generated by scheduler,2025-11-05 08:52:09.324964+00
9bd33cd2-f880-4857-b338-857143fe3105,Auto shipment 2025-11-05T09:00,,2025-11-05 09:08:52.081725+00,,10,scheduled,,Generated by scheduler,2025-11-05 09:08:52.108285+00
b0ebf8b6-cbec-48bb-839c-ba2d43b1303a,Auto shipment 2025-11-05T09:10,,2025-11-05 09:10:13.226715+00,,10,scheduled,,Generated by scheduler,2025-11-05 09:10:13.244287+00
0fc56191-d692-46f0-8de5-73a4b43c9f5b,Auto shipment 2025-11-05T09:20,,2025-11-05 09:20:35.193272+00,,10,scheduled,,Generated by scheduler,2025-11-05 09:20:35.210334+00
ff735ba7-255b-4db7-817d-ba21962b480a,Auto shipment 2025-11-05T09:30,,2025-11-05 09:30:01.354853+00,,10,scheduled,,Generated by scheduler,2025-11-05 09:30:01.371472+00
917f0437-07b4-47a0-bb73-41c3502e2128,Auto shipment 2025-11-05T09:40,,2025-11-05 09:40:29.157677+00,,10,scheduled,,Generated by scheduler,2025-11-05 09:40:29.17755+00
6545c10e-e35e-4878-9874-e531d378196f,Auto shipment 2025-11-05T09:50,,2025-11-05 09:50:01.420906+00,,10,scheduled,,Generated by scheduler,2025-11-05 09:50:01.450741+00
bbc8da6f-ef9c-4c0b-96c1-28791f41e29c,Auto shipment 2025-11-05T10:00,,2025-11-05 10:00:17.996282+00,,10,scheduled,,Generated by scheduler,2025-11-05 10:00:18.012665+00
8962be1f-ea0a-4da9-8914-bc732e4d8b91,Auto shipment 2025-11-05T10:10,,2025-11-05 10:14:00.600998+00,,10,scheduled,,Generated by scheduler,2025-11-05 10:14:00.623533+00
2985559b-73a4-48ad-abc2-c1d24855f94e,Auto shipment 1,1c21be0f-7a41-4fd2-98f6-829a3308a50a,2025-06-20T00:00:00+00:00,2025-06-20T14:54:00+00:00,256,shipped,CUST-2215,synthetic,2025-06-19T00:00:00+00:00
a4e5a478-4899-4c43-9b2a-9b5e703559a5,Auto shipment 2,68db2e0c-1613-41ae-a22c-4959cbb08fe6,2025-10-15T00:00:00+00:00,2025-10-19T03:23:00+00:00,165,shipped,CUST-6639,synthetic,2025-10-18T00:00:00+00:00
43e7c9a1-2ef6-4685-9162-38309f19edbe,Auto shipment 3,1c21be0f-7a41-4fd2-98f6-829a3308a50a,2025-05-28T00:00:00+00:00,2025-05-28T12:10:00+00:00,333,shipped,CUST-5549,synthetic,2025-05-27T00:00:00+00:00
6d06f7f6-f83f-4bda-b01e-4635b4f398cf,Auto shipment 4,68db2e0c-1613-41ae-a22c-4959cbb08fe6,2024-12-13T00:00:00+00:00,2024-12-17T10:36:00+00:00,359,shipped,CUST-6430,synthetic,2024-12-16T00:00:00+00:00
ad1cedc5-49cd-4d90-96fd-9fc6e996515a,Auto shipment 5,68db2e0c-1613-41ae-a22c-4959cbb08fe6,2025-09-13T00:00:00+00:00,2025-09-13T10:47:00+00:00,198,shipped,CUST-9575,synthetic,2025-09-12T00:00:00+00:00
849d502e-8a6a-40ec-97de-08766c894f05,Auto shipment 6,68db2e0c-1613-41ae-a22c-4959cbb08fe6,2024-11-14T00:00:00+00:00,2024-11-18T13:14:00+00:00,396,shipped,CUST-7873,synthetic,2024-11-17T00:00:00+00:00
a3be4c90-9282-431d-a6f8-205ea84e4c5f,Auto shipment 7,1c21be0f-7a41-4fd2-98f6-829a3308a50a,2025-02-13T00:00:00+00:00,2025-02-14T00:55:00+00:00,450,shipped,CUST-1974,synthetic,2025-02-13T00:00:00+00:00
94397b73-4897-43b8-a839-51d318bf63fd,Auto shipment 8,1c21be0f-7a41-4fd2-98f6-829a3308a50a,2025-01-10T00:00:00+00:00,2025-01-11T18:17:00+00:00,266,shipped,CUST-6256,synthetic,2025-01-10T00:00:00+00:00
02e94aff-c24d-4eaa-989a-62ab9d0a346f,Auto shipment 9,1c21be0f-7a41-4fd2-98f6-829a3308a50a,2025-07-22T00:00:00+00:00,2025-07-25T01:34:00+00:00,130,shipped,CUST-1348,synthetic,2025-07-24T00:00:00+00:00
e6b5b207-a538-4025-a99d-4663ebbefe9e,Auto shipment 10,68db2e0c-1613-41ae-a22c-4959cbb08fe6,2025-05-19T00:00:00+00:00,2025-05-19T20:53:00+00:00,200,shipped,CUST-8142,synthetic,2025-05-18T00:00:00+00:00
b1c0e74a-bcf9-4453-852d-d3e84c3cae90,Auto shipment 11,78b74b5c-e459-4f23-b196-79e2b104375d,2024-11-07T00:00:00+00:00,2024-11-11T16:58:00+00:00,192,shipped,CUST-9538,synthetic,2024-11-10T00:00:00+00:00
277518d7-af20-4a0d-a4d1-afc60872d321,Auto shipment 12,1c21be0f-7a41-4fd2-98f6-829a3308a50a,2024-12-04T00:00:00+00:00,2024-12-05T03:41:00+00:00,269,shipped,CUST-1622,synthetic,2024-12-04T00:00:00+00:00
46e02f5f-62f7-440d-9f80-302fb9af38d1,Auto shipment 13,68db2e0c-1613-41ae-a22c-4959cbb08fe6,2025-06-15T00:00:00+00:00,2025-06-15T22:57:00+00:00,244,shipped,CUST-3318,synthetic,2025-06-14T00:00:00+00:00
876c44c9-3a4a-4368-ba02-039d2a04d11e,Auto shipment 14,1c21be0f-7a41-4fd2-98f6-829a3308a50a,2025-01-07T00:00:00+00:00,2025-01-07T04:40:00+00:00,236,shipped,CUST-5854,synthetic,2025-01-06T00:00:00+00:00
6d503612-02b4-4766-8329-05e07ca82a12,Auto shipment 15,68db2e0c-1613-41ae-a22c-4959cbb08fe6,2025-08-30T00:00:00+00:00,2025-09-03T08:49:00+00:00,373,shipped,CUST-7951,synthetic,2025-09-02T00:00:00+00:00
a8f7ae54-2883-4971-a39a-c56b0a53a9d8,Auto shipment 16,1c21be0f-7a41-4fd2-98f6-829a3308a50a,2025-07-16T00:00:00+00:00,2025-07-20T00:14:00+00:00,180,shipped,CUST-3361,synthetic,2025-07-19T00:00:00+00:00
50213d2c-4396-44ed-be09-56bf70a4a521,Auto shipment 17,78b74b5c-e459-4f23-b196-79e2b104375d,2025-07-02T00:00:00+00:00,2025-07-06T02:48:00+00:00,332,shipped,CUST-3658,synthetic,2025-07-05T00:00:00+00:00
466eac42-41cb-48f2-b4c4-9cce35f4345f,Auto shipment 18,78b74b5c-e459-4f23-b196-79e2b104375d,2025-01-30T00:00:00+00:00,2025-01-31T19:40:00+00:00,418,shipped,CUST-4568,synthetic,2025-01-30T00:00:00+00:00
bb16c7b1-8b88-496b-b55c-1c307ac845d9,Auto shipment 19,68db2e0c-1613-41ae-a22c-4959cbb08fe6,2025-07-25T00:00:00+00:00,2025-07-25T13:58:00+00:00,172,shipped,CUST-1837,synthetic,2025-07-24T00:00:00+00:00
a4ed7fb9-bcfd-43a4-99d9-0e2e7f5bdef3,Auto shipment 20,1c21be0f-7a41-4fd2-98f6-829a3308a50a,2024-12-27T00:00:00+00:00,2024-12-29T02:46:00+00:00,133,shipped,CUST-1929,synthetic,2024-12-28T00:00:00+00:00
4c3d045c-7f91-4b25-8077-d2c5861afb1a,Auto shipment 21,1c21be0f-7a41-4fd2-98f6-829a3308a50a,2025-03-08T00:00:00+00:00,2025-03-10T16:47:00+00:00,411,shipped,CUST-2654,synthetic,2025-03-09T00:00:00+00:00
3828881b-59c8-4561-a54b-e044a1b80cec,Auto shipment 22,68db2e0c-1613-41ae-a22c-4959cbb08fe6,2025-01-27T00:00:00+00:00,2025-01-29T00:29:00+00:00,240,shipped,CUST-9471,synthetic,2025-01-28T00:00:00+00:00
93acb2fa-e97f-4332-9929-1c35788b3fc3,Auto shipment 23,78b74b5c-e459-4f23-b196-79e2b104375d,2025-05-31T00:00:00+00:00,2025-06-03T20:54:00+00:00,437,shipped,CUST-7000,synthetic,2025-06-02T00:00:00+00:00
0826d880-e6dd-4126-a68b-23bd79760ae6,Auto shipment 24,68db2e0c-1613-41ae-a22c-4959cbb08fe6,2025-08-09T00:00:00+00:00,2025-08-09T01:23:00+00:00,323,shipped,CUST-7968,synthetic,2025-08-08T00:00:00+00:00
c4aff0ce-255c-46c7-96af-660f57176c44,Auto shipment 25,78b74b5c-e459-4f23-b196-79e2b104375d,2025-04-05T00:00:00+00:00,2025-04-08T04:08:00+00:00,131,shipped,CUST-7583,synthetic,2025-04-07T00:00:00+00:00
0db575e3-cf76-4537-af08-428493305ef2,Auto shipment 26,1c21be0f-7a41-4fd2-98f6-829a3308a50a,2025-10-28T00:00:00+00:00,2025-10-28T10:53:00+00:00,220,shipped,CUST-1427,synthetic,2025-10-27T00:00:00+00:00
ab1b6f5a-815c-4071-9158-aeb4516244a7,Auto shipment 27,1c21be0f-7a41-4fd2-98f6-829a3308a50a,2024-12-12T00:00:00+00:00,2024-12-15T00:16:00+00:00,244,shipped,CUST-7491,synthetic,2024-12-14T00:00:00+00:00
27a24e9c-c4e1-4098-b550-e652b70f623f,Auto shipment 28,78b74b5c-e459-4f23-b196-79e2b104375d,2024-12-05T00:00:00+00:00,2024-12-09T16:08:00+00:00,204,shipped,CUST-8775,synthetic,2024-12-08T00:00:00+00:00
3be32e44-17dc-4d54-9fe0-13cf69aec38f,Auto shipment 29,68db2e0c-1613-41ae-a22c-4959cbb08fe6,2025-03-16T00:00:00+00:00,2025-03-19T00:48:00+00:00,122,shipped,CUST-3525,synthetic,2025-03-18T00:00:00+00:00
00eb484b-ae46-4d30-a686-b6987d447838,Auto shipment 30,78b74b5c-e459-4f23-b196-79e2b104375d,2025-02-27T00:00:00+00:00,2025-02-27T02:52:00+00:00,193,shipped,CUST-6005,synthetic,2025-02-26T00:00:00+00:00
ecfb6e17-b067-4442-8afb-fa3622fc5026,Auto shipment 31,68db2e0c-1613-41ae-a22c-4959cbb08fe6,2025-01-14T00:00:00+00:00,2025-01-18T14:01:00+00:00,159,shipped,CUST-6655,synthetic,2025-01-17T00:00:00+00:00
62a87ec4-d24b-4c98-a686-69ca21dd7051,Auto shipment 32,1c21be0f-7a41-4fd2-98f6-829a3308a50a,2024-12-03T00:00:00+00:00,2024-12-03T16:51:00+00:00,140,shipped,CUST-1915,synthetic,2024-12-02T00:00:00+00:00
9e82a3e7-ef61-45ce-ba50-738c1ee97ed7,Auto shipment 33,78b74b5c-e459-4f23-b196-79e2b104375d,2025-05-10T00:00:00+00:00,2025-05-12T15:48:00+00:00,130,shipped,CUST-8158,synthetic,2025-05-11T00:00:00+00:00
30313a83-6ed4-4866-a39a-c0b0c5ca2aa4,Auto shipment 34,78b74b5c-e459-4f23-b196-79e2b104375d,2025-04-10T00:00:00+00:00,2025-04-13T00:38:00+00:00,298,shipped,CUST-9237,synthetic,2025-04-12T00:00:00+00:00
3234afcd-8713-47fb-a899-6c14f56b5a28,Auto shipment 35,78b74b5c-e459-4f23-b196-79e2b104375d,2025-06-03T00:00:00+00:00,2025-06-03T12:53:00+00:00,219,shipped,CUST-9860,synthetic,2025-06-02T00:00:00+00:00
9ff237a9-8927-43d7-9f47-0ed41def26cb,Auto shipment 36,68db2e0c-1613-41ae-a22c-4959cbb08fe6,2025-06-02T00:00:00+00:00,2025-06-03T10:20:00+00:00,147,shipped,CUST-7346,synthetic,2025-06-02T00:00:00+00:00
68bed963-1193-4ec1-a210-f593ade04b9a,Auto shipment 37,78b74b5c-e459-4f23-b196-79e2b104375d,2025-05-08T00:00:00+00:00,2025-05-10T18:36:00+00:00,247,shipped,CUST-7131,synthetic,2025-05-09T00:00:00+00:00
a4364d97-0073-4c22-aa8b-8e562a3e7899,Auto shipment 38,1c21be0f-7a41-4fd2-98f6-829a3308a50a,2025-10-11T00:00:00+00:00,2025-10-13T14:25:00+00:00,269,shipped,CUST-5628,synthetic,2025-10-12T00:00:00+00:00
b90fcf2b-c25b-49f7-870e-ea24ae0b4008,Auto shipment 39,1c21be0f-7a41-4fd2-98f6-829a3308a50a,2025-06-22T00:00:00+00:00,2025-06-22T20:54:00+00:00,346,shipped,CUST-6422,synthetic,2025-06-21T00:00:00+00:00
4baee0c9-a954-4927-a2f2-3776fdbdfa20,Auto shipment 40,68db2e0c-1613-41ae-a22c-4959cbb08fe6,2025-06-04T00:00:00+00:00,2025-06-08T08:49:00+00:00,407,shipped,CUST-6496,synthetic,2025-06-07T00:00:00+00:00
a88a4a1b-50b7-422c-a0b7-a6081ac67bd5,Auto shipment 41,68db2e0c-1613-41ae-a22c-4959cbb08fe6,2025-02-09T00:00:00+00:00,2025-02-11T16:56:00+00:00,319,shipped,CUST-8161,synthetic,2025-02-10T00:00:00+00:00
d84e3a5d-366c-4306-a86e-7e7aa7e51f44,Auto shipment 42,78b74b5c-e459-4f23-b196-79e2b104375d,2025-06-24T00:00:00+00:00,2025-06-27T21:15:00+00:00,385,shipped,CUST-8182,synthetic,2025-06-26T00:00:00+00:00
f6064188-63f6-4460-9d21-b0c8a066bc2e,Auto shipment 43,78b74b5c-e459-4f23-b196-79e2b104375d,2025-10-13T00:00:00+00:00,2025-10-15T05:30:00+00:00,376,shipped,CUST-2281,synthetic,2025-10-14T00:00:00+00:00
6b487267-3775-4199-b100-56359fdf0de4,Auto shipment 44,78b74b5c-e459-4f23-b196-79e2b104375d,2025-02-13T00:00:00+00:00,2025-02-17T07:19:00+00:00,286,shipped,CUST-1813,synthetic,2025-02-16T00:00:00+00:00
20682fdd-5473-4e90-8bbd-ffe389740667,Auto shipment 45,68db2e0c-1613-41ae-a22c-4959cbb08fe6,2025-10-13T00:00:00+00:00,2025-10-15T00:25:00+00:00,218,shipped,CUST-6085,synthetic,2025-10-14T00:00:00+00:00
7c8e8400-f0b7-47e2-ad9e-7060ad4e08d3,Auto shipment 46,68db2e0c-1613-41ae-a22c-4959cbb08fe6,2025-07-27T00:00:00+00:00,2025-07-29T21:10:00+00:00,200,shipped,CUST-7020,synthetic,2025-07-28T00:00:00+00:00
8d083b16-facc-4b2d-9ea5-a6eccbb3ee53,Auto shipment 47,68db2e0c-1613-41ae-a22c-4959cbb08fe6,2025-08-03T00:00:00+00:00,2025-08-03T07:27:00+00:00,336,shipped,CUST-5860,synthetic,2025-08-02T00:00:00+00:00
3db30428-c644-46fd-b9ea-570bea1e405e,Auto shipment 48,68db2e0c-1613-41ae-a22c-4959cbb08fe6,2025-01-21T00:00:00+00:00,2025-01-24T12:37:00+00:00,328,shipped,CUST-3521,synthetic,2025-01-23T00:00:00+00:00
cc424ee2-1b61-4510-bc7f-8ccc6288a440,Auto shipment 49,1c21be0f-7a41-4fd2-98f6-829a3308a50a,2025-06-05T00:00:00+00:00,2025-06-05T04:04:00+00:00,235,shipped,CUST-7110,synthetic,2025-06-04T00:00:00+00:00
d71ee721-00e9-4f51-a005-35cf2778d38a,Auto shipment 50,1c21be0f-7a41-4fd2-98f6-829a3308a50a,2025-04-26T00:00:00+00:00,2025-04-28T21:54:00+00:00,279,shipped,CUST-3510,synthetic,2025-04-27T00:00:00+00:00
89847952-abff-4a6e-a075-109969bb27a8,Auto shipment 51,68db2e0c-1613-41ae-a22c-4959cbb08fe6,2024-11-09T00:00:00+00:00,2024-11-11T14:26:00+00:00,469,shipped,CUST-9411,synthetic,2024-11-10T00:00:00+00:00
9796271a-7da5-4a6c-b2aa-ddb191ce1fc2,Auto shipment 52,1c21be0f-7a41-4fd2-98f6-829a3308a50a,2025-01-01T00:00:00+00:00,2025-01-05T16:08:00+00:00,304,shipped,CUST-6237,synthetic,2025-01-04T00:00:00+00:00
14a719ee-3eac-406c-a872-d381cd8add10,Auto shipment 53,68db2e0c-1613-41ae-a22c-4959cbb08fe6,2025-09-23T00:00:00+00:00,2025-09-26T20:33:00+00:00,499,shipped,CUST-1986,synthetic,2025-09-25T00:00:00+00:00
213e2067-ebec-400f-8374-144208579949,Auto shipment 54,1c21be0f-7a41-4fd2-98f6-829a3308a50a,2025-04-06T00:00:00+00:00,2025-04-10T17:54:00+00:00,227,shipped,CUST-8654,synthetic,2025-04-09T00:00:00+00:00
50946fb0-8fd7-47b9-a3f4-a4e2544b0870,Auto shipment 55,1c21be0f-7a41-4fd2-98f6-829a3308a50a,2025-05-27T00:00:00+00:00,2025-05-31T13:29:00+00:00,131,shipped,CUST-3730,synthetic,2025-05-30T00:00:00+00:00
719eb12d-a8d0-4447-bc8a-9df8e37d7123,Auto shipment 56,68db2e0c-1613-41ae-a22c-4959cbb08fe6,2025-10-28T00:00:00+00:00,2025-11-01T09:12:00+00:00,459,shipped,CUST-2636,synthetic,2025-10-31T00:00:00+00:00
13010d9a-ec98-4b4b-8839-782b3a7b321c,Auto shipment 57,68db2e0c-1613-41ae-a22c-4959cbb08fe6,2025-07-05T00:00:00+00:00,2025-07-08T03:02:00+00:00,263,shipped,CUST-2002,synthetic,2025-07-07T00:00:00+00:00
0079f5db-07b6-4f08-b2bc-f4893060101e,Auto shipment 58,68db2e0c-1613-41ae-a22c-4959cbb08fe6,2025-05-24T00:00:00+00:00,2025-05-27T06:57:00+00:00,403,shipped,CUST-6511,synthetic,2025-05-26T00:00:00+00:00
e2e2bf58-4030-40f8-863a-d8d569138b1d,Auto shipment 59,1c21be0f-7a41-4fd2-98f6-829a3308a50a,2025-05-04T00:00:00+00:00,2025-05-08T00:44:00+00:00,416,shipped,CUST-3467,synthetic,2025-05-07T00:00:00+00:00
2309fad7-1fe7-4917-a1d6-b2f2530546c2,Auto shipment 60,78b74b5c-e459-4f23-b196-79e2b104375d,2025-06-28T00:00:00+00:00,2025-06-29T09:31:00+00:00,322,shipped,CUST-3200,synthetic,2025-06-28T00:00:00+00:00
5832d7c4-971b-4309-9c7d-0a138dea606b,Auto shipment 61,1c21be0f-7a41-4fd2-98f6-829a3308a50a,2025-05-02T00:00:00+00:00,2025-05-02T07:50:00+00:00,313,shipped,CUST-2944,synthetic,2025-05-01T00:00:00+00:00
df029937-7b0f-493a-8c13-53292fa9f8d6,Auto shipment 62,1c21be0f-7a41-4fd2-98f6-829a3308a50a,2025-01-17T00:00:00+00:00,2025-01-18T21:14:00+00:00,289,shipped,CUST-1927,synthetic,2025-01-17T00:00:00+00:00
730d522c-b2d8-420e-b732-d66b129d32ff,Auto shipment 63,1c21be0f-7a41-4fd2-98f6-829a3308a50a,2025-09-24T00:00:00+00:00,2025-09-28T17:07:00+00:00,189,shipped,CUST-3166,synthetic,2025-09-27T00:00:00+00:00
eb17f1be-fe2c-4f3c-915a-cf15e0ca316b,Auto shipment 64,78b74b5c-e459-4f23-b196-79e2b104375d,2025-05-11T00:00:00+00:00,2025-05-13T22:36:00+00:00,287,shipped,CUST-3009,synthetic,2025-05-12T00:00:00+00:00
1ccd3cfa-bbcb-49ba-ac54-a06b3fd3a3c0,Auto shipment 65,78b74b5c-e459-4f23-b196-79e2b104375d,2025-06-23T00:00:00+00:00,2025-06-25T07:06:00+00:00,179,shipped,CUST-4884,synthetic,2025-06-24T00:00:00+00:00
480b1630-9adf-413a-9b7c-de0a6e717fe7,Auto shipment 66,68db2e0c-1613-41ae-a22c-4959cbb08fe6,2025-02-24T00:00:00+00:00,2025-02-28T22:28:00+00:00,307,shipped,CUST-9454,synthetic,2025-02-27T00:00:00+00:00
1b4443c0-498a-4159-a217-63caf985abaa,Auto shipment 67,68db2e0c-1613-41ae-a22c-4959cbb08fe6,2025-10-24T00:00:00+00:00,2025-10-27T20:18:00+00:00,348,shipped,CUST-4642,synthetic,2025-10-26T00:00:00+00:00
c7f4e421-5da5-421d-b9cb-b2ff32d24410,Auto shipment 68,68db2e0c-1613-41ae-a22c-4959cbb08fe6,2025-05-05T00:00:00+00:00,2025-05-07T21:38:00+00:00,342,shipped,CUST-8876,synthetic,2025-05-06T00:00:00+00:00
a6895681-4116-4aa9-b53d-e2ad351aafc3,Auto shipment 69,78b74b5c-e459-4f23-b196-79e2b104375d,2025-04-18T00:00:00+00:00,2025-04-18T07:34:00+00:00,202,shipped,CUST-7891,synthetic,2025-04-17T00:00:00+00:00
36cabf3b-a815-4d61-b58e-61da359f9913,Auto shipment 70,1c21be0f-7a41-4fd2-98f6-829a3308a50a,2025-08-23T00:00:00+00:00,2025-08-23T19:01:00+00:00,304,shipped,CUST-3840,synthetic,2025-08-22T00:00:00+00:00
ef598bed-44b8-4f8f-a90c-c373e294dfef,Auto shipment 71,78b74b5c-e459-4f23-b196-79e2b104375d,2025-10-21T00:00:00+00:00,2025-10-22T18:38:00+00:00,137,shipped,CUST-9349,synthetic,2025-10-21T00:00:00+00:00
7422c5d5-63b8-4c95-983e-1d6745d8fec7,Auto shipment 72,68db2e0c-1613-41ae-a22c-4959cbb08fe6,2025-07-01T00:00:00+00:00,2025-07-03T04:07:00+00:00,358,shipped,CUST-1571,synthetic,2025-07-02T00:00:00+00:00
49db9630-4bea-4e05-9642-449a8f612588,Auto shipment 73,1c21be0f-7a41-4fd2-98f6-829a3308a50a,2024-12-30T00:00:00+00:00,2025-01-02T13:37:00+00:00,194,shipped,CUST-4992,synthetic,2025-01-01T00:00:00+00:00
a34184dc-f717-4cc3-93cd-0b7fce8e39ff,Auto shipment 74,1c21be0f-7a41-4fd2-98f6-829a3308a50a,2025-03-10T00:00:00+00:00,2025-03-11T15:17:00+00:00,213,shipped,CUST-2343,synthetic,2025-03-10T00:00:00+00:00
e14e1d9a-b71a-493a-9eb3-79313541969c,Auto shipment 75,78b74b5c-e459-4f23-b196-79e2b104375d,2025-10-10T00:00:00+00:00,2025-10-10T09:10:00+00:00,299,shipped,CUST-6169,synthetic,2025-10-09T00:00:00+00:00
704e54f7-393a-4f4b-87b1-ea56c6bc6e3c,Auto shipment 76,68db2e0c-1613-41ae-a22c-4959cbb08fe6,2025-01-11T00:00:00+00:00,2025-01-15T20:07:00+00:00,391,shipped,CUST-5003,synthetic,2025-01-14T00:00:00+00:00
3652daf4-e525-4c29-b9d3-2d35fa029c1e,Auto shipment 77,1c21be0f-7a41-4fd2-98f6-829a3308a50a,2025-09-06T00:00:00+00:00,2025-09-07T22:07:00+00:00,507,shipped,CUST-1884,synthetic,2025-09-06T00:00:00+00:00
cdf84107-f8b3-4a64-a74c-ea585d4c9a0a,Auto shipment 78,1c21be0f-7a41-4fd2-98f6-829a3308a50a,2025-03-30T00:00:00+00:00,2025-04-03T09:47:00+00:00,430,shipped,CUST-6446,synthetic,2025-04-02T00:00:00+00:00
b369d908-e998-4dfb-8a99-fb35f55bf497,Auto shipment 79,78b74b5c-e459-4f23-b196-79e2b104375d,2025-07-11T00:00:00+00:00,2025-07-13T07:21:00+00:00,306,shipped,CUST-8435,synthetic,2025-07-12T00:00:00+00:00
2c2893ef-9e29-466c-8e09-fcf3064d50ef,Auto shipment 80,1c21be0f-7a41-4fd2-98f6-829a3308a50a,2025-06-12T00:00:00+00:00,2025-06-15T18:52:00+00:00,371,shipped,CUST-7993,synthetic,2025-06-14T00:00:00+00:00
04803cd7-e325-4bc7-b0dc-76c0e0cb47af,Auto shipment 81,1c21be0f-7a41-4fd2-98f6-829a3308a50a,2024-11-23T00:00:00+00:00,2024-11-25T08:31:00+00:00,478,shipped,CUST-9549,synthetic,2024-11-24T00:00:00+00:00
c2ba9499-b593-43cb-838a-26211b670a60,Auto shipment 82,78b74b5c-e459-4f23-b196-79e2b104375d,2025-01-31T00:00:00+00:00,2025-01-31T06:34:00+00:00,177,shipped,CUST-2228,synthetic,2025-01-30T00:00:00+00:00
09bb94f4-788c-4982-9bd5-a882bf2f59e6,Auto shipment 83,1c21be0f-7a41-4fd2-98f6-829a3308a50a,2024-12-08T00:00:00+00:00,2024-12-10T08:28:00+00:00,170,shipped,CUST-3350,synthetic,2024-12-09T00:00:00+00:00
1d490c0b-d5b0-4bbd-b9a4-b1490d3f9fc5,Auto shipment 84,78b74b5c-e459-4f23-b196-79e2b104375d,2025-07-04T00:00:00+00:00,2025-07-05T17:43:00+00:00,348,shipped,CUST-3936,synthetic,2025-07-04T00:00:00+00:00
bd971cab-5387-481c-9196-91830a0b53ad,Auto shipment 85,1c21be0f-7a41-4fd2-98f6-829a3308a50a,2025-03-26T00:00:00+00:00,2025-03-29T13:53:00+00:00,167,shipped,CUST-3228,synthetic,2025-03-28T00:00:00+00:00
96a45816-9aca-4519-9035-ac583a6c228f,Auto shipment 86,68db2e0c-1613-41ae-a22c-4959cbb08fe6,2025-01-21T00:00:00+00:00,2025-01-23T09:18:00+00:00,222,shipped,CUST-4212,synthetic,2025-01-22T00:00:00+00:00
33b71f52-2e04-4c59-aba8-d8d98b911022,Auto shipment 87,78b74b5c-e459-4f23-b196-79e2b104375d,2025-10-03T00:00:00+00:00,2025-10-07T22:37:00+00:00,120,shipped,CUST-2184,synthetic,2025-10-06T00:00:00+00:00
36473a07-b0ef-4b3d-bc10-5a51ec900990,Auto shipment 88,68db2e0c-1613-41ae-a22c-4959cbb08fe6,2025-03-25T00:00:00+00:00,2025-03-28T19:16:00+00:00,327,shipped,CUST-1989,synthetic,2025-03-27T00:00:00+00:00
a7963d8d-3c53-4ff2-9055-b3f5dcb0d0d7,Auto shipment 89,1c21be0f-7a41-4fd2-98f6-829a3308a50a,2025-07-25T00:00:00+00:00,2025-07-25T20:21:00+00:00,214,shipped,CUST-6926,synthetic,2025-07-24T00:00:00+00:00
6ef02f6b-592c-41f0-b7d0-bb8746d94e80,Auto shipment 90,78b74b5c-e459-4f23-b196-79e2b104375d,2024-12-25T00:00:00+00:00,2024-12-29T09:34:00+00:00,215,shipped,CUST-4974,synthetic,2024-12-28T00:00:00+00:00
7e26d8c4-7028-44ef-bf12-14e1eccfdb6b,Auto shipment 91,78b74b5c-e459-4f23-b196-79e2b104375d,2025-04-05T00:00:00+00:00,2025-04-05T13:45:00+00:00,309,shipped,CUST-9924,synthetic,2025-04-04T00:00:00+00:00
a6443f96-fe29-4042-a2bb-9e84b1bddb0f,Auto shipment 92,1c21be0f-7a41-4fd2-98f6-829a3308a50a,2025-01-09T00:00:00+00:00,2025-01-11T02:55:00+00:00,140,shipped,CUST-6283,synthetic,2025-01-10T00:00:00+00:00
844a38e6-aa6d-4b94-af7f-c1355fd142a1,Auto shipment 93,68db2e0c-1613-41ae-a22c-4959cbb08fe6,2025-04-22T00:00:00+00:00,2025-04-24T08:06:00+00:00,311,shipped,CUST-2063,synthetic,2025-04-23T00:00:00+00:00
ac84ef11-a4be-4078-8278-465ee9539cc5,Auto shipment 94,78b74b5c-e459-4f23-b196-79e2b104375d,2024-12-24T00:00:00+00:00,2024-12-25T09:10:00+00:00,433,shipped,CUST-8663,synthetic,2024-12-24T00:00:00+00:00
4842433f-becb-4f76-9fff-8364f06d5946,Auto shipment 95,78b74b5c-e459-4f23-b196-79e2b104375d,2025-03-13T00:00:00+00:00,2025-03-15T02:29:00+00:00,244,shipped,CUST-7495,synthetic,2025-03-14T00:00:00+00:00
b41e4f4f-a5d3-4820-afcc-995540bc979d,Auto shipment 96,1c21be0f-7a41-4fd2-98f6-829a3308a50a,2025-10-06T00:00:00+00:00,2025-10-08T10:49:00+00:00,179,shipped,CUST-1733,synthetic,2025-10-07T00:00:00+00:00
d53995a7-ffb0-4ea1-b988-d20567318c48,Auto shipment 97,68db2e0c-1613-41ae-a22c-4959cbb08fe6,2025-05-27T00:00:00+00:00,2025-05-31T03:28:00+00:00,224,shipped,CUST-4664,synthetic,2025-05-30T00:00:00+00:00
000f7659-3b32-4af7-b299-7eebed14439f,Auto shipment 98,78b74b5c-e459-4f23-b196-79e2b104375d,2025-09-29T00:00:00+00:00,2025-10-02T16:30:00+00:00,110,shipped,CUST-9914,synthetic,2025-10-01T00:00:00+00:00
441e6ba6-da69-41f7-82f2-2ce2dd811494,Auto shipment 99,68db2e0c-1613-41ae-a22c-4959cbb08fe6,2025-05-14T00:00:00+00:00,2025-05-17T00:28:00+00:00,324,shipped,CUST-6836,synthetic,2025-05-16T00:00:00+00:00
003cbcbd-933a-4262-8e9c-94980f16d156,Auto shipment 100,68db2e0c-1613-41ae-a22c-4959cbb08fe6,2025-10-28T00:00:00+00:00,2025-10-31T05:24:00+00:00,473,shipped,CUST-7506,synthetic,2025-10-30T00:00:00+00:00
980cfe0e-cfaf-47f5-b16e-1336d44685ac,Auto shipment 101,1c21be0f-7a41-4fd2-98f6-829a3308a50a,2024-12-02T00:00:00+00:00,2024-12-06T22:34:00+00:00,196,shipped,CUST-1049,synthetic,2024-12-05T00:00:00+00:00
6a4bfe3b-a43e-41db-a2d1-cf15d0121d35,Auto shipment 102,78b74b5c-e459-4f23-b196-79e2b104375d,2024-12-27T00:00:00+00:00,2024-12-31T13:18:00+00:00,314,shipped,CUST-4659,synthetic,2024-12-30T00:00:00+00:00
5279ca17-140e-4a95-9890-c2f674ea3e12,Auto shipment 103,78b74b5c-e459-4f23-b196-79e2b104375d,2025-06-28T00:00:00+00:00,2025-07-02T13:09:00+00:00,242,shipped,CUST-4036,synthetic,2025-07-01T00:00:00+00:00
2dec7b47-117a-4005-8fbc-1dba9e7e9450,Auto shipment 104,68db2e0c-1613-41ae-a22c-4959cbb08fe6,2025-08-07T00:00:00+00:00,2025-08-08T19:50:00+00:00,242,shipped,CUST-9589,synthetic,2025-08-07T00:00:00+00:00
daaede94-1ebe-4f04-8838-2b133e509c62,Auto shipment 105,78b74b5c-e459-4f23-b196-79e2b104375d,2025-06-15T00:00:00+00:00,2025-06-19T09:36:00+00:00,143,shipped,CUST-5893,synthetic,2025-06-18T00:00:00+00:00
05d7a0a5-d1bc-4ae4-ab76-964c3f2ce5ef,Auto shipment 106,78b74b5c-e459-4f23-b196-79e2b104375d,2025-11-01T00:00:00+00:00,2025-11-05T06:05:00+00:00,337,shipped,CUST-2998,synthetic,2025-11-04T00:00:00+00:00
6c29e108-47bb-499c-832f-1d2ec5aa2381,Auto shipment 107,1c21be0f-7a41-4fd2-98f6-829a3308a50a,2025-10-06T00:00:00+00:00,2025-10-07T14:12:00+00:00,368,shipped,CUST-5106,synthetic,2025-10-06T00:00:00+00:00
0f5ac5df-207d-4340-9bd6-d01f90b98057,Auto shipment 108,78b74b5c-e459-4f23-b196-79e2b104375d,2025-08-20T00:00:00+00:00,2025-08-22T21:53:00+00:00,292,shipped,CUST-9328,synthetic,2025-08-21T00:00:00+00:00
39b255f3-7c04-453f-9303-daefd959c5b0,Auto shipment 109,68db2e0c-1613-41ae-a22c-4959cbb08fe6,2024-12-16T00:00:00+00:00,2024-12-18T04:07:00+00:00,322,shipped,CUST-3544,synthetic,2024-12-17T00:00:00+00:00
21160953-6101-43db-b0cf-7c1d1c5770fa,Auto shipment 110,68db2e0c-1613-41ae-a22c-4959cbb08fe6,2025-08-24T00:00:00+00:00,2025-08-25T06:49:00+00:00,311,shipped,CUST-1175,synthetic,2025-08-24T00:00:00+00:00
57a46612-f6ac-4208-b9ba-4ef834b416d2,Auto shipment 111,1c21be0f-7a41-4fd2-98f6-829a3308a50a,2025-05-13T00:00:00+00:00,2025-05-14T18:06:00+00:00,154,shipped,CUST-2163,synthetic,2025-05-13T00:00:00+00:00
8a0a9e41-649f-4c9c-89a0-2650d4bc39c6,Auto shipment 112,68db2e0c-1613-41ae-a22c-4959cbb08fe6,2025-10-19T00:00:00+00:00,2025-10-22T01:12:00+00:00,104,shipped,CUST-4233,synthetic,2025-10-21T00:00:00+00:00
e1754f5e-17bc-4ba7-8035-c0cd284eb610,Auto shipment 113,68db2e0c-1613-41ae-a22c-4959cbb08fe6,2025-06-18T00:00:00+00:00,2025-06-22T20:39:00+00:00,334,shipped,CUST-3693,synthetic,2025-06-21T00:00:00+00:00
cdc2a71b-467a-459c-8993-af1e3197d418,Auto shipment 114,78b74b5c-e459-4f23-b196-79e2b104375d,2025-07-20T00:00:00+00:00,2025-07-23T18:49:00+00:00,241,shipped,CUST-3001,synthetic,2025-07-22T00:00:00+00:00
f32fa248-7494-463a-8e27-034919fcff51,Auto shipment 115,68db2e0c-1613-41ae-a22c-4959cbb08fe6,2024-12-19T00:00:00+00:00,2024-12-20T13:56:00+00:00,110,shipped,CUST-2440,synthetic,2024-12-19T00:00:00+00:00
3e237ce3-fa7c-4519-ab53-22e17847c6b7,Auto shipment 116,1c21be0f-7a41-4fd2-98f6-829a3308a50a,2025-04-01T00:00:00+00:00,2025-04-04T19:56:00+00:00,434,shipped,CUST-4538,synthetic,2025-04-03T00:00:00+00:00
ff7aefe1-7e29-4a97-817b-99b6eaed5c73,Auto shipment 117,78b74b5c-e459-4f23-b196-79e2b104375d,2025-01-17T00:00:00+00:00,2025-01-20T18:51:00+00:00,333,shipped,CUST-4187,synthetic,2025-01-19T00:00:00+00:00
308d01b7-1c23-4db5-bd31-7f9c90b4ae31,Auto shipment 118,78b74b5c-e459-4f23-b196-79e2b104375d,2025-04-27T00:00:00+00:00,2025-04-28T00:53:00+00:00,396,shipped,CUST-2658,synthetic,2025-04-27T00:00:00+00:00
55adf761-f799-46c2-a287-e95f00d6d5e5,Auto shipment 119,78b74b5c-e459-4f23-b196-79e2b104375d,2025-01-07T00:00:00+00:00,2025-01-10T08:04:00+00:00,175,shipped,CUST-7190,synthetic,2025-01-09T00:00:00+00:00
a5f4deb3-8138-458a-990f-486081c57b8a,Auto shipment 120,78b74b5c-e459-4f23-b196-79e2b104375d,2025-09-30T00:00:00+00:00,2025-10-04T19:30:00+00:00,205,shipped,CUST-9624,synthetic,2025-10-03T00:00:00+00:00
fad06f81-af8d-413d-bf4f-fe49f6914ca3,Auto shipment 121,68db2e0c-1613-41ae-a22c-4959cbb08fe6,2025-10-21T00:00:00+00:00,2025-10-21T09:25:00+00:00,364,shipped,CUST-3204,synthetic,2025-10-20T00:00:00+00:00
2b4cacfe-b8a9-4f32-88d1-f0b4b6fddd73,Auto shipment 122,78b74b5c-e459-4f23-b196-79e2b104375d,2025-11-04T00:00:00+00:00,2025-11-06T01:00:00+00:00,260,shipped,CUST-8729,synthetic,2025-11-05T00:00:00+00:00
9103a7c6-d2a3-49e5-b94b-4bf363f681a6,Auto shipment 123,1c21be0f-7a41-4fd2-98f6-829a3308a50a,2025-02-18T00:00:00+00:00,2025-02-21T07:44:00+00:00,375,shipped,CUST-6442,synthetic,2025-02-20T00:00:00+00:00
0a849d85-4b84-4b85-9803-f4c73b18358b,Auto shipment 124,78b74b5c-e459-4f23-b196-79e2b104375d,2025-06-10T00:00:00+00:00,2025-06-14T06:58:00+00:00,363,shipped,CUST-4335,synthetic,2025-06-13T00:00:00+00:00
19f18567-7688-49ac-a6e4-f9a0be8f975e,Auto shipment 125,78b74b5c-e459-4f23-b196-79e2b104375d,2025-05-05T00:00:00+00:00,2025-05-06T03:18:00+00:00,383,shipped,CUST-9772,synthetic,2025-05-05T00:00:00+00:00
6e8abec3-854f-4f9d-8b2d-10d0756c1945,Auto shipment 126,1c21be0f-7a41-4fd2-98f6-829a3308a50a,2024-12-19T00:00:00+00:00,2024-12-19T09:24:00+00:00,244,shipped,CUST-7600,synthetic,2024-12-18T00:00:00+00:00
b1925e47-a3cf-48f8-99e5-4d5a4dbebb78,Auto shipment 127,1c21be0f-7a41-4fd2-98f6-829a3308a50a,2025-04-13T00:00:00+00:00,2025-04-15T13:04:00+00:00,161,shipped,CUST-7021,synthetic,2025-04-14T00:00:00+00:00
ff440c8e-4e41-4b0f-8edc-b7a31bae8ac0,Auto shipment 128,78b74b5c-e459-4f23-b196-79e2b104375d,2025-09-18T00:00:00+00:00,2025-09-18T07:03:00+00:00,202,shipped,CUST-1841,synthetic,2025-09-17T00:00:00+00:00
e38c00c7-45aa-4d0d-abce-d28a7fbc691d,Auto shipment 129,1c21be0f-7a41-4fd2-98f6-829a3308a50a,2025-01-19T00:00:00+00:00,2025-01-21T01:18:00+00:00,216,shipped,CUST-9568,synthetic,2025-01-20T00:00:00+00:00
d2595dfc-b717-4fba-9991-5449c7798789,Auto shipment 130,1c21be0f-7a41-4fd2-98f6-829a3308a50a,2025-05-21T00:00:00+00:00,2025-05-21T03:08:00+00:00,105,shipped,CUST-9228,synthetic,2025-05-20T00:00:00+00:00
16512638-17f3-4146-9062-92d7bcc51e63,Auto shipment 131,1c21be0f-7a41-4fd2-98f6-829a3308a50a,2025-06-22T00:00:00+00:00,2025-06-23T08:43:00+00:00,339,shipped,CUST-9707,synthetic,2025-06-22T00:00:00+00:00
7a64022e-92ec-45d4-8fee-5e72d87ca177,Auto shipment 132,1c21be0f-7a41-4fd2-98f6-829a3308a50a,2025-04-03T00:00:00+00:00,2025-04-05T21:12:00+00:00,394,shipped,CUST-5720,synthetic,2025-04-04T00:00:00+00:00
74bd7d68-1dec-4bab-beb2-71fb16d798e7,Auto shipment 133,68db2e0c-1613-41ae-a22c-4959cbb08fe6,2025-05-25T00:00:00+00:00,2025-05-25T00:07:00+00:00,226,shipped,CUST-3560,synthetic,2025-05-24T00:00:00+00:00
cc7d97ca-6196-48a1-93ca-1f7c8f44bf04,Auto shipment 134,1c21be0f-7a41-4fd2-98f6-829a3308a50a,2025-03-09T00:00:00+00:00,2025-03-09T00:39:00+00:00,144,shipped,CUST-1317,synthetic,2025-03-08T00:00:00+00:00
d68e886c-5f9e-4783-b832-3c85e9c34072,Auto shipment 135,1c21be0f-7a41-4fd2-98f6-829a3308a50a,2025-08-28T00:00:00+00:00,2025-08-29T11:49:00+00:00,240,shipped,CUST-7550,synthetic,2025-08-28T00:00:00+00:00
e3401eb3-ee86-4be8-a2ad-ed96fd55e4fa,Auto shipment 136,68db2e0c-1613-41ae-a22c-4959cbb08fe6,2024-12-13T00:00:00+00:00,2024-12-17T06:08:00+00:00,392,shipped,CUST-6989,synthetic,2024-12-16T00:00:00+00:00
34056e01-9afe-4814-81d5-7ab6dbe72a67,Auto shipment 137,78b74b5c-e459-4f23-b196-79e2b104375d,2025-03-31T00:00:00+00:00,2025-04-01T01:33:00+00:00,208,shipped,CUST-6832,synthetic,2025-03-31T00:00:00+00:00
6cdf5105-cb07-4e59-a133-dc2b8df15dd1,Auto shipment 138,68db2e0c-1613-41ae-a22c-4959cbb08fe6,2025-08-18T00:00:00+00:00,2025-08-19T00:47:00+00:00,501,shipped,CUST-3738,synthetic,2025-08-18T00:00:00+00:00
27c21f1f-cebf-4c92-89e6-ec90934f5161,Auto shipment 139,68db2e0c-1613-41ae-a22c-4959cbb08fe6,2025-07-10T00:00:00+00:00,2025-07-13T14:33:00+00:00,300,shipped,CUST-1021,synthetic,2025-07-12T00:00:00+00:00
175cd95a-313e-49b7-96cf-7d31fbe1c4a7,Auto shipment 140,68db2e0c-1613-41ae-a22c-4959cbb08fe6,2025-03-30T00:00:00+00:00,2025-04-02T16:51:00+00:00,224,shipped,CUST-8344,synthetic,2025-04-01T00:00:00+00:00
1a1efbcf-25e9-46da-8658-cc4b20680fb9,Auto shipment 141,78b74b5c-e459-4f23-b196-79e2b104375d,2025-07-10T00:00:00+00:00,2025-07-10T15:11:00+00:00,303,shipped,CUST-7671,synthetic,2025-07-09T00:00:00+00:00
486ab53c-d756-4040-ae8a-6ef32c72cc88,Auto shipment 142,68db2e0c-1613-41ae-a22c-4959cbb08fe6,2025-07-05T00:00:00+00:00,2025-07-05T02:02:00+00:00,90,shipped,CUST-7606,synthetic,2025-07-04T00:00:00+00:00
6b18bd09-486b-4f3f-aaae-c76c204cae13,Auto shipment 143,78b74b5c-e459-4f23-b196-79e2b104375d,2025-05-19T00:00:00+00:00,2025-05-19T22:43:00+00:00,137,shipped,CUST-5229,synthetic,2025-05-18T00:00:00+00:00
66d5e0b9-1c48-4145-97c1-218afe31f021,Auto shipment 144,68db2e0c-1613-41ae-a22c-4959cbb08fe6,2025-05-07T00:00:00+00:00,2025-05-09T17:19:00+00:00,278,shipped,CUST-1325,synthetic,2025-05-08T00:00:00+00:00
4a4e4d4d-835a-4a4f-b0b0-7f4f87c2f757,Auto shipment 145,78b74b5c-e459-4f23-b196-79e2b104375d,2025-08-21T00:00:00+00:00,2025-08-22T08:54:00+00:00,278,shipped,CUST-1593,synthetic,2025-08-21T00:00:00+00:00
874722d6-cdc9-4327-ab61-4c5400230985,Auto shipment 146,68db2e0c-1613-41ae-a22c-4959cbb08fe6,2024-12-05T00:00:00+00:00,2024-12-09T09:06:00+00:00,371,shipped,CUST-8794,synthetic,2024-12-08T00:00:00+00:00
b07aac3c-a8c2-49e0-a740-319b6d7e3ed8,Auto shipment 147,78b74b5c-e459-4f23-b196-79e2b104375d,2025-02-19T00:00:00+00:00,2025-02-19T10:01:00+00:00,306,shipped,CUST-6675,synthetic,2025-02-18T00:00:00+00:00
6e9e2b58-0037-45c7-b4cd-1d10069a975d,Auto shipment 148,1c21be0f-7a41-4fd2-98f6-829a3308a50a,2025-08-02T00:00:00+00:00,2025-08-05T12:25:00+00:00,139,shipped,CUST-9781,synthetic,2025-08-04T00:00:00+00:00
63ba9019-c495-4b99-88f7-8f7a83dbecc9,Auto shipment 149,1c21be0f-7a41-4fd2-98f6-829a3308a50a,2025-07-26T00:00:00+00:00,2025-07-27T06:08:00+00:00,416,shipped,CUST-5883,synthetic,2025-07-26T00:00:00+00:00
6ddf5171-4faf-4602-a770-74aa7ebd5afc,Auto shipment 150,68db2e0c-1613-41ae-a22c-4959cbb08fe6,2024-12-06T00:00:00+00:00,2024-12-06T13:14:00+00:00,91,shipped,CUST-4925,synthetic,2024-12-05T00:00:00+00:00
c0782c0e-8d5d-4f40-bd87-474234275538,Auto shipment 151,68db2e0c-1613-41ae-a22c-4959cbb08fe6,2025-10-31T00:00:00+00:00,2025-11-04T21:16:00+00:00,253,shipped,CUST-4979,synthetic,2025-11-03T00:00:00+00:00
e8ff9bd1-12ca-4dca-9faa-829b86f50aa2,Auto shipment 152,68db2e0c-1613-41ae-a22c-4959cbb08fe6,2025-06-26T00:00:00+00:00,2025-06-30T11:12:00+00:00,167,shipped,CUST-5362,synthetic,2025-06-29T00:00:00+00:00
8567ad4f-a5ee-4a39-96bd-cea290be117b,Auto shipment 153,78b74b5c-e459-4f23-b196-79e2b104375d,2025-08-21T00:00:00+00:00,2025-08-24T22:40:00+00:00,365,shipped,CUST-3082,synthetic,2025-08-23T00:00:00+00:00
515798b2-39b0-48db-9887-fef589b52f19,Auto shipment 154,68db2e0c-1613-41ae-a22c-4959cbb08fe6,2025-04-14T00:00:00+00:00,2025-04-14T03:18:00+00:00,186,shipped,CUST-2982,synthetic,2025-04-13T00:00:00+00:00
c68f06ac-caf7-4cf5-a5a2-137d29fba9ee,Auto shipment 155,68db2e0c-1613-41ae-a22c-4959cbb08fe6,2025-05-13T00:00:00+00:00,2025-05-15T08:07:00+00:00,429,shipped,CUST-6185,synthetic,2025-05-14T00:00:00+00:00
6ce80d78-e1ff-44a0-b428-dcceba4a6a39,Auto shipment 156,78b74b5c-e459-4f23-b196-79e2b104375d,2025-04-22T00:00:00+00:00,2025-04-22T08:27:00+00:00,432,shipped,CUST-1417,synthetic,2025-04-21T00:00:00+00:00
a30f6495-ce24-4b7b-8b7f-31f0ddf83546,Auto shipment 157,1c21be0f-7a41-4fd2-98f6-829a3308a50a,2025-07-19T00:00:00+00:00,2025-07-20T21:05:00+00:00,197,shipped,CUST-3029,synthetic,2025-07-19T00:00:00+00:00
31337a82-9be8-4d64-93a5-255a7706658b,Auto shipment 158,78b74b5c-e459-4f23-b196-79e2b104375d,2025-01-30T00:00:00+00:00,2025-02-01T18:18:00+00:00,292,shipped,CUST-6156,synthetic,2025-01-31T00:00:00+00:00
4a54e7e2-e1bc-4216-be6a-4c55f9e1a2a5,Auto shipment 159,1c21be0f-7a41-4fd2-98f6-829a3308a50a,2025-03-11T00:00:00+00:00,2025-03-13T07:23:00+00:00,327,shipped,CUST-3625,synthetic,2025-03-12T00:00:00+00:00
9fefef23-aa1a-4f59-bd1e-d18e84e7660e,Auto shipment 160,68db2e0c-1613-41ae-a22c-4959cbb08fe6,2025-05-10T00:00:00+00:00,2025-05-11T14:21:00+00:00,139,shipped,CUST-6927,synthetic,2025-05-10T00:00:00+00:00
28c693ff-a463-4027-80e2-31ae991b1f17,Auto shipment 161,1c21be0f-7a41-4fd2-98f6-829a3308a50a,2025-05-18T00:00:00+00:00,2025-05-20T20:25:00+00:00,255,shipped,CUST-3801,synthetic,2025-05-19T00:00:00+00:00
fdd0008b-3a5e-486d-9a9f-fd8957abe1cc,Auto shipment 162,68db2e0c-1613-41ae-a22c-4959cbb08fe6,2025-04-15T00:00:00+00:00,2025-04-18T21:07:00+00:00,217,shipped,CUST-5883,synthetic,2025-04-17T00:00:00+00:00
48c497b1-fe42-4169-8787-d6c1f926b8e6,Auto shipment 163,1c21be0f-7a41-4fd2-98f6-829a3308a50a,2025-03-18T00:00:00+00:00,2025-03-18T07:17:00+00:00,160,shipped,CUST-5388,synthetic,2025-03-17T00:00:00+00:00
5df8dc58-db34-402e-999b-a5925d0f607c,Auto shipment 164,68db2e0c-1613-41ae-a22c-4959cbb08fe6,2025-06-16T00:00:00+00:00,2025-06-20T04:16:00+00:00,189,shipped,CUST-1442,synthetic,2025-06-19T00:00:00+00:00
ceffef64-c81a-4fcb-9127-0f2535018384,Auto shipment 165,78b74b5c-e459-4f23-b196-79e2b104375d,2025-08-03T00:00:00+00:00,2025-08-06T01:25:00+00:00,166,shipped,CUST-1569,synthetic,2025-08-05T00:00:00+00:00
c6d1a7e1-8dd5-454b-9d9a-4d8a887432db,Auto shipment 166,68db2e0c-1613-41ae-a22c-4959cbb08fe6,2025-03-01T00:00:00+00:00,2025-03-01T20:14:00+00:00,278,shipped,CUST-4696,synthetic,2025-02-28T00:00:00+00:00
3ae8ce3c-7eed-42f5-8bba-7b707c1149de,Auto shipment 167,68db2e0c-1613-41ae-a22c-4959cbb08fe6,2025-05-12T00:00:00+00:00,2025-05-14T02:12:00+00:00,167,shipped,CUST-7328,synthetic,2025-05-13T00:00:00+00:00
f1f985d9-0b04-4edb-a94a-38bcd296c33f,Auto shipment 168,68db2e0c-1613-41ae-a22c-4959cbb08fe6,2025-07-27T00:00:00+00:00,2025-07-29T17:27:00+00:00,432,shipped,CUST-9780,synthetic,2025-07-28T00:00:00+00:00
66c2ad47-5766-4fe7-b503-b011103e89f2,Auto shipment 169,78b74b5c-e459-4f23-b196-79e2b104375d,2025-07-02T00:00:00+00:00,2025-07-04T06:44:00+00:00,442,shipped,CUST-5560,synthetic,2025-07-03T00:00:00+00:00
ae022c70-7fd5-4780-bc88-c82c822f7678,Auto shipment 170,1c21be0f-7a41-4fd2-98f6-829a3308a50a,2025-04-14T00:00:00+00:00,2025-04-17T04:52:00+00:00,201,shipped,CUST-9064,synthetic,2025-04-16T00:00:00+00:00
af54cbe4-a0bc-4445-93c0-b35fc32eaefb,Auto shipment 171,68db2e0c-1613-41ae-a22c-4959cbb08fe6,2025-05-27T00:00:00+00:00,2025-05-29T18:12:00+00:00,147,shipped,CUST-2464,synthetic,2025-05-28T00:00:00+00:00
75e3ecd6-1509-4389-9b96-34fcf071af9c,Auto shipment 172,68db2e0c-1613-41ae-a22c-4959cbb08fe6,2025-08-20T00:00:00+00:00,2025-08-20T11:23:00+00:00,296,shipped,CUST-9610,synthetic,2025-08-19T00:00:00+00:00
77ba3cdf-b33a-4a24-b1d7-c4b3a68d6081,Auto shipment 173,1c21be0f-7a41-4fd2-98f6-829a3308a50a,2025-06-18T00:00:00+00:00,2025-06-22T09:22:00+00:00,133,shipped,CUST-8219,synthetic,2025-06-21T00:00:00+00:00
c937276f-7c2f-4ea8-b41d-f61e9e0be7ef,Auto shipment 174,68db2e0c-1613-41ae-a22c-4959cbb08fe6,2025-08-16T00:00:00+00:00,2025-08-20T11:41:00+00:00,308,shipped,CUST-4965,synthetic,2025-08-19T00:00:00+00:00
19e61d47-6c80-4119-94ac-176da481f268,Auto shipment 175,1c21be0f-7a41-4fd2-98f6-829a3308a50a,2024-12-13T00:00:00+00:00,2024-12-15T09:39:00+00:00,239,shipped,CUST-5488,synthetic,2024-12-14T00:00:00+00:00
b8af6e75-7b35-44a7-9497-11580b348d04,Auto shipment 176,68db2e0c-1613-41ae-a22c-4959cbb08fe6,2025-10-01T00:00:00+00:00,2025-10-03T11:33:00+00:00,235,shipped,CUST-1317,synthetic,2025-10-02T00:00:00+00:00
ffb44404-12c7-48b4-ab5d-29fe36d5335f,Auto shipment 177,68db2e0c-1613-41ae-a22c-4959cbb08fe6,2024-11-20T00:00:00+00:00,2024-11-22T06:10:00+00:00,412,shipped,CUST-4805,synthetic,2024-11-21T00:00:00+00:00
f3addc12-f760-4fc7-bfd6-1824bdbd34ad,Auto shipment 178,1c21be0f-7a41-4fd2-98f6-829a3308a50a,2025-10-03T00:00:00+00:00,2025-10-06T16:22:00+00:00,416,shipped,CUST-1492,synthetic,2025-10-05T00:00:00+00:00
38394e85-598c-403a-a69e-e86edfd24e53,Auto shipment 179,78b74b5c-e459-4f23-b196-79e2b104375d,2025-10-16T00:00:00+00:00,2025-10-16T22:48:00+00:00,312,shipped,CUST-4839,synthetic,2025-10-15T00:00:00+00:00
96f30149-d909-4516-b3de-449a264dec09,Auto shipment 180,78b74b5c-e459-4f23-b196-79e2b104375d,2025-04-03T00:00:00+00:00,2025-04-05T13:25:00+00:00,381,shipped,CUST-3512,synthetic,2025-04-04T00:00:00+00:00
d9c307c5-1dc2-4968-afd3-97dad9761c85,Auto shipment 181,68db2e0c-1613-41ae-a22c-4959cbb08fe6,2025-05-28T00:00:00+00:00,2025-05-30T19:28:00+00:00,185,shipped,CUST-9680,synthetic,2025-05-29T00:00:00+00:00
b698f229-18fe-4ebf-9c2e-020a7336a724,Auto shipment 182,78b74b5c-e459-4f23-b196-79e2b104375d,2025-08-11T00:00:00+00:00,2025-08-11T15:58:00+00:00,297,shipped,CUST-7177,synthetic,2025-08-10T00:00:00+00:00
ba23dca6-f18e-41a3-8a51-f81050571880,Auto shipment 183,78b74b5c-e459-4f23-b196-79e2b104375d,2024-12-29T00:00:00+00:00,2024-12-31T15:30:00+00:00,353,shipped,CUST-2110,synthetic,2024-12-30T00:00:00+00:00
f0c040e5-b3e0-49a0-ad8a-db64b8b6cb66,Auto shipment 184,78b74b5c-e459-4f23-b196-79e2b104375d,2025-08-16T00:00:00+00:00,2025-08-19T07:21:00+00:00,249,shipped,CUST-1717,synthetic,2025-08-18T00:00:00+00:00
b83f7f19-ac33-40a6-b547-b8fa24b284bb,Auto shipment 185,68db2e0c-1613-41ae-a22c-4959cbb08fe6,2025-02-02T00:00:00+00:00,2025-02-05T04:40:00+00:00,433,shipped,CUST-5267,synthetic,2025-02-04T00:00:00+00:00
04bd2f25-68e8-4d84-9d29-e972fd5a240b,Auto shipment 186,1c21be0f-7a41-4fd2-98f6-829a3308a50a,2025-09-16T00:00:00+00:00,2025-09-19T03:11:00+00:00,115,shipped,CUST-4066,synthetic,2025-09-18T00:00:00+00:00
0fcffdb3-d719-4727-a4bb-868a0431080e,Auto shipment 187,78b74b5c-e459-4f23-b196-79e2b104375d,2024-11-22T00:00:00+00:00,2024-11-24T03:02:00+00:00,385,shipped,CUST-5162,synthetic,2024-11-23T00:00:00+00:00
84f6b5d9-a9a1-46ce-97b7-b74778df990e,Auto shipment 188,1c21be0f-7a41-4fd2-98f6-829a3308a50a,2025-10-15T00:00:00+00:00,2025-10-19T16:54:00+00:00,300,shipped,CUST-1950,synthetic,2025-10-18T00:00:00+00:00
2f1fb018-6844-468a-8e04-972ffc4bef9e,Auto shipment 189,68db2e0c-1613-41ae-a22c-4959cbb08fe6,2024-11-28T00:00:00+00:00,2024-11-29T00:44:00+00:00,511,shipped,CUST-2375,synthetic,2024-11-28T00:00:00+00:00
4e0f6eba-2209-4974-9b13-a037a7995acc,Auto shipment 190,68db2e0c-1613-41ae-a22c-4959cbb08fe6,2025-10-25T00:00:00+00:00,2025-10-26T16:54:00+00:00,293,shipped,CUST-6336,synthetic,2025-10-25T00:00:00+00:00
a6c7776a-4a82-4808-8455-2b1ebaa64ba6,Auto shipment 191,78b74b5c-e459-4f23-b196-79e2b104375d,2025-07-25T00:00:00+00:00,2025-07-28T02:09:00+00:00,419,shipped,CUST-8638,synthetic,2025-07-27T00:00:00+00:00
d17e84be-775e-4dfc-b29b-4992d2dd92ca,Auto shipment 192,78b74b5c-e459-4f23-b196-79e2b104375d,2025-04-23T00:00:00+00:00,2025-04-23T19:50:00+00:00,176,shipped,CUST-9660,synthetic,2025-04-22T00:00:00+00:00
25d5d4e9-f136-4e89-8718-54ee984b3cc5,Auto shipment 193,68db2e0c-1613-41ae-a22c-4959cbb08fe6,2025-06-18T00:00:00+00:00,2025-06-22T01:58:00+00:00,347,shipped,CUST-1857,synthetic,2025-06-21T00:00:00+00:00
bb9392c8-f916-450b-9f68-9091bc7a2d06,Auto shipment 194,68db2e0c-1613-41ae-a22c-4959cbb08fe6,2025-05-11T00:00:00+00:00,2025-05-13T07:51:00+00:00,299,shipped,CUST-6840,synthetic,2025-05-12T00:00:00+00:00
ae144caf-d4a7-406f-a555-7976788f044c,Auto shipment 195,68db2e0c-1613-41ae-a22c-4959cbb08fe6,2025-07-18T00:00:00+00:00,2025-07-21T06:51:00+00:00,430,shipped,CUST-5229,synthetic,2025-07-20T00:00:00+00:00
4f656539-2747-4d03-a195-4b530e45d9d2,Auto shipment 196,78b74b5c-e459-4f23-b196-79e2b104375d,2024-12-18T00:00:00+00:00,2024-12-19T18:07:00+00:00,225,shipped,CUST-1104,synthetic,2024-12-18T00:00:00+00:00
0b9d0ecf-4517-4cd8-bbe1-cb9d1cc1b5f8,Auto shipment 197,78b74b5c-e459-4f23-b196-79e2b104375d,2025-03-31T00:00:00+00:00,2025-04-02T17:31:00+00:00,153,shipped,CUST-7445,synthetic,2025-04-01T00:00:00+00:00
a5cb9c84-49a4-4817-8a8c-9e60b74eb33b,Auto shipment 198,1c21be0f-7a41-4fd2-98f6-829a3308a50a,2025-11-06T00:00:00+00:00,2025-11-07T19:44:00+00:00,316,shipped,CUST-6939,synthetic,2025-11-06T00:00:00+00:00
6063228d-43f1-434d-b999-b2bff158430d,Auto shipment 199,78b74b5c-e459-4f23-b196-79e2b104375d,2025-10-23T00:00:00+00:00,2025-10-24T01:44:00+00:00,277,shipped,CUST-9042,synthetic,2025-10-23T00:00:00+00:00
0178880d-e474-4a59-b987-9b36a8d61bc8,Auto shipment 200,78b74b5c-e459-4f23-b196-79e2b104375d,2025-10-28T00:00:00+00:00,2025-10-28T01:56:00+00:00,406,shipped,CUST-6840,synthetic,2025-10-27T00:00:00+00:00
38745a3c-4a5a-4d4c-b433-130da8160861,Auto shipment 201,68db2e0c-1613-41ae-a22c-4959cbb08fe6,2025-04-05T00:00:00+00:00,2025-04-08T17:52:00+00:00,157,shipped,CUST-2773,synthetic,2025-04-07T00:00:00+00:00
d9429481-e6bb-47e6-8201-bd07139e672c,Auto shipment 202,68db2e0c-1613-41ae-a22c-4959cbb08fe6,2025-08-29T00:00:00+00:00,2025-09-01T21:00:00+00:00,293,shipped,CUST-6679,synthetic,2025-08-31T00:00:00+00:00
e01c74f2-57c0-478a-a8c1-aa3e985445b5,Auto shipment 203,78b74b5c-e459-4f23-b196-79e2b104375d,2025-10-29T00:00:00+00:00,2025-10-29T17:26:00+00:00,292,shipped,CUST-7064,synthetic,2025-10-28T00:00:00+00:00
8df6e7aa-d43c-47c9-ba79-ea695180198d,Auto shipment 204,1c21be0f-7a41-4fd2-98f6-829a3308a50a,2025-08-13T00:00:00+00:00,2025-08-15T22:54:00+00:00,262,shipped,CUST-1362,synthetic,2025-08-14T00:00:00+00:00
1cf6d378-11f6-4c92-aa75-bc421861748a,Auto shipment 205,1c21be0f-7a41-4fd2-98f6-829a3308a50a,2024-12-14T00:00:00+00:00,2024-12-17T20:34:00+00:00,242,shipped,CUST-8200,synthetic,2024-12-16T00:00:00+00:00
ac04c377-9ea0-417e-b070-09e92901f5a3,Auto shipment 206,1c21be0f-7a41-4fd2-98f6-829a3308a50a,2025-03-22T00:00:00+00:00,2025-03-26T02:42:00+00:00,357,shipped,CUST-6327,synthetic,2025-03-25T00:00:00+00:00
c3a9c1f5-5281-4f28-a00c-c25e52f239a6,Auto shipment 207,68db2e0c-1613-41ae-a22c-4959cbb08fe6,2025-08-24T00:00:00+00:00,2025-08-27T03:05:00+00:00,371,shipped,CUST-8272,synthetic,2025-08-26T00:00:00+00:00
bbb28e59-aa97-4b8c-b6ae-4e99ea5d9d83,Auto shipment 208,1c21be0f-7a41-4fd2-98f6-829a3308a50a,2024-11-11T00:00:00+00:00,2024-11-14T15:42:00+00:00,443,shipped,CUST-2468,synthetic,2024-11-13T00:00:00+00:00
63d2c860-7aa5-4f8b-b4b9-4e268725710c,Auto shipment 209,68db2e0c-1613-41ae-a22c-4959cbb08fe6,2025-01-19T00:00:00+00:00,2025-01-23T17:33:00+00:00,285,shipped,CUST-6678,synthetic,2025-01-22T00:00:00+00:00
d3974375-6bcc-4c2b-9da8-311429eee86b,Auto shipment 210,1c21be0f-7a41-4fd2-98f6-829a3308a50a,2025-08-13T00:00:00+00:00,2025-08-14T02:20:00+00:00,138,shipped,CUST-6986,synthetic,2025-08-13T00:00:00+00:00
88cee25f-3e8e-4b7c-b201-8f609f11accf,Auto shipment 211,78b74b5c-e459-4f23-b196-79e2b104375d,2025-10-29T00:00:00+00:00,2025-11-02T07:57:00+00:00,477,shipped,CUST-1314,synthetic,2025-11-01T00:00:00+00:00
bd3c5e12-d01a-4e6a-a137-6037edbf4f7b,Auto shipment 212,1c21be0f-7a41-4fd2-98f6-829a3308a50a,2025-05-31T00:00:00+00:00,2025-06-04T09:48:00+00:00,490,shipped,CUST-7474,synthetic,2025-06-03T00:00:00+00:00
0e79fec0-0790-4178-8e0f-3423b2b6570d,Auto shipment 213,78b74b5c-e459-4f23-b196-79e2b104375d,2025-05-10T00:00:00+00:00,2025-05-11T22:55:00+00:00,137,shipped,CUST-6099,synthetic,2025-05-10T00:00:00+00:00
1c59ac07-54ea-4dbd-b53a-2b94c485ba50,Auto shipment 214,68db2e0c-1613-41ae-a22c-4959cbb08fe6,2025-01-07T00:00:00+00:00,2025-01-07T14:38:00+00:00,130,shipped,CUST-8940,synthetic,2025-01-06T00:00:00+00:00
6b28ec7b-a9cb-4f73-ac44-a392d03f3099,Auto shipment 215,78b74b5c-e459-4f23-b196-79e2b104375d,2025-07-24T00:00:00+00:00,2025-07-26T19:11:00+00:00,108,shipped,CUST-3498,synthetic,2025-07-25T00:00:00+00:00
2ce434e3-9cbb-4d0b-96a7-8cdf54f893d9,Auto shipment 216,78b74b5c-e459-4f23-b196-79e2b104375d,2025-10-11T00:00:00+00:00,2025-10-14T03:12:00+00:00,122,shipped,CUST-9407,synthetic,2025-10-13T00:00:00+00:00
27e9fdeb-67a9-4c8a-a438-a97999d63c3f,Auto shipment 217,1c21be0f-7a41-4fd2-98f6-829a3308a50a,2025-03-07T00:00:00+00:00,2025-03-08T07:25:00+00:00,403,shipped,CUST-7868,synthetic,2025-03-07T00:00:00+00:00
88ad261b-1aa1-454b-bad3-d7dc4a0820e9,Auto shipment 218,1c21be0f-7a41-4fd2-98f6-829a3308a50a,2025-03-31T00:00:00+00:00,2025-04-04T10:56:00+00:00,403,shipped,CUST-6447,synthetic,2025-04-03T00:00:00+00:00
680d5854-67b8-4d9b-a578-de53c2701fa8,Auto shipment 219,1c21be0f-7a41-4fd2-98f6-829a3308a50a,2025-03-20T00:00:00+00:00,2025-03-20T03:45:00+00:00,279,shipped,CUST-8761,synthetic,2025-03-19T00:00:00+00:00
3b48325e-fa9b-4318-ac6c-dfa1e1abfc20,Auto shipment 220,78b74b5c-e459-4f23-b196-79e2b104375d,2025-06-30T00:00:00+00:00,2025-06-30T12:44:00+00:00,234,shipped,CUST-2118,synthetic,2025-06-29T00:00:00+00:00
7f97e212-22b3-4461-8cae-bd667dfa9150,Auto shipment 221,1c21be0f-7a41-4fd2-98f6-829a3308a50a,2025-04-28T00:00:00+00:00,2025-04-28T21:00:00+00:00,378,shipped,CUST-2475,synthetic,2025-04-27T00:00:00+00:00
71704f99-2218-4e8a-8f09-df047bc6f5a2,Auto shipment 222,1c21be0f-7a41-4fd2-98f6-829a3308a50a,2025-10-12T00:00:00+00:00,2025-10-12T22:03:00+00:00,274,shipped,CUST-3059,synthetic,2025-10-11T00:00:00+00:00
dc366c54-8815-4de7-a2ef-837da9b59b9a,Auto shipment 223,78b74b5c-e459-4f23-b196-79e2b104375d,2025-05-14T00:00:00+00:00,2025-05-16T15:47:00+00:00,295,shipped,CUST-6901,synthetic,2025-05-15T00:00:00+00:00
4ab70214-5aaf-4140-b7eb-ae61464b2292,Auto shipment 224,78b74b5c-e459-4f23-b196-79e2b104375d,2025-07-31T00:00:00+00:00,2025-08-01T16:52:00+00:00,341,shipped,CUST-9002,synthetic,2025-07-31T00:00:00+00:00
bb18261f-4ee7-4445-8dad-ea25b6c18145,Auto shipment 225,68db2e0c-1613-41ae-a22c-4959cbb08fe6,2025-09-23T00:00:00+00:00,2025-09-27T09:53:00+00:00,135,shipped,CUST-3193,synthetic,2025-09-26T00:00:00+00:00
479de636-31f2-4aef-b860-c18303d28565,Auto shipment 226,78b74b5c-e459-4f23-b196-79e2b104375d,2025-06-03T00:00:00+00:00,2025-06-05T03:04:00+00:00,431,shipped,CUST-8164,synthetic,2025-06-04T00:00:00+00:00
c57f44ac-087c-4be6-9d38-ff6f7994525b,Auto shipment 227,68db2e0c-1613-41ae-a22c-4959cbb08fe6,2025-02-09T00:00:00+00:00,2025-02-13T20:05:00+00:00,480,shipped,CUST-1978,synthetic,2025-02-12T00:00:00+00:00
3be84af6-03af-43ec-bb78-c61bc9287051,Auto shipment 228,68db2e0c-1613-41ae-a22c-4959cbb08fe6,2025-07-17T00:00:00+00:00,2025-07-21T20:10:00+00:00,390,shipped,CUST-2167,synthetic,2025-07-20T00:00:00+00:00
2448186e-22ca-4518-8b28-11a90b18cde8,Auto shipment 229,78b74b5c-e459-4f23-b196-79e2b104375d,2025-05-12T00:00:00+00:00,2025-05-15T07:19:00+00:00,164,shipped,CUST-4536,synthetic,2025-05-14T00:00:00+00:00
6ab1753d-bd09-439b-ab46-9d4bef5bbf86,Auto shipment 230,68db2e0c-1613-41ae-a22c-4959cbb08fe6,2025-01-04T00:00:00+00:00,2025-01-04T14:54:00+00:00,203,shipped,CUST-3273,synthetic,2025-01-03T00:00:00+00:00
540efe50-785e-45f7-bc42-4911504ba38e,Auto shipment 231,78b74b5c-e459-4f23-b196-79e2b104375d,2025-06-22T00:00:00+00:00,2025-06-24T12:32:00+00:00,378,shipped,CUST-9014,synthetic,2025-06-23T00:00:00+00:00
6b095185-86f2-4f57-bce0-4bf3e6ee5eb4,Auto shipment 232,68db2e0c-1613-41ae-a22c-4959cbb08fe6,2025-10-05T00:00:00+00:00,2025-10-08T06:02:00+00:00,131,shipped,CUST-8614,synthetic,2025-10-07T00:00:00+00:00
de25470a-e102-415b-9aab-7a1081f8e313,Auto shipment 233,78b74b5c-e459-4f23-b196-79e2b104375d,2025-05-06T00:00:00+00:00,2025-05-08T11:35:00+00:00,383,shipped,CUST-3419,synthetic,2025-05-07T00:00:00+00:00
146e0716-1791-4472-8373-4eff5b45edd2,Auto shipment 234,68db2e0c-1613-41ae-a22c-4959cbb08fe6,2025-06-01T00:00:00+00:00,2025-06-03T07:00:00+00:00,331,shipped,CUST-9576,synthetic,2025-06-02T00:00:00+00:00
632c6ffb-c2db-4aa1-a8a5-a7309d2a63db,Auto shipment 235,78b74b5c-e459-4f23-b196-79e2b104375d,2025-10-29T00:00:00+00:00,2025-10-30T20:56:00+00:00,187,shipped,CUST-6395,synthetic,2025-10-29T00:00:00+00:00
2c319829-1385-4961-8929-f22fa0b464c9,Auto shipment 236,1c21be0f-7a41-4fd2-98f6-829a3308a50a,2025-06-29T00:00:00+00:00,2025-06-29T20:18:00+00:00,316,shipped,CUST-5031,synthetic,2025-06-28T00:00:00+00:00
62b4d01d-5997-469f-ba3a-99268754f2c0,Auto shipment 237,68db2e0c-1613-41ae-a22c-4959cbb08fe6,2025-07-01T00:00:00+00:00,2025-07-03T17:27:00+00:00,117,shipped,CUST-7472,synthetic,2025-07-02T00:00:00+00:00
ceb4a2ff-f7ca-42da-a940-0a2f07a18595,Auto shipment 238,78b74b5c-e459-4f23-b196-79e2b104375d,2025-07-05T00:00:00+00:00,2025-07-07T00:36:00+00:00,158,shipped,CUST-4426,synthetic,2025-07-06T00:00:00+00:00
126b35f0-4423-4972-8ce2-bb8e9c8fedb9,Auto shipment 239,68db2e0c-1613-41ae-a22c-4959cbb08fe6,2025-09-13T00:00:00+00:00,2025-09-15T13:12:00+00:00,360,shipped,CUST-7498,synthetic,2025-09-14T00:00:00+00:00
fe04117a-0257-471b-ac96-179e83a76e2d,Auto shipment 240,68db2e0c-1613-41ae-a22c-4959cbb08fe6,2025-08-18T00:00:00+00:00,2025-08-20T04:13:00+00:00,170,shipped,CUST-3824,synthetic,2025-08-19T00:00:00+00:00
dc5b2485-5869-423b-8617-3aa20db616bf,Auto shipment 241,78b74b5c-e459-4f23-b196-79e2b104375d,2024-11-12T00:00:00+00:00,2024-11-15T07:50:00+00:00,161,shipped,CUST-7973,synthetic,2024-11-14T00:00:00+00:00
d105c5d7-0712-4627-a8a2-ac83a81e0a98,Auto shipment 242,78b74b5c-e459-4f23-b196-79e2b104375d,2025-09-09T00:00:00+00:00,2025-09-13T12:16:00+00:00,273,shipped,CUST-6501,synthetic,2025-09-12T00:00:00+00:00
d6eea7c6-986b-473a-ad2d-75f46631fcb0,Auto shipment 243,68db2e0c-1613-41ae-a22c-4959cbb08fe6,2025-08-31T00:00:00+00:00,2025-09-01T11:54:00+00:00,263,shipped,CUST-9592,synthetic,2025-08-31T00:00:00+00:00
99410f39-fdc5-4d76-bef1-382756649d2b,Auto shipment 244,78b74b5c-e459-4f23-b196-79e2b104375d,2025-01-02T00:00:00+00:00,2025-01-03T22:22:00+00:00,324,shipped,CUST-6148,synthetic,2025-01-02T00:00:00+00:00
a78fdee0-0e1d-41ea-80a1-7019e002c9c1,Auto shipment 245,68db2e0c-1613-41ae-a22c-4959cbb08fe6,2025-03-17T00:00:00+00:00,2025-03-17T00:00:00+00:00,507,shipped,CUST-1845,synthetic,2025-03-16T00:00:00+00:00
ccc4de20-c3e5-4d86-84e1-b9c2e7650666,Auto shipment 246,68db2e0c-1613-41ae-a22c-4959cbb08fe6,2025-07-23T00:00:00+00:00,2025-07-25T20:14:00+00:00,430,shipped,CUST-9027,synthetic,2025-07-24T00:00:00+00:00
385907fc-db1a-4e3d-b94b-3b4065f4fc4e,Auto shipment 247,68db2e0c-1613-41ae-a22c-4959cbb08fe6,2025-07-09T00:00:00+00:00,2025-07-10T03:04:00+00:00,467,shipped,CUST-3422,synthetic,2025-07-09T00:00:00+00:00
97303af4-b18b-4cac-a4a7-811f7b8e74a5,Auto shipment 248,1c21be0f-7a41-4fd2-98f6-829a3308a50a,2025-09-10T00:00:00+00:00,2025-09-11T20:58:00+00:00,233,shipped,CUST-6860,synthetic,2025-09-10T00:00:00+00:00
a3903df6-6329-47be-ac33-05103a11e02c,Auto shipment 249,1c21be0f-7a41-4fd2-98f6-829a3308a50a,2025-10-08T00:00:00+00:00,2025-10-10T01:45:00+00:00,255,shipped,CUST-7533,synthetic,2025-10-09T00:00:00+00:00
309f82b8-e6b0-4447-afb3-831bea32d405,Auto shipment 250,78b74b5c-e459-4f23-b196-79e2b104375d,2025-01-24T00:00:00+00:00,2025-01-28T03:46:00+00:00,178,shipped,CUST-7671,synthetic,2025-01-27T00:00:00+00:00
56f735fa-0c40-472f-9118-5195a63b1848,Auto shipment 251,78b74b5c-e459-4f23-b196-79e2b104375d,2025-01-19T00:00:00+00:00,2025-01-23T18:46:00+00:00,420,shipped,CUST-1685,synthetic,2025-01-22T00:00:00+00:00
760ad81f-90a6-4f94-879f-b9d3f5cd9308,Auto shipment 252,68db2e0c-1613-41ae-a22c-4959cbb08fe6,2025-01-07T00:00:00+00:00,2025-01-10T04:58:00+00:00,460,shipped,CUST-4963,synthetic,2025-01-09T00:00:00+00:00
681ba977-859d-481c-a58f-e03e21d55000,Auto shipment 253,68db2e0c-1613-41ae-a22c-4959cbb08fe6,2024-12-18T00:00:00+00:00,2024-12-18T15:24:00+00:00,368,shipped,CUST-5229,synthetic,2024-12-17T00:00:00+00:00
c1e9c7f6-8a39-475c-a3e9-d4e614fb89bd,Auto shipment 254,1c21be0f-7a41-4fd2-98f6-829a3308a50a,2025-03-15T00:00:00+00:00,2025-03-16T17:02:00+00:00,182,shipped,CUST-8873,synthetic,2025-03-15T00:00:00+00:00
6320a3a2-fe4b-4dd7-a953-fc62acaf107e,Auto shipment 255,78b74b5c-e459-4f23-b196-79e2b104375d,2025-09-01T00:00:00+00:00,2025-09-03T16:22:00+00:00,451,shipped,CUST-3287,synthetic,2025-09-02T00:00:00+00:00
a7eecd3c-3fbb-4d6f-994e-211af49fe313,Auto shipment 256,1c21be0f-7a41-4fd2-98f6-829a3308a50a,2025-08-17T00:00:00+00:00,2025-08-17T04:09:00+00:00,256,shipped,CUST-5751,synthetic,2025-08-16T00:00:00+00:00
6ae007c1-4dea-47d5-992b-0431634f4501,Auto shipment 257,78b74b5c-e459-4f23-b196-79e2b104375d,2024-11-27T00:00:00+00:00,2024-11-30T05:00:00+00:00,227,shipped,CUST-7796,synthetic,2024-11-29T00:00:00+00:00
a97161ca-5a6f-4375-81f8-6703ab4f94df,Auto shipment 258,78b74b5c-e459-4f23-b196-79e2b104375d,2025-06-16T00:00:00+00:00,2025-06-17T22:33:00+00:00,278,shipped,CUST-5173,synthetic,2025-06-16T00:00:00+00:00
3c3f6bc7-0593-4e52-9179-fbc87653119b,Auto shipment 259,1c21be0f-7a41-4fd2-98f6-829a3308a50a,2025-07-04T00:00:00+00:00,2025-07-07T20:13:00+00:00,267,shipped,CUST-3341,synthetic,2025-07-06T00:00:00+00:00
2cf22d24-e643-4bbd-8abc-d968fdadab37,Auto shipment 260,78b74b5c-e459-4f23-b196-79e2b104375d,2024-12-22T00:00:00+00:00,2024-12-25T21:17:00+00:00,209,shipped,CUST-8334,synthetic,2024-12-24T00:00:00+00:00
dc6eb856-72b3-4a1d-82ed-286ceb4776bb,Auto shipment 261,78b74b5c-e459-4f23-b196-79e2b104375d,2025-10-09T00:00:00+00:00,2025-10-13T07:58:00+00:00,365,shipped,CUST-3478,synthetic,2025-10-12T00:00:00+00:00
ea6f8a5f-ac7d-45c6-b097-e7b2d6ac37de,Auto shipment 262,68db2e0c-1613-41ae-a22c-4959cbb08fe6,2025-02-10T00:00:00+00:00,2025-02-14T22:58:00+00:00,323,shipped,CUST-3409,synthetic,2025-02-13T00:00:00+00:00
af4f9bbb-6ff3-4ffc-b72e-1588cc232a48,Auto shipment 263,78b74b5c-e459-4f23-b196-79e2b104375d,2025-08-18T00:00:00+00:00,2025-08-20T07:36:00+00:00,396,shipped,CUST-4218,synthetic,2025-08-19T00:00:00+00:00
49e447cd-a435-4d64-a71f-f520c07f0550,Auto shipment 264,78b74b5c-e459-4f23-b196-79e2b104375d,2025-10-17T00:00:00+00:00,2025-10-21T17:29:00+00:00,318,shipped,CUST-1959,synthetic,2025-10-20T00:00:00+00:00
a5d41cc4-2968-4cac-988e-a7cee5bfb211,Auto shipment 265,78b74b5c-e459-4f23-b196-79e2b104375d,2025-05-26T00:00:00+00:00,2025-05-27T11:40:00+00:00,336,shipped,CUST-6787,synthetic,2025-05-26T00:00:00+00:00
403f6733-6efe-42a1-ada9-f86b8b5a3213,Auto shipment 266,68db2e0c-1613-41ae-a22c-4959cbb08fe6,2025-07-02T00:00:00+00:00,2025-07-02T04:24:00+00:00,231,shipped,CUST-8192,synthetic,2025-07-01T00:00:00+00:00
108f5005-b837-4cd2-a994-d9667657cfe3,Auto shipment 267,78b74b5c-e459-4f23-b196-79e2b104375d,2025-02-27T00:00:00+00:00,2025-02-28T19:44:00+00:00,396,shipped,CUST-6671,synthetic,2025-02-27T00:00:00+00:00
b48fd9b9-5a09-48a5-882c-6ca54cd54bd2,Auto shipment 268,78b74b5c-e459-4f23-b196-79e2b104375d,2024-11-13T00:00:00+00:00,2024-11-14T22:19:00+00:00,348,shipped,CUST-3988,synthetic,2024-11-13T00:00:00+00:00
2841bd6b-6959-41ca-8a22-c96a0c0358aa,Auto shipment 269,68db2e0c-1613-41ae-a22c-4959cbb08fe6,2025-08-28T00:00:00+00:00,2025-08-30T09:34:00+00:00,282,shipped,CUST-9709,synthetic,2025-08-29T00:00:00+00:00
3892fa7b-dab6-4019-92ba-ce21e3160238,Auto shipment 270,78b74b5c-e459-4f23-b196-79e2b104375d,2025-06-24T00:00:00+00:00,2025-06-28T07:35:00+00:00,149,shipped,CUST-7142,synthetic,2025-06-27T00:00:00+00:00
2394eb9d-4eef-4d92-bf0b-9ca071563190,Auto shipment 271,78b74b5c-e459-4f23-b196-79e2b104375d,2024-12-10T00:00:00+00:00,2024-12-11T14:38:00+00:00,183,shipped,CUST-6587,synthetic,2024-12-10T00:00:00+00:00
e93cad9b-5cc7-403f-93e6-3b50ec69f0c5,Auto shipment 272,68db2e0c-1613-41ae-a22c-4959cbb08fe6,2025-08-27T00:00:00+00:00,2025-08-29T12:48:00+00:00,252,shipped,CUST-3117,synthetic,2025-08-28T00:00:00+00:00
be08f784-04a4-4fcb-9c92-58a2614c968a,Auto shipment 273,78b74b5c-e459-4f23-b196-79e2b104375d,2025-07-05T00:00:00+00:00,2025-07-09T08:44:00+00:00,455,shipped,CUST-3043,synthetic,2025-07-08T00:00:00+00:00
5391c285-4609-4cc6-9bff-94022eeecdf5,Auto shipment 274,68db2e0c-1613-41ae-a22c-4959cbb08fe6,2025-07-22T00:00:00+00:00,2025-07-23T16:02:00+00:00,195,shipped,CUST-8751,synthetic,2025-07-22T00:00:00+00:00
917b0f2e-c2ad-4aed-b3b6-29ccd252772a,Auto shipment 275,1c21be0f-7a41-4fd2-98f6-829a3308a50a,2024-11-16T00:00:00+00:00,2024-11-20T04:10:00+00:00,411,shipped,CUST-6551,synthetic,2024-11-19T00:00:00+00:00
a93cdcc0-50d4-408f-b436-5c05ceb1c589,Auto shipment 276,68db2e0c-1613-41ae-a22c-4959cbb08fe6,2025-08-20T00:00:00+00:00,2025-08-22T11:43:00+00:00,264,shipped,CUST-6179,synthetic,2025-08-21T00:00:00+00:00
e2e94cac-c5d8-46dd-9d11-666aa335cf8c,Auto shipment 277,1c21be0f-7a41-4fd2-98f6-829a3308a50a,2025-09-10T00:00:00+00:00,2025-09-12T11:08:00+00:00,519,shipped,CUST-1998,synthetic,2025-09-11T00:00:00+00:00
6155672d-3dc4-42e8-bfaa-704924615820,Auto shipment 278,68db2e0c-1613-41ae-a22c-4959cbb08fe6,2025-03-09T00:00:00+00:00,2025-03-12T18:13:00+00:00,149,shipped,CUST-6889,synthetic,2025-03-11T00:00:00+00:00
fc68dd09-99c6-494c-8d38-e892338eff60,Auto shipment 279,1c21be0f-7a41-4fd2-98f6-829a3308a50a,2025-08-14T00:00:00+00:00,2025-08-15T07:18:00+00:00,426,shipped,CUST-5695,synthetic,2025-08-14T00:00:00+00:00
4e5bf597-51f4-4665-8516-b7554fdb91aa,Auto shipment 280,1c21be0f-7a41-4fd2-98f6-829a3308a50a,2025-10-07T00:00:00+00:00,2025-10-11T11:34:00+00:00,411,shipped,CUST-4409,synthetic,2025-10-10T00:00:00+00:00
73969d29-e609-4eb8-94e7-1570e305c222,Auto shipment 281,78b74b5c-e459-4f23-b196-79e2b104375d,2025-05-27T00:00:00+00:00,2025-05-29T02:51:00+00:00,310,shipped,CUST-3508,synthetic,2025-05-28T00:00:00+00:00
363c8a7d-4627-45d5-8b53-cdd44677229f,Auto shipment 282,68db2e0c-1613-41ae-a22c-4959cbb08fe6,2025-05-12T00:00:00+00:00,2025-05-16T20:33:00+00:00,297,shipped,CUST-1488,synthetic,2025-05-15T00:00:00+00:00
f419ce1f-fa77-4b68-88cc-29a1266a871d,Auto shipment 283,68db2e0c-1613-41ae-a22c-4959cbb08fe6,2024-12-19T00:00:00+00:00,2024-12-20T00:42:00+00:00,132,shipped,CUST-1136,synthetic,2024-12-19T00:00:00+00:00
ccf7b351-a29a-47f1-8ecd-1e81bd2433c0,Auto shipment 284,78b74b5c-e459-4f23-b196-79e2b104375d,2025-05-04T00:00:00+00:00,2025-05-08T02:40:00+00:00,109,shipped,CUST-8074,synthetic,2025-05-07T00:00:00+00:00
3b408fbd-5a6b-4cb1-8142-9eaf41046397,Auto shipment 285,68db2e0c-1613-41ae-a22c-4959cbb08fe6,2025-09-25T00:00:00+00:00,2025-09-29T08:10:00+00:00,226,shipped,CUST-3440,synthetic,2025-09-28T00:00:00+00:00
ceee4988-3e4c-4547-a9bf-a5db4468079d,Auto shipment 286,1c21be0f-7a41-4fd2-98f6-829a3308a50a,2025-05-25T00:00:00+00:00,2025-05-26T03:58:00+00:00,440,shipped,CUST-5421,synthetic,2025-05-25T00:00:00+00:00
d5becd8b-270f-40fd-aba7-cbbbe1f6ac5f,Auto shipment 287,68db2e0c-1613-41ae-a22c-4959cbb08fe6,2025-04-13T00:00:00+00:00,2025-04-16T13:47:00+00:00,423,shipped,CUST-7254,synthetic,2025-04-15T00:00:00+00:00
917a7d83-0a44-48b6-bdb9-ad2bfa5e3ff9,Auto shipment 288,1c21be0f-7a41-4fd2-98f6-829a3308a50a,2025-06-29T00:00:00+00:00,2025-07-02T21:41:00+00:00,190,shipped,CUST-7080,synthetic,2025-07-01T00:00:00+00:00
a1a9e100-df59-41e0-b636-97b27c36b230,Auto shipment 289,78b74b5c-e459-4f23-b196-79e2b104375d,2025-02-14T00:00:00+00:00,2025-02-15T04:13:00+00:00,404,shipped,CUST-4950,synthetic,2025-02-14T00:00:00+00:00
8884bb29-ac53-4e1a-a419-30c176e3c1c2,Auto shipment 290,78b74b5c-e459-4f23-b196-79e2b104375d,2025-04-26T00:00:00+00:00,2025-04-28T13:21:00+00:00,253,shipped,CUST-7505,synthetic,2025-04-27T00:00:00+00:00
5c0c3665-35b4-4017-b724-877b7713e0a3,Auto shipment 291,78b74b5c-e459-4f23-b196-79e2b104375d,2025-06-01T00:00:00+00:00,2025-06-02T12:23:00+00:00,297,shipped,CUST-4150,synthetic,2025-06-01T00:00:00+00:00
e57b1889-76bb-4f75-ba93-65b1eef07819,Auto shipment 292,1c21be0f-7a41-4fd2-98f6-829a3308a50a,2025-10-16T00:00:00+00:00,2025-10-17T20:31:00+00:00,409,shipped,CUST-4375,synthetic,2025-10-16T00:00:00+00:00
e0da1f41-ae9c-4d0a-b50d-18d2207c94a9,Auto shipment 293,68db2e0c-1613-41ae-a22c-4959cbb08fe6,2025-04-15T00:00:00+00:00,2025-04-15T01:45:00+00:00,399,shipped,CUST-7458,synthetic,2025-04-14T00:00:00+00:00
7e917331-5456-4ea8-a1f3-5dd4b3a3078c,Auto shipment 294,68db2e0c-1613-41ae-a22c-4959cbb08fe6,2024-11-12T00:00:00+00:00,2024-11-13T05:12:00+00:00,252,shipped,CUST-6450,synthetic,2024-11-12T00:00:00+00:00
92613945-0b66-41ab-98bd-5e8af321079b,Auto shipment 295,68db2e0c-1613-41ae-a22c-4959cbb08fe6,2025-03-21T00:00:00+00:00,2025-03-21T12:58:00+00:00,373,shipped,CUST-6647,synthetic,2025-03-20T00:00:00+00:00
019bd29f-8564-47d6-9fa0-50ce5ecd433b,Auto shipment 296,68db2e0c-1613-41ae-a22c-4959cbb08fe6,2024-12-23T00:00:00+00:00,2024-12-27T14:38:00+00:00,382,shipped,CUST-9989,synthetic,2024-12-26T00:00:00+00:00
d9c639e5-701d-4627-b0af-5f9568e4cb55,Auto shipment 297,78b74b5c-e459-4f23-b196-79e2b104375d,2025-01-11T00:00:00+00:00,2025-01-14T07:58:00+00:00,465,shipped,CUST-3525,synthetic,2025-01-13T00:00:00+00:00
e2a8c103-162d-4f1d-93a9-153567923872,Auto shipment 298,1c21be0f-7a41-4fd2-98f6-829a3308a50a,2025-03-16T00:00:00+00:00,2025-03-16T14:41:00+00:00,339,shipped,CUST-3406,synthetic,2025-03-15T00:00:00+00:00
16dcda19-b708-4e3a-8288-053142632d0e,Auto shipment 299,78b74b5c-e459-4f23-b196-79e2b104375d,2025-06-12T00:00:00+00:00,2025-06-12T12:48:00+00:00,317,shipped,CUST-8628,synthetic,2025-06-11T00:00:00+00:00
6efae4db-63ac-4ea9-a9c1-863037b5c2ed,Auto shipment 300,78b74b5c-e459-4f23-b196-79e2b104375d,2025-03-11T00:00:00+00:00,2025-03-11T09:54:00+00:00,131,shipped,CUST-8182,synthetic,2025-03-10T00:00:00+00:00
de535d03-62c6-452a-b107-5427b91210c5,Auto shipment 301,1c21be0f-7a41-4fd2-98f6-829a3308a50a,2025-03-29T00:00:00+00:00,2025-04-02T06:47:00+00:00,302,shipped,CUST-7388,synthetic,2025-04-01T00:00:00+00:00
2d404b17-f823-4468-bb1c-de99207dc01d,Auto shipment 302,68db2e0c-1613-41ae-a22c-4959cbb08fe6,2025-10-24T00:00:00+00:00,2025-10-27T22:00:00+00:00,283,shipped,CUST-5122,synthetic,2025-10-26T00:00:00+00:00
2ffaba54-4d86-46c1-8a3b-017f55c369e4,Auto shipment 303,68db2e0c-1613-41ae-a22c-4959cbb08fe6,2024-12-02T00:00:00+00:00,2024-12-04T07:29:00+00:00,202,shipped,CUST-2908,synthetic,2024-12-03T00:00:00+00:00
cfe06923-1b3c-4182-b7d6-656a96c48d39,Auto shipment 304,68db2e0c-1613-41ae-a22c-4959cbb08fe6,2025-01-31T00:00:00+00:00,2025-02-04T10:46:00+00:00,308,shipped,CUST-4324,synthetic,2025-02-03T00:00:00+00:00
a3f10863-41c1-4fc7-a777-243d9a77359e,Auto shipment 305,68db2e0c-1613-41ae-a22c-4959cbb08fe6,2024-12-03T00:00:00+00:00,2024-12-06T21:29:00+00:00,202,shipped,CUST-2371,synthetic,2024-12-05T00:00:00+00:00
ea02ccce-b270-4375-a87c-c3cfa19e8472,Auto shipment 306,78b74b5c-e459-4f23-b196-79e2b104375d,2025-08-15T00:00:00+00:00,2025-08-15T09:20:00+00:00,107,shipped,CUST-4662,synthetic,2025-08-14T00:00:00+00:00
d15115df-4fb0-4d6c-aee0-b11817e01985,Auto shipment 307,68db2e0c-1613-41ae-a22c-4959cbb08fe6,2025-07-08T00:00:00+00:00,2025-07-12T21:44:00+00:00,288,shipped,CUST-7958,synthetic,2025-07-11T00:00:00+00:00
6c63b254-2559-4e7a-83ab-ccf6acdbb22e,Auto shipment 308,78b74b5c-e459-4f23-b196-79e2b104375d,2025-03-18T00:00:00+00:00,2025-03-21T19:37:00+00:00,330,shipped,CUST-7862,synthetic,2025-03-20T00:00:00+00:00
3e4e90c9-4d0c-4fea-b8cc-8457a39207d5,Auto shipment 309,68db2e0c-1613-41ae-a22c-4959cbb08fe6,2024-12-05T00:00:00+00:00,2024-12-09T10:32:00+00:00,384,shipped,CUST-8787,synthetic,2024-12-08T00:00:00+00:00
84197d9c-6d3f-4cf9-a907-6368a8e0e21b,Auto shipment 310,68db2e0c-1613-41ae-a22c-4959cbb08fe6,2025-05-23T00:00:00+00:00,2025-05-25T12:13:00+00:00,192,shipped,CUST-1070,synthetic,2025-05-24T00:00:00+00:00
b091d96c-ede4-40fa-a829-24d6f0754934,Auto shipment 311,1c21be0f-7a41-4fd2-98f6-829a3308a50a,2025-02-18T00:00:00+00:00,2025-02-21T00:34:00+00:00,497,shipped,CUST-9712,synthetic,2025-02-20T00:00:00+00:00
5bb9570a-f498-4d31-bd3c-7502b1d20d76,Auto shipment 312,68db2e0c-1613-41ae-a22c-4959cbb08fe6,2025-05-30T00:00:00+00:00,2025-06-02T21:04:00+00:00,339,shipped,CUST-3584,synthetic,2025-06-01T00:00:00+00:00
d620fabc-2c1d-416a-ab72-6c090302f75b,Auto shipment 313,68db2e0c-1613-41ae-a22c-4959cbb08fe6,2025-06-16T00:00:00+00:00,2025-06-16T04:41:00+00:00,272,shipped,CUST-1383,synthetic,2025-06-15T00:00:00+00:00
ca96ad29-e912-429d-8d35-ff39a0e66478,Auto shipment 314,1c21be0f-7a41-4fd2-98f6-829a3308a50a,2025-06-14T00:00:00+00:00,2025-06-18T01:25:00+00:00,320,shipped,CUST-6344,synthetic,2025-06-17T00:00:00+00:00
fa493093-e011-423c-a712-8a1a45d51109,Auto shipment 315,68db2e0c-1613-41ae-a22c-4959cbb08fe6,2025-02-14T00:00:00+00:00,2025-02-15T15:21:00+00:00,161,shipped,CUST-8138,synthetic,2025-02-14T00:00:00+00:00
3edecdca-c346-434d-a03b-781a37ea9308,Auto shipment 316,78b74b5c-e459-4f23-b196-79e2b104375d,2024-12-03T00:00:00+00:00,2024-12-05T09:11:00+00:00,161,shipped,CUST-4095,synthetic,2024-12-04T00:00:00+00:00
fd987da5-c397-412f-9f7b-ea5c8655ac8a,Auto shipment 317,1c21be0f-7a41-4fd2-98f6-829a3308a50a,2025-04-21T00:00:00+00:00,2025-04-23T15:58:00+00:00,79,shipped,CUST-8166,synthetic,2025-04-22T00:00:00+00:00
15a0d450-a19b-4f4a-93d0-92b2df37d85a,Auto shipment 318,68db2e0c-1613-41ae-a22c-4959cbb08fe6,2025-07-06T00:00:00+00:00,2025-07-10T17:16:00+00:00,388,shipped,CUST-3846,synthetic,2025-07-09T00:00:00+00:00
67a03852-b853-4033-b872-213a18ab9cdb,Auto shipment 319,68db2e0c-1613-41ae-a22c-4959cbb08fe6,2025-06-04T00:00:00+00:00,2025-06-07T11:17:00+00:00,397,shipped,CUST-6836,synthetic,2025-06-06T00:00:00+00:00
323cf610-6c6e-4303-972e-7222a7e2f1bd,Auto shipment 320,1c21be0f-7a41-4fd2-98f6-829a3308a50a,2025-06-17T00:00:00+00:00,2025-06-20T18:13:00+00:00,223,shipped,CUST-1616,synthetic,2025-06-19T00:00:00+00:00
e38e2419-b5b8-4c2b-8efe-6d515a76b8d5,Auto shipment 321,78b74b5c-e459-4f23-b196-79e2b104375d,2025-05-12T00:00:00+00:00,2025-05-12T01:57:00+00:00,291,shipped,CUST-3518,synthetic,2025-05-11T00:00:00+00:00
4f66c0c0-8e5b-425b-aeee-9dbed3ebe314,Auto shipment 322,68db2e0c-1613-41ae-a22c-4959cbb08fe6,2025-03-16T00:00:00+00:00,2025-03-20T07:09:00+00:00,258,shipped,CUST-8618,synthetic,2025-03-19T00:00:00+00:00
815c9070-72ff-4f6c-a021-82b20fedd515,Auto shipment 323,78b74b5c-e459-4f23-b196-79e2b104375d,2025-06-26T00:00:00+00:00,2025-06-27T22:19:00+00:00,329,shipped,CUST-3504,synthetic,2025-06-26T00:00:00+00:00
bcec2d3c-7d5a-412f-ab11-5ef7c0dd8e15,Auto shipment 324,1c21be0f-7a41-4fd2-98f6-829a3308a50a,2025-08-29T00:00:00+00:00,2025-08-30T16:14:00+00:00,179,shipped,CUST-2260,synthetic,2025-08-29T00:00:00+00:00
9de0fd6b-6189-4fd1-ad54-b1e424d7c430,Auto shipment 325,68db2e0c-1613-41ae-a22c-4959cbb08fe6,2025-08-03T00:00:00+00:00,2025-08-06T20:52:00+00:00,183,shipped,CUST-9905,synthetic,2025-08-05T00:00:00+00:00
bf0d538e-1739-4633-8a65-3f226db9e169,Auto shipment 326,1c21be0f-7a41-4fd2-98f6-829a3308a50a,2025-11-07T00:00:00+00:00,2025-11-08T08:46:00+00:00,221,shipped,CUST-2079,synthetic,2025-11-07T00:00:00+00:00
6f77bcba-5ca9-41cf-ba76-210cb8e98295,Auto shipment 327,1c21be0f-7a41-4fd2-98f6-829a3308a50a,2024-11-18T00:00:00+00:00,2024-11-18T00:15:00+00:00,464,shipped,CUST-8354,synthetic,2024-11-17T00:00:00+00:00
016cf223-aa5d-4101-8222-6fb2a0068a3e,Auto shipment 328,1c21be0f-7a41-4fd2-98f6-829a3308a50a,2025-07-22T00:00:00+00:00,2025-07-23T12:49:00+00:00,440,shipped,CUST-7859,synthetic,2025-07-22T00:00:00+00:00
6b25094d-a0b9-4c12-b85e-76bd82133de3,Auto shipment 329,1c21be0f-7a41-4fd2-98f6-829a3308a50a,2024-11-24T00:00:00+00:00,2024-11-28T16:13:00+00:00,268,shipped,CUST-7334,synthetic,2024-11-27T00:00:00+00:00
8447ce12-45e0-4219-9dcf-32ac264ef4a4,Auto shipment 330,78b74b5c-e459-4f23-b196-79e2b104375d,2025-05-17T00:00:00+00:00,2025-05-21T09:06:00+00:00,328,shipped,CUST-8509,synthetic,2025-05-20T00:00:00+00:00
03cc068c-8547-49ed-86a3-6068d0dcb4ab,Auto shipment 331,68db2e0c-1613-41ae-a22c-4959cbb08fe6,2025-06-15T00:00:00+00:00,2025-06-16T02:33:00+00:00,158,shipped,CUST-1192,synthetic,2025-06-15T00:00:00+00:00
48641930-3462-43f4-ae52-6037ce22f300,Auto shipment 332,1c21be0f-7a41-4fd2-98f6-829a3308a50a,2024-12-06T00:00:00+00:00,2024-12-07T16:44:00+00:00,304,shipped,CUST-3044,synthetic,2024-12-06T00:00:00+00:00
18208f84-ba2a-4845-b17d-1f4b12fbccb9,Auto shipment 333,68db2e0c-1613-41ae-a22c-4959cbb08fe6,2025-10-25T00:00:00+00:00,2025-10-27T00:01:00+00:00,146,shipped,CUST-9214,synthetic,2025-10-26T00:00:00+00:00
515a5aa3-9dc1-4f4a-a241-bfc77609b3d3,Auto shipment 334,68db2e0c-1613-41ae-a22c-4959cbb08fe6,2024-11-12T00:00:00+00:00,2024-11-13T05:39:00+00:00,301,shipped,CUST-1378,synthetic,2024-11-12T00:00:00+00:00
963f43ed-70c1-45cc-b664-8446a62de677,Auto shipment 335,78b74b5c-e459-4f23-b196-79e2b104375d,2025-08-26T00:00:00+00:00,2025-08-29T14:35:00+00:00,331,shipped,CUST-4424,synthetic,2025-08-28T00:00:00+00:00
c2a09aef-c318-4dda-aceb-4db6cd984b2a,Auto shipment 336,68db2e0c-1613-41ae-a22c-4959cbb08fe6,2025-08-26T00:00:00+00:00,2025-08-30T06:47:00+00:00,335,shipped,CUST-3771,synthetic,2025-08-29T00:00:00+00:00
62e37b06-2dd6-40e0-8a4f-c28fc3b1e31f,Auto shipment 337,68db2e0c-1613-41ae-a22c-4959cbb08fe6,2024-12-18T00:00:00+00:00,2024-12-19T13:05:00+00:00,333,shipped,CUST-9984,synthetic,2024-12-18T00:00:00+00:00
b185701e-06cc-4954-b23e-4ee9277b3789,Auto shipment 338,1c21be0f-7a41-4fd2-98f6-829a3308a50a,2025-02-15T00:00:00+00:00,2025-02-18T20:10:00+00:00,162,shipped,CUST-4686,synthetic,2025-02-17T00:00:00+00:00
c5a6997c-1bb4-4345-9903-32f0a55efa3a,Auto shipment 339,78b74b5c-e459-4f23-b196-79e2b104375d,2025-06-07T00:00:00+00:00,2025-06-07T20:09:00+00:00,373,shipped,CUST-5554,synthetic,2025-06-06T00:00:00+00:00
67afe255-6e17-471d-9618-c5795d784ac5,Auto shipment 340,1c21be0f-7a41-4fd2-98f6-829a3308a50a,2025-02-09T00:00:00+00:00,2025-02-12T19:28:00+00:00,215,shipped,CUST-9225,synthetic,2025-02-11T00:00:00+00:00
5a881d58-0afd-45e1-9f59-57d6431ab051,Auto shipment 341,1c21be0f-7a41-4fd2-98f6-829a3308a50a,2024-11-17T00:00:00+00:00,2024-11-21T16:01:00+00:00,153,shipped,CUST-2892,synthetic,2024-11-20T00:00:00+00:00
69ce6edb-18e1-443b-ba7e-465452b9588a,Auto shipment 342,78b74b5c-e459-4f23-b196-79e2b104375d,2025-02-12T00:00:00+00:00,2025-02-14T01:29:00+00:00,384,shipped,CUST-4139,synthetic,2025-02-13T00:00:00+00:00
6d255d8c-723e-4d0f-8d72-5de0203ad6ec,Auto shipment 343,78b74b5c-e459-4f23-b196-79e2b104375d,2025-10-01T00:00:00+00:00,2025-10-05T06:17:00+00:00,223,shipped,CUST-1504,synthetic,2025-10-04T00:00:00+00:00
959418a5-7e5a-49a3-ba5c-ca07f428c46d,Auto shipment 344,78b74b5c-e459-4f23-b196-79e2b104375d,2025-05-18T00:00:00+00:00,2025-05-21T01:35:00+00:00,431,shipped,CUST-3610,synthetic,2025-05-20T00:00:00+00:00
69b05666-be89-477d-8028-355ec52638a2,Auto shipment 345,78b74b5c-e459-4f23-b196-79e2b104375d,2025-01-09T00:00:00+00:00,2025-01-13T11:39:00+00:00,270,shipped,CUST-7175,synthetic,2025-01-12T00:00:00+00:00
82f74ce2-124b-457d-bafc-1c2254286968,Auto shipment 346,1c21be0f-7a41-4fd2-98f6-829a3308a50a,2025-02-13T00:00:00+00:00,2025-02-16T16:35:00+00:00,267,shipped,CUST-5157,synthetic,2025-02-15T00:00:00+00:00
a48d3c28-f097-4399-9462-3cda14e1179e,Auto shipment 347,68db2e0c-1613-41ae-a22c-4959cbb08fe6,2025-01-31T00:00:00+00:00,2025-02-02T14:37:00+00:00,402,shipped,CUST-1378,synthetic,2025-02-01T00:00:00+00:00
fea379bb-c379-4a5a-8cf5-3b9a0825e3c7,Auto shipment 348,68db2e0c-1613-41ae-a22c-4959cbb08fe6,2025-08-31T00:00:00+00:00,2025-09-04T01:49:00+00:00,241,shipped,CUST-7627,synthetic,2025-09-03T00:00:00+00:00
5d7143d1-d001-4641-ba69-7b3c5c757fe4,Auto shipment 349,78b74b5c-e459-4f23-b196-79e2b104375d,2024-12-16T00:00:00+00:00,2024-12-20T11:48:00+00:00,112,shipped,CUST-7142,synthetic,2024-12-19T00:00:00+00:00
fee2f42b-6205-4743-aa2f-30ebc79b4d02,Auto shipment 350,1c21be0f-7a41-4fd2-98f6-829a3308a50a,2025-07-15T00:00:00+00:00,2025-07-19T00:40:00+00:00,144,shipped,CUST-9253,synthetic,2025-07-18T00:00:00+00:00
a5d0a17d-9ca5-4ae7-b413-e70019476848,Auto shipment 351,78b74b5c-e459-4f23-b196-79e2b104375d,2025-08-29T00:00:00+00:00,2025-09-01T03:32:00+00:00,406,shipped,CUST-1912,synthetic,2025-08-31T00:00:00+00:00
96934185-3f61-4990-aef9-65d95a7b77dd,Auto shipment 352,78b74b5c-e459-4f23-b196-79e2b104375d,2025-02-12T00:00:00+00:00,2025-02-15T11:33:00+00:00,356,shipped,CUST-4437,synthetic,2025-02-14T00:00:00+00:00
04e38edf-2632-4bca-b3a3-dc14e6002a3b,Auto shipment 353,68db2e0c-1613-41ae-a22c-4959cbb08fe6,2024-12-24T00:00:00+00:00,2024-12-24T01:21:00+00:00,164,shipped,CUST-9692,synthetic,2024-12-23T00:00:00+00:00
35f2eca3-8624-41bc-ad4b-2616e0648988,Auto shipment 354,68db2e0c-1613-41ae-a22c-4959cbb08fe6,2025-02-02T00:00:00+00:00,2025-02-04T06:00:00+00:00,289,shipped,CUST-9239,synthetic,2025-02-03T00:00:00+00:00
1e4b4d14-f086-48cf-964b-f5847a0a5203,Auto shipment 355,78b74b5c-e459-4f23-b196-79e2b104375d,2025-10-20T00:00:00+00:00,2025-10-24T01:32:00+00:00,137,shipped,CUST-7622,synthetic,2025-10-23T00:00:00+00:00
a84ba81e-21a5-4a34-bc87-7853e7d88e7a,Auto shipment 356,68db2e0c-1613-41ae-a22c-4959cbb08fe6,2025-10-15T00:00:00+00:00,2025-10-19T05:08:00+00:00,402,shipped,CUST-8513,synthetic,2025-10-18T00:00:00+00:00
9b8e6c14-12a3-4179-a580-1b0a7ad599bd,Auto shipment 357,78b74b5c-e459-4f23-b196-79e2b104375d,2025-06-13T00:00:00+00:00,2025-06-13T13:36:00+00:00,253,shipped,CUST-6875,synthetic,2025-06-12T00:00:00+00:00
0794d07b-55b6-40c0-98a4-728d4a75b072,Auto shipment 358,78b74b5c-e459-4f23-b196-79e2b104375d,2025-02-09T00:00:00+00:00,2025-02-13T01:49:00+00:00,390,shipped,CUST-9505,synthetic,2025-02-12T00:00:00+00:00
34692590-9f82-4587-aaa7-dc7674ce09b0,Auto shipment 359,1c21be0f-7a41-4fd2-98f6-829a3308a50a,2025-11-03T00:00:00+00:00,2025-11-07T00:35:00+00:00,293,shipped,CUST-5782,synthetic,2025-11-06T00:00:00+00:00
a7274789-ac6d-4288-b42d-9e048e83f347,Auto shipment 360,78b74b5c-e459-4f23-b196-79e2b104375d,2025-04-28T00:00:00+00:00,2025-04-28T05:20:00+00:00,243,shipped,CUST-1242,synthetic,2025-04-27T00:00:00+00:00
a86028b1-88ca-4f85-8100-2caafbc4854d,Auto shipment 361,68db2e0c-1613-41ae-a22c-4959cbb08fe6,2025-02-06T00:00:00+00:00,2025-02-09T20:56:00+00:00,155,shipped,CUST-2080,synthetic,2025-02-08T00:00:00+00:00
2e44cce8-5790-4712-8fa5-11e90d8dc54e,Auto shipment 362,68db2e0c-1613-41ae-a22c-4959cbb08fe6,2025-03-04T00:00:00+00:00,2025-03-05T01:35:00+00:00,510,shipped,CUST-9973,synthetic,2025-03-04T00:00:00+00:00
19d48abd-f9a4-4e1b-953d-17b114220d76,Auto shipment 363,78b74b5c-e459-4f23-b196-79e2b104375d,2025-04-27T00:00:00+00:00,2025-05-01T07:56:00+00:00,416,shipped,CUST-8183,synthetic,2025-04-30T00:00:00+00:00
1448aa5f-149a-498b-867f-7e2c597533f3,Auto shipment 364,1c21be0f-7a41-4fd2-98f6-829a3308a50a,2025-05-24T00:00:00+00:00,2025-05-28T11:14:00+00:00,231,shipped,CUST-7815,synthetic,2025-05-27T00:00:00+00:00
a717bd93-b6ad-4d2f-bad2-31bbf43035de,Auto shipment 365,1c21be0f-7a41-4fd2-98f6-829a3308a50a,2025-01-23T00:00:00+00:00,2025-01-27T20:04:00+00:00,151,shipped,CUST-2302,synthetic,2025-01-26T00:00:00+00:00
e55a098e-fda8-41ea-8d27-a39aef582485,Auto shipment 366,68db2e0c-1613-41ae-a22c-4959cbb08fe6,2025-11-06T00:00:00+00:00,2025-11-09T03:18:00+00:00,339,shipped,CUST-7308,synthetic,2025-11-08T00:00:00+00:00
99be0af3-1f6e-4c7e-b228-89bdefb3397b,Auto shipment 367,68db2e0c-1613-41ae-a22c-4959cbb08fe6,2024-12-03T00:00:00+00:00,2024-12-07T03:40:00+00:00,315,shipped,CUST-4150,synthetic,2024-12-06T00:00:00+00:00
7804795f-5cd6-4451-9236-0b22d78e55bd,Auto shipment 368,78b74b5c-e459-4f23-b196-79e2b104375d,2025-05-13T00:00:00+00:00,2025-05-16T09:04:00+00:00,194,shipped,CUST-1329,synthetic,2025-05-15T00:00:00+00:00
504deeca-7bbf-45ca-9413-4e8e476b0699,Auto shipment 369,78b74b5c-e459-4f23-b196-79e2b104375d,2025-01-06T00:00:00+00:00,2025-01-09T20:31:00+00:00,348,shipped,CUST-1441,synthetic,2025-01-08T00:00:00+00:00
586833c3-33ac-45bf-8da3-70480cd6e9ed,Auto shipment 370,68db2e0c-1613-41ae-a22c-4959cbb08fe6,2025-05-08T00:00:00+00:00,2025-05-10T09:45:00+00:00,130,shipped,CUST-9678,synthetic,2025-05-09T00:00:00+00:00
c448a1b5-7207-4cb9-bc17-fc2f7f5dbe3c,Auto shipment 371,78b74b5c-e459-4f23-b196-79e2b104375d,2025-05-07T00:00:00+00:00,2025-05-09T10:52:00+00:00,345,shipped,CUST-8182,synthetic,2025-05-08T00:00:00+00:00
6ec115e8-5afc-49ee-a6c0-c390ddae25f3,Auto shipment 372,68db2e0c-1613-41ae-a22c-4959cbb08fe6,2025-03-24T00:00:00+00:00,2025-03-28T17:00:00+00:00,365,shipped,CUST-1843,synthetic,2025-03-27T00:00:00+00:00
6433234e-4c40-4eb6-9340-b0ef9bda3fd5,Auto shipment 373,1c21be0f-7a41-4fd2-98f6-829a3308a50a,2025-01-06T00:00:00+00:00,2025-01-08T03:20:00+00:00,247,shipped,CUST-4447,synthetic,2025-01-07T00:00:00+00:00
3ed35e90-0724-4b1d-9dc1-f1b49d81d91c,Auto shipment 374,68db2e0c-1613-41ae-a22c-4959cbb08fe6,2025-06-14T00:00:00+00:00,2025-06-17T17:34:00+00:00,344,shipped,CUST-5641,synthetic,2025-06-16T00:00:00+00:00
50d6af15-096e-41a0-9052-b970217bd7cf,Auto shipment 375,68db2e0c-1613-41ae-a22c-4959cbb08fe6,2025-09-24T00:00:00+00:00,2025-09-27T06:35:00+00:00,302,shipped,CUST-6036,synthetic,2025-09-26T00:00:00+00:00
82cebb9c-fb44-4bc9-a60e-5318f8ef516a,Auto shipment 376,78b74b5c-e459-4f23-b196-79e2b104375d,2025-07-17T00:00:00+00:00,2025-07-18T14:14:00+00:00,393,shipped,CUST-8867,synthetic,2025-07-17T00:00:00+00:00
50994b42-0579-453d-968a-42d8af33b4c6,Auto shipment 377,1c21be0f-7a41-4fd2-98f6-829a3308a50a,2025-06-07T00:00:00+00:00,2025-06-11T10:27:00+00:00,245,shipped,CUST-1789,synthetic,2025-06-10T00:00:00+00:00
6b15a27d-f067-4428-9a73-091c299dfa08,Auto shipment 378,68db2e0c-1613-41ae-a22c-4959cbb08fe6,2025-01-31T00:00:00+00:00,2025-02-02T13:50:00+00:00,290,shipped,CUST-4795,synthetic,2025-02-01T00:00:00+00:00
0c3fda66-a2ae-4d31-bcfc-f676be3752b9,Auto shipment 379,68db2e0c-1613-41ae-a22c-4959cbb08fe6,2025-05-04T00:00:00+00:00,2025-05-04T21:30:00+00:00,439,shipped,CUST-5687,synthetic,2025-05-03T00:00:00+00:00
1b170574-db0b-4334-9bc3-c6dc182a5bc1,Auto shipment 380,68db2e0c-1613-41ae-a22c-4959cbb08fe6,2024-11-09T00:00:00+00:00,2024-11-12T16:10:00+00:00,214,shipped,CUST-5080,synthetic,2024-11-11T00:00:00+00:00
4622f4e9-7a3c-4359-9ed7-8c61d7f6543d,Auto shipment 381,78b74b5c-e459-4f23-b196-79e2b104375d,2025-02-28T00:00:00+00:00,2025-03-01T11:01:00+00:00,171,shipped,CUST-8191,synthetic,2025-02-28T00:00:00+00:00
2e8f695c-51db-4bf0-84a0-439facfa44ca,Auto shipment 382,1c21be0f-7a41-4fd2-98f6-829a3308a50a,2025-10-09T00:00:00+00:00,2025-10-13T21:58:00+00:00,256,shipped,CUST-8203,synthetic,2025-10-12T00:00:00+00:00
64840b40-88d7-426f-aee4-80c8061a3487,Auto shipment 383,1c21be0f-7a41-4fd2-98f6-829a3308a50a,2025-04-07T00:00:00+00:00,2025-04-10T12:57:00+00:00,379,shipped,CUST-2745,synthetic,2025-04-09T00:00:00+00:00
89890f25-5100-4e6c-88d7-9f52e5b4a7d4,Auto shipment 384,78b74b5c-e459-4f23-b196-79e2b104375d,2025-09-25T00:00:00+00:00,2025-09-27T10:03:00+00:00,269,shipped,CUST-5298,synthetic,2025-09-26T00:00:00+00:00
5cd088df-5d7e-4ebd-adf9-2fe5fca74a5a,Auto shipment 385,1c21be0f-7a41-4fd2-98f6-829a3308a50a,2025-03-27T00:00:00+00:00,2025-03-29T04:56:00+00:00,120,shipped,CUST-7716,synthetic,2025-03-28T00:00:00+00:00
c9de7025-4884-4816-83f3-ee54b5f72413,Auto shipment 386,68db2e0c-1613-41ae-a22c-4959cbb08fe6,2025-10-17T00:00:00+00:00,2025-10-20T18:39:00+00:00,402,shipped,CUST-4619,synthetic,2025-10-19T00:00:00+00:00
1a24a2ab-818e-491c-92fe-73a3e12e07de,Auto shipment 387,78b74b5c-e459-4f23-b196-79e2b104375d,2024-11-21T00:00:00+00:00,2024-11-22T01:25:00+00:00,117,shipped,CUST-8238,synthetic,2024-11-21T00:00:00+00:00
25a07a87-f11e-4b58-a8bb-3700d48e582a,Auto shipment 388,68db2e0c-1613-41ae-a22c-4959cbb08fe6,2025-08-25T00:00:00+00:00,2025-08-27T09:13:00+00:00,463,shipped,CUST-7261,synthetic,2025-08-26T00:00:00+00:00
bd08ddd2-92ba-491b-a34e-0bb112fd1b7a,Auto shipment 389,78b74b5c-e459-4f23-b196-79e2b104375d,2025-03-12T00:00:00+00:00,2025-03-15T19:04:00+00:00,207,shipped,CUST-1579,synthetic,2025-03-14T00:00:00+00:00
21c7de9a-27aa-400a-a90f-dd463a0836a2,Auto shipment 390,1c21be0f-7a41-4fd2-98f6-829a3308a50a,2025-10-15T00:00:00+00:00,2025-10-16T14:38:00+00:00,66,shipped,CUST-8094,synthetic,2025-10-15T00:00:00+00:00
857c9732-56e6-465e-83f9-0d6f2bf4dc9b,Auto shipment 391,1c21be0f-7a41-4fd2-98f6-829a3308a50a,2025-03-17T00:00:00+00:00,2025-03-18T07:42:00+00:00,417,shipped,CUST-3022,synthetic,2025-03-17T00:00:00+00:00
89cc9099-823b-49ac-872d-d3db36edf08c,Auto shipment 392,68db2e0c-1613-41ae-a22c-4959cbb08fe6,2025-08-09T00:00:00+00:00,2025-08-13T17:14:00+00:00,88,shipped,CUST-7266,synthetic,2025-08-12T00:00:00+00:00
4471039e-ad01-424e-bb8f-5197bd388c16,Auto shipment 393,68db2e0c-1613-41ae-a22c-4959cbb08fe6,2025-06-17T00:00:00+00:00,2025-06-18T19:00:00+00:00,246,shipped,CUST-4754,synthetic,2025-06-17T00:00:00+00:00
18ae57bf-2bcb-4d1c-8cc9-2b1a7834f67a,Auto shipment 394,68db2e0c-1613-41ae-a22c-4959cbb08fe6,2025-01-02T00:00:00+00:00,2025-01-06T16:58:00+00:00,401,shipped,CUST-5455,synthetic,2025-01-05T00:00:00+00:00
dd94fd67-191d-47d7-b889-73022abcadeb,Auto shipment 395,78b74b5c-e459-4f23-b196-79e2b104375d,2025-02-21T00:00:00+00:00,2025-02-21T01:50:00+00:00,356,shipped,CUST-8864,synthetic,2025-02-20T00:00:00+00:00
cef56fa2-5a2c-4266-9c76-f223cf55fa24,Auto shipment 396,68db2e0c-1613-41ae-a22c-4959cbb08fe6,2024-12-09T00:00:00+00:00,2024-12-12T09:50:00+00:00,142,shipped,CUST-8792,synthetic,2024-12-11T00:00:00+00:00
13778fc1-61ff-413e-a370-d650a848ffc5,Auto shipment 397,68db2e0c-1613-41ae-a22c-4959cbb08fe6,2025-09-15T00:00:00+00:00,2025-09-15T09:15:00+00:00,371,shipped,CUST-5029,synthetic,2025-09-14T00:00:00+00:00
188af132-168e-4fb4-a02f-a64b8b4c097e,Auto shipment 398,1c21be0f-7a41-4fd2-98f6-829a3308a50a,2025-02-15T00:00:00+00:00,2025-02-15T14:07:00+00:00,190,shipped,CUST-9765,synthetic,2025-02-14T00:00:00+00:00
6db1d8db-7c19-4709-8c28-a717d9c0b8e0,Auto shipment 399,1c21be0f-7a41-4fd2-98f6-829a3308a50a,2025-04-19T00:00:00+00:00,2025-04-22T13:02:00+00:00,423,shipped,CUST-4348,synthetic,2025-04-21T00:00:00+00:00
de1f0951-842a-4516-843c-c6dd75532bab,Auto shipment 400,68db2e0c-1613-41ae-a22c-4959cbb08fe6,2025-07-26T00:00:00+00:00,2025-07-29T12:04:00+00:00,287,shipped,CUST-1698,synthetic,2025-07-28T00:00:00+00:00
ffcb2573-f7bf-40c2-966a-08557c346a5a,Auto shipment 401,78b74b5c-e459-4f23-b196-79e2b104375d,2025-01-18T00:00:00+00:00,2025-01-21T01:42:00+00:00,193,shipped,CUST-8316,synthetic,2025-01-20T00:00:00+00:00
7c6424a1-8a0c-4aab-b1e0-b3b00e290242,Auto shipment 402,1c21be0f-7a41-4fd2-98f6-829a3308a50a,2025-06-29T00:00:00+00:00,2025-07-02T11:14:00+00:00,250,shipped,CUST-4289,synthetic,2025-07-01T00:00:00+00:00
bbc879dc-7869-465e-ab35-56fbe7949bdf,Auto shipment 403,1c21be0f-7a41-4fd2-98f6-829a3308a50a,2025-01-24T00:00:00+00:00,2025-01-28T09:39:00+00:00,450,shipped,CUST-1872,synthetic,2025-01-27T00:00:00+00:00
5a31aa2d-e664-495b-8843-997cd012248f,Auto shipment 404,68db2e0c-1613-41ae-a22c-4959cbb08fe6,2025-04-21T00:00:00+00:00,2025-04-23T02:38:00+00:00,263,shipped,CUST-8578,synthetic,2025-04-22T00:00:00+00:00
b15a7b99-200e-4312-8a2b-d492923f9764,Auto shipment 405,68db2e0c-1613-41ae-a22c-4959cbb08fe6,2025-06-17T00:00:00+00:00,2025-06-21T08:58:00+00:00,215,shipped,CUST-2387,synthetic,2025-06-20T00:00:00+00:00
c96fc8e4-8450-4359-a8f6-ba8755e78e7d,Auto shipment 406,68db2e0c-1613-41ae-a22c-4959cbb08fe6,2024-12-21T00:00:00+00:00,2024-12-22T03:44:00+00:00,212,shipped,CUST-2136,synthetic,2024-12-21T00:00:00+00:00
10c11bba-be00-4c68-b41a-b8d925d5db0a,Auto shipment 407,1c21be0f-7a41-4fd2-98f6-829a3308a50a,2025-06-07T00:00:00+00:00,2025-06-08T22:52:00+00:00,393,shipped,CUST-4658,synthetic,2025-06-07T00:00:00+00:00
c598148b-7707-4b2d-acfd-e988944d547c,Auto shipment 408,1c21be0f-7a41-4fd2-98f6-829a3308a50a,2025-09-21T00:00:00+00:00,2025-09-23T20:40:00+00:00,201,shipped,CUST-4312,synthetic,2025-09-22T00:00:00+00:00
7f0a7fed-4437-4403-9110-46c34520acd0,Auto shipment 409,1c21be0f-7a41-4fd2-98f6-829a3308a50a,2025-01-02T00:00:00+00:00,2025-01-06T17:02:00+00:00,174,shipped,CUST-5837,synthetic,2025-01-05T00:00:00+00:00
64a8aece-c779-4623-8dc0-4ea861ece06c,Auto shipment 410,1c21be0f-7a41-4fd2-98f6-829a3308a50a,2025-09-05T00:00:00+00:00,2025-09-08T16:31:00+00:00,144,shipped,CUST-1490,synthetic,2025-09-07T00:00:00+00:00
9f9ed046-6302-42ac-ab48-c1593da9f40c,Auto shipment 411,68db2e0c-1613-41ae-a22c-4959cbb08fe6,2025-04-22T00:00:00+00:00,2025-04-24T10:03:00+00:00,249,shipped,CUST-5834,synthetic,2025-04-23T00:00:00+00:00
6af0c86f-cf05-4e1f-9fc8-97a2aee4b3b0,Auto shipment 412,68db2e0c-1613-41ae-a22c-4959cbb08fe6,2025-03-29T00:00:00+00:00,2025-04-02T17:09:00+00:00,454,shipped,CUST-2531,synthetic,2025-04-01T00:00:00+00:00
72461e0a-b18a-4d30-97e1-1a065f1d9b73,Auto shipment 413,1c21be0f-7a41-4fd2-98f6-829a3308a50a,2025-01-04T00:00:00+00:00,2025-01-06T22:37:00+00:00,184,shipped,CUST-1926,synthetic,2025-01-05T00:00:00+00:00
6a6f2876-4d67-47c9-b92b-4e8ee8d74363,Auto shipment 414,68db2e0c-1613-41ae-a22c-4959cbb08fe6,2025-03-28T00:00:00+00:00,2025-03-29T14:41:00+00:00,215,shipped,CUST-5336,synthetic,2025-03-28T00:00:00+00:00
0e4e459c-0045-45b0-9a50-89fa956372b8,Auto shipment 415,1c21be0f-7a41-4fd2-98f6-829a3308a50a,2024-11-09T00:00:00+00:00,2024-11-11T10:43:00+00:00,274,shipped,CUST-1622,synthetic,2024-11-10T00:00:00+00:00
26e4a6dd-b5be-4a5e-8c3c-7305470304b3,Auto shipment 416,78b74b5c-e459-4f23-b196-79e2b104375d,2025-09-22T00:00:00+00:00,2025-09-26T13:02:00+00:00,231,shipped,CUST-7664,synthetic,2025-09-25T00:00:00+00:00
cd9b82c6-fdbe-4667-995a-b8b376c1cce8,Auto shipment 417,1c21be0f-7a41-4fd2-98f6-829a3308a50a,2025-07-04T00:00:00+00:00,2025-07-05T01:01:00+00:00,376,shipped,CUST-7432,synthetic,2025-07-04T00:00:00+00:00
95e4f77c-777c-4f45-9622-8779a5a59c9f,Auto shipment 418,68db2e0c-1613-41ae-a22c-4959cbb08fe6,2024-12-03T00:00:00+00:00,2024-12-05T03:54:00+00:00,442,shipped,CUST-9076,synthetic,2024-12-04T00:00:00+00:00
708b241f-0862-48da-8da8-21a0077da12f,Auto shipment 419,68db2e0c-1613-41ae-a22c-4959cbb08fe6,2025-01-01T00:00:00+00:00,2025-01-01T01:20:00+00:00,140,shipped,CUST-8344,synthetic,2024-12-31T00:00:00+00:00
0ba49a88-cb07-4847-b476-5942ae4a69fe,Auto shipment 420,78b74b5c-e459-4f23-b196-79e2b104375d,2025-08-25T00:00:00+00:00,2025-08-26T13:34:00+00:00,358,shipped,CUST-5100,synthetic,2025-08-25T00:00:00+00:00
bf32b1d8-3186-4652-bc37-23bd5d1305f0,Auto shipment 421,1c21be0f-7a41-4fd2-98f6-829a3308a50a,2025-03-19T00:00:00+00:00,2025-03-20T02:18:00+00:00,412,shipped,CUST-2192,synthetic,2025-03-19T00:00:00+00:00
97863d91-bc3e-43f1-9bea-35951f8dd912,Auto shipment 422,1c21be0f-7a41-4fd2-98f6-829a3308a50a,2025-06-03T00:00:00+00:00,2025-06-05T14:49:00+00:00,407,shipped,CUST-3410,synthetic,2025-06-04T00:00:00+00:00
86c73049-2aed-498a-9902-397ab4ed534e,Auto shipment 423,1c21be0f-7a41-4fd2-98f6-829a3308a50a,2025-05-13T00:00:00+00:00,2025-05-15T08:08:00+00:00,509,shipped,CUST-4251,synthetic,2025-05-14T00:00:00+00:00
dcb14639-e3c2-4efd-98f0-7fc1f844a524,Auto shipment 424,68db2e0c-1613-41ae-a22c-4959cbb08fe6,2025-10-07T00:00:00+00:00,2025-10-09T07:27:00+00:00,248,shipped,CUST-3958,synthetic,2025-10-08T00:00:00+00:00
de6cc5d6-ddee-4b5a-8741-ec2e8af95c78,Auto shipment 425,78b74b5c-e459-4f23-b196-79e2b104375d,2025-09-07T00:00:00+00:00,2025-09-09T05:33:00+00:00,283,shipped,CUST-4682,synthetic,2025-09-08T00:00:00+00:00
bd4f6356-0743-4bed-9f76-ac45714ef2b2,Auto shipment 426,78b74b5c-e459-4f23-b196-79e2b104375d,2024-12-17T00:00:00+00:00,2024-12-17T21:33:00+00:00,388,shipped,CUST-6851,synthetic,2024-12-16T00:00:00+00:00
f4e71fe1-11d3-442c-8414-0416ef4a84a5,Auto shipment 427,1c21be0f-7a41-4fd2-98f6-829a3308a50a,2025-06-30T00:00:00+00:00,2025-07-02T10:29:00+00:00,348,shipped,CUST-9775,synthetic,2025-07-01T00:00:00+00:00
774fec45-8c2d-455f-9812-1b7a553f3a11,Auto shipment 428,68db2e0c-1613-41ae-a22c-4959cbb08fe6,2025-10-24T00:00:00+00:00,2025-10-24T20:23:00+00:00,357,shipped,CUST-2710,synthetic,2025-10-23T00:00:00+00:00
632f66aa-a98c-415b-9cd5-159cc3ff89b6,Auto shipment 429,68db2e0c-1613-41ae-a22c-4959cbb08fe6,2025-02-18T00:00:00+00:00,2025-02-21T02:09:00+00:00,430,shipped,CUST-1355,synthetic,2025-02-20T00:00:00+00:00
5501d765-2ec8-4bd5-b9b4-3609ce727bde,Auto shipment 430,78b74b5c-e459-4f23-b196-79e2b104375d,2025-07-23T00:00:00+00:00,2025-07-23T03:26:00+00:00,350,shipped,CUST-8627,synthetic,2025-07-22T00:00:00+00:00
4c1ea815-18fd-495a-a2ad-1e3d12a34d23,Auto shipment 431,1c21be0f-7a41-4fd2-98f6-829a3308a50a,2024-11-23T00:00:00+00:00,2024-11-26T01:20:00+00:00,515,shipped,CUST-9403,synthetic,2024-11-25T00:00:00+00:00
9561d4d3-6d25-43cf-892a-ff5b444f7330,Auto shipment 432,78b74b5c-e459-4f23-b196-79e2b104375d,2025-09-08T00:00:00+00:00,2025-09-12T09:28:00+00:00,161,shipped,CUST-1710,synthetic,2025-09-11T00:00:00+00:00
36cdca10-876e-49a0-8daf-151bad5c9820,Auto shipment 433,78b74b5c-e459-4f23-b196-79e2b104375d,2025-04-07T00:00:00+00:00,2025-04-08T10:23:00+00:00,199,shipped,CUST-5526,synthetic,2025-04-07T00:00:00+00:00
ea2c06c6-ace9-427e-bae1-5fd203a876eb,Auto shipment 434,68db2e0c-1613-41ae-a22c-4959cbb08fe6,2025-07-30T00:00:00+00:00,2025-08-01T05:23:00+00:00,435,shipped,CUST-4067,synthetic,2025-07-31T00:00:00+00:00
9e66122b-ba7a-49ae-af0a-67740400988a,Auto shipment 435,1c21be0f-7a41-4fd2-98f6-829a3308a50a,2025-05-06T00:00:00+00:00,2025-05-09T07:24:00+00:00,263,shipped,CUST-6603,synthetic,2025-05-08T00:00:00+00:00
e63e2b3d-c871-4890-bd59-7eeccfcf90f5,Auto shipment 436,1c21be0f-7a41-4fd2-98f6-829a3308a50a,2024-12-28T00:00:00+00:00,2025-01-01T18:10:00+00:00,225,shipped,CUST-2919,synthetic,2024-12-31T00:00:00+00:00
7a31ecc7-6a29-4a27-8dc3-34ebb8eacbcb,Auto shipment 437,68db2e0c-1613-41ae-a22c-4959cbb08fe6,2025-11-02T00:00:00+00:00,2025-11-05T20:43:00+00:00,211,shipped,CUST-1783,synthetic,2025-11-04T00:00:00+00:00
a0049ab9-c0b7-419f-bbfb-75d108056d5f,Auto shipment 438,68db2e0c-1613-41ae-a22c-4959cbb08fe6,2025-06-17T00:00:00+00:00,2025-06-17T07:51:00+00:00,468,shipped,CUST-6073,synthetic,2025-06-16T00:00:00+00:00
2a4e038a-b67e-419b-bd48-241957510102,Auto shipment 439,78b74b5c-e459-4f23-b196-79e2b104375d,2025-10-30T00:00:00+00:00,2025-10-31T16:57:00+00:00,420,shipped,CUST-4539,synthetic,2025-10-30T00:00:00+00:00
3478427b-e5a5-4832-83a7-5ed00439833d,Auto shipment 440,1c21be0f-7a41-4fd2-98f6-829a3308a50a,2025-01-16T00:00:00+00:00,2025-01-19T21:57:00+00:00,273,shipped,CUST-2550,synthetic,2025-01-18T00:00:00+00:00
64ad5f1d-a25f-4a1d-b882-ee20502d6560,Auto shipment 441,68db2e0c-1613-41ae-a22c-4959cbb08fe6,2025-01-31T00:00:00+00:00,2025-02-04T06:51:00+00:00,433,shipped,CUST-4205,synthetic,2025-02-03T00:00:00+00:00
e05808a3-8622-416b-a128-766262577d9c,Auto shipment 442,68db2e0c-1613-41ae-a22c-4959cbb08fe6,2025-01-07T00:00:00+00:00,2025-01-11T02:26:00+00:00,200,shipped,CUST-1199,synthetic,2025-01-10T00:00:00+00:00
b7880c1f-a7c7-4726-9588-5955f34db9e1,Auto shipment 443,1c21be0f-7a41-4fd2-98f6-829a3308a50a,2025-05-28T00:00:00+00:00,2025-06-01T12:00:00+00:00,297,shipped,CUST-3186,synthetic,2025-05-31T00:00:00+00:00
e54fad40-23ef-447c-aabd-49940637acab,Auto shipment 444,78b74b5c-e459-4f23-b196-79e2b104375d,2025-06-20T00:00:00+00:00,2025-06-23T17:55:00+00:00,456,shipped,CUST-5647,synthetic,2025-06-22T00:00:00+00:00
f6bf3698-7321-4140-a8b4-3fb7007cede4,Auto shipment 445,1c21be0f-7a41-4fd2-98f6-829a3308a50a,2025-10-16T00:00:00+00:00,2025-10-18T17:54:00+00:00,174,shipped,CUST-4441,synthetic,2025-10-17T00:00:00+00:00
fc318f6e-f34a-4c8c-9015-9605fd7d374d,Auto shipment 446,68db2e0c-1613-41ae-a22c-4959cbb08fe6,2025-08-03T00:00:00+00:00,2025-08-03T14:20:00+00:00,184,shipped,CUST-4469,synthetic,2025-08-02T00:00:00+00:00
690ac794-74ea-4de2-9b00-525617e0ecfe,Auto shipment 447,1c21be0f-7a41-4fd2-98f6-829a3308a50a,2024-12-05T00:00:00+00:00,2024-12-08T14:45:00+00:00,170,shipped,CUST-1147,synthetic,2024-12-07T00:00:00+00:00
9e6a525f-efdd-49f2-b4e4-c2bbebc017e3,Auto shipment 448,68db2e0c-1613-41ae-a22c-4959cbb08fe6,2025-02-24T00:00:00+00:00,2025-02-25T22:56:00+00:00,138,shipped,CUST-7035,synthetic,2025-02-24T00:00:00+00:00
dd6d69a8-a83f-4534-af1e-a402fbdf96b2,Auto shipment 449,78b74b5c-e459-4f23-b196-79e2b104375d,2025-11-01T00:00:00+00:00,2025-11-04T19:18:00+00:00,354,shipped,CUST-4668,synthetic,2025-11-03T00:00:00+00:00
795b7387-88b5-4641-b198-538c8c732512,Auto shipment 450,1c21be0f-7a41-4fd2-98f6-829a3308a50a,2025-02-22T00:00:00+00:00,2025-02-26T06:23:00+00:00,350,shipped,CUST-3125,synthetic,2025-02-25T00:00:00+00:00
7ab4234a-4ed1-4812-8ffc-7ca7b1ad83eb,Auto shipment 451,68db2e0c-1613-41ae-a22c-4959cbb08fe6,2025-04-21T00:00:00+00:00,2025-04-24T13:09:00+00:00,486,shipped,CUST-6944,synthetic,2025-04-23T00:00:00+00:00
f54a9edd-8087-454a-bb67-dccd2828b150,Auto shipment 452,68db2e0c-1613-41ae-a22c-4959cbb08fe6,2024-12-06T00:00:00+00:00,2024-12-07T05:36:00+00:00,441,shipped,CUST-5695,synthetic,2024-12-06T00:00:00+00:00
1855c030-eda5-421a-913f-f624596b8b07,Auto shipment 453,78b74b5c-e459-4f23-b196-79e2b104375d,2025-05-23T00:00:00+00:00,2025-05-24T06:25:00+00:00,422,shipped,CUST-8626,synthetic,2025-05-23T00:00:00+00:00
a592d6b4-5285-4388-a5ba-7f1639dba99c,Auto shipment 454,1c21be0f-7a41-4fd2-98f6-829a3308a50a,2025-04-19T00:00:00+00:00,2025-04-20T01:54:00+00:00,194,shipped,CUST-8568,synthetic,2025-04-19T00:00:00+00:00
6f221ce4-f9b4-4388-8631-b9ad3988f249,Auto shipment 455,68db2e0c-1613-41ae-a22c-4959cbb08fe6,2025-05-31T00:00:00+00:00,2025-05-31T06:37:00+00:00,392,shipped,CUST-8860,synthetic,2025-05-30T00:00:00+00:00
9551b49b-e15f-4b5a-87e4-595d1d1ebcb9,Auto shipment 456,1c21be0f-7a41-4fd2-98f6-829a3308a50a,2025-01-18T00:00:00+00:00,2025-01-19T05:37:00+00:00,475,shipped,CUST-9817,synthetic,2025-01-18T00:00:00+00:00
35c48aef-90d2-449c-97fb-e545f9ebc699,Auto shipment 457,78b74b5c-e459-4f23-b196-79e2b104375d,2025-04-10T00:00:00+00:00,2025-04-13T01:15:00+00:00,154,shipped,CUST-3138,synthetic,2025-04-12T00:00:00+00:00
f6c83058-ee47-4e9a-9546-b515b41c965d,Auto shipment 458,78b74b5c-e459-4f23-b196-79e2b104375d,2025-04-18T00:00:00+00:00,2025-04-21T05:28:00+00:00,182,shipped,CUST-8890,synthetic,2025-04-20T00:00:00+00:00
e579481e-4a4a-4656-a50e-cc296dcd696d,Auto shipment 459,68db2e0c-1613-41ae-a22c-4959cbb08fe6,2025-03-05T00:00:00+00:00,2025-03-08T04:28:00+00:00,175,shipped,CUST-5966,synthetic,2025-03-07T00:00:00+00:00
76386ae5-3039-4b48-a55b-1b5cf1f8771d,Auto shipment 460,68db2e0c-1613-41ae-a22c-4959cbb08fe6,2025-08-02T00:00:00+00:00,2025-08-05T08:45:00+00:00,389,shipped,CUST-6915,synthetic,2025-08-04T00:00:00+00:00
bc4aefb1-3b1f-46d7-9cb7-daf5c6092774,Auto shipment 461,68db2e0c-1613-41ae-a22c-4959cbb08fe6,2025-03-06T00:00:00+00:00,2025-03-07T13:25:00+00:00,185,shipped,CUST-5301,synthetic,2025-03-06T00:00:00+00:00
fad030af-8b22-49b9-b9c5-27b3237e3134,Auto shipment 462,78b74b5c-e459-4f23-b196-79e2b104375d,2025-04-19T00:00:00+00:00,2025-04-23T07:27:00+00:00,154,shipped,CUST-9265,synthetic,2025-04-22T00:00:00+00:00
3d4ee29d-729e-4f82-932b-07f178ad081b,Auto shipment 463,68db2e0c-1613-41ae-a22c-4959cbb08fe6,2025-01-07T00:00:00+00:00,2025-01-09T12:52:00+00:00,405,shipped,CUST-6161,synthetic,2025-01-08T00:00:00+00:00
eb474b88-b6e3-40bf-99ff-fe95e7e934ec,Auto shipment 464,78b74b5c-e459-4f23-b196-79e2b104375d,2025-10-08T00:00:00+00:00,2025-10-12T14:42:00+00:00,501,shipped,CUST-8777,synthetic,2025-10-11T00:00:00+00:00
8c6f1dc1-453f-4986-b017-1bca0702e477,Auto shipment 465,68db2e0c-1613-41ae-a22c-4959cbb08fe6,2025-08-12T00:00:00+00:00,2025-08-14T11:27:00+00:00,493,shipped,CUST-1087,synthetic,2025-08-13T00:00:00+00:00
68264143-1bcd-40ef-93ee-049861308696,Auto shipment 466,68db2e0c-1613-41ae-a22c-4959cbb08fe6,2025-09-01T00:00:00+00:00,2025-09-05T10:55:00+00:00,438,shipped,CUST-6660,synthetic,2025-09-04T00:00:00+00:00
8af95078-c234-4e9e-a6db-0fa2e60b86bd,Auto shipment 467,68db2e0c-1613-41ae-a22c-4959cbb08fe6,2025-01-29T00:00:00+00:00,2025-02-01T02:47:00+00:00,228,shipped,CUST-2601,synthetic,2025-01-31T00:00:00+00:00
98250e02-4f65-4812-a5f0-a7fb88502a31,Auto shipment 468,68db2e0c-1613-41ae-a22c-4959cbb08fe6,2025-08-18T00:00:00+00:00,2025-08-18T02:10:00+00:00,187,shipped,CUST-4032,synthetic,2025-08-17T00:00:00+00:00
acc4499b-d429-4b39-9feb-e7848eac7848,Auto shipment 469,68db2e0c-1613-41ae-a22c-4959cbb08fe6,2024-11-29T00:00:00+00:00,2024-12-02T04:16:00+00:00,120,shipped,CUST-7947,synthetic,2024-12-01T00:00:00+00:00
796c9e49-ec7e-4fd2-a8de-eeb966da5b9d,Auto shipment 470,1c21be0f-7a41-4fd2-98f6-829a3308a50a,2025-07-28T00:00:00+00:00,2025-08-01T16:13:00+00:00,398,shipped,CUST-7409,synthetic,2025-07-31T00:00:00+00:00
6a6491d3-b2da-4c9f-bb21-a22c78975acb,Auto shipment 471,78b74b5c-e459-4f23-b196-79e2b104375d,2024-11-08T00:00:00+00:00,2024-11-11T17:21:00+00:00,139,shipped,CUST-3704,synthetic,2024-11-10T00:00:00+00:00
dcc61607-7c43-444b-863f-1523adcb56e5,Auto shipment 472,78b74b5c-e459-4f23-b196-79e2b104375d,2025-02-06T00:00:00+00:00,2025-02-10T18:53:00+00:00,267,shipped,CUST-9387,synthetic,2025-02-09T00:00:00+00:00
b7b95f55-bbff-4989-8c07-8add4a4b9ce9,Auto shipment 473,1c21be0f-7a41-4fd2-98f6-829a3308a50a,2025-04-21T00:00:00+00:00,2025-04-22T15:20:00+00:00,331,shipped,CUST-2410,synthetic,2025-04-21T00:00:00+00:00
33b48e98-0ef8-4158-9d16-1d4e98a0afd0,Auto shipment 474,78b74b5c-e459-4f23-b196-79e2b104375d,2025-08-01T00:00:00+00:00,2025-08-02T03:49:00+00:00,260,shipped,CUST-2940,synthetic,2025-08-01T00:00:00+00:00
47a53e46-17ee-402e-a368-0dcdc37226b0,Auto shipment 475,78b74b5c-e459-4f23-b196-79e2b104375d,2025-07-07T00:00:00+00:00,2025-07-08T19:01:00+00:00,373,shipped,CUST-2704,synthetic,2025-07-07T00:00:00+00:00
533695dd-fb31-44d9-96d1-c33eb1d0b35e,Auto shipment 476,68db2e0c-1613-41ae-a22c-4959cbb08fe6,2025-10-13T00:00:00+00:00,2025-10-16T20:22:00+00:00,189,shipped,CUST-4134,synthetic,2025-10-15T00:00:00+00:00
6e67bb73-a4bc-49cc-b36e-213167163997,Auto shipment 477,1c21be0f-7a41-4fd2-98f6-829a3308a50a,2025-10-28T00:00:00+00:00,2025-10-31T05:38:00+00:00,85,shipped,CUST-5330,synthetic,2025-10-30T00:00:00+00:00
e8d3c171-1ae5-47f6-af5e-b779f78b530f,Auto shipment 478,1c21be0f-7a41-4fd2-98f6-829a3308a50a,2025-03-03T00:00:00+00:00,2025-03-03T05:09:00+00:00,322,shipped,CUST-8410,synthetic,2025-03-02T00:00:00+00:00
17e4a591-2cff-4934-b932-e320096865c2,Auto shipment 479,78b74b5c-e459-4f23-b196-79e2b104375d,2024-11-12T00:00:00+00:00,2024-11-12T14:33:00+00:00,239,shipped,CUST-7363,synthetic,2024-11-11T00:00:00+00:00
6e35c4b4-32d7-4e21-977c-da4fd18e2c8c,Auto shipment 480,1c21be0f-7a41-4fd2-98f6-829a3308a50a,2025-02-13T00:00:00+00:00,2025-02-16T22:28:00+00:00,421,shipped,CUST-5601,synthetic,2025-02-15T00:00:00+00:00
0902b41d-2834-489b-8765-e274e1072d53,Auto shipment 481,1c21be0f-7a41-4fd2-98f6-829a3308a50a,2024-12-04T00:00:00+00:00,2024-12-08T14:42:00+00:00,420,shipped,CUST-5810,synthetic,2024-12-07T00:00:00+00:00
ad558371-538c-44b3-9b8f-2e1ab4fd57b8,Auto shipment 482,1c21be0f-7a41-4fd2-98f6-829a3308a50a,2025-09-29T00:00:00+00:00,2025-10-02T19:53:00+00:00,365,shipped,CUST-2163,synthetic,2025-10-01T00:00:00+00:00
c649122d-750c-417b-85e6-3c71be2fd615,Auto shipment 483,68db2e0c-1613-41ae-a22c-4959cbb08fe6,2025-04-01T00:00:00+00:00,2025-04-02T19:22:00+00:00,100,shipped,CUST-6719,synthetic,2025-04-01T00:00:00+00:00
c24934f3-3a4c-4d15-984b-cda852d47622,Auto shipment 484,68db2e0c-1613-41ae-a22c-4959cbb08fe6,2024-12-29T00:00:00+00:00,2024-12-29T06:10:00+00:00,176,shipped,CUST-9059,synthetic,2024-12-28T00:00:00+00:00
6835b775-62b4-4e23-9203-f4b4d48c6d36,Auto shipment 485,78b74b5c-e459-4f23-b196-79e2b104375d,2025-05-16T00:00:00+00:00,2025-05-16T10:40:00+00:00,492,shipped,CUST-1299,synthetic,2025-05-15T00:00:00+00:00
12ed546f-a790-446f-be58-56ffae04cd32,Auto shipment 486,1c21be0f-7a41-4fd2-98f6-829a3308a50a,2025-08-01T00:00:00+00:00,2025-08-01T13:45:00+00:00,300,shipped,CUST-4115,synthetic,2025-07-31T00:00:00+00:00
aa481a33-0692-4962-90f9-f7ccf80bc48e,Auto shipment 487,1c21be0f-7a41-4fd2-98f6-829a3308a50a,2025-04-11T00:00:00+00:00,2025-04-12T04:29:00+00:00,122,shipped,CUST-8694,synthetic,2025-04-11T00:00:00+00:00
775b101f-3782-4774-9b16-7ad29980121c,Auto shipment 488,68db2e0c-1613-41ae-a22c-4959cbb08fe6,2025-01-10T00:00:00+00:00,2025-01-11T00:23:00+00:00,170,shipped,CUST-2146,synthetic,2025-01-10T00:00:00+00:00
c23f1f58-892a-41d0-bfed-b3a51fece151,Auto shipment 489,1c21be0f-7a41-4fd2-98f6-829a3308a50a,2025-02-02T00:00:00+00:00,2025-02-02T18:40:00+00:00,468,shipped,CUST-9799,synthetic,2025-02-01T00:00:00+00:00
b19146a8-5721-41b6-81b9-48f4bd866c27,Auto shipment 490,78b74b5c-e459-4f23-b196-79e2b104375d,2025-05-13T00:00:00+00:00,2025-05-16T22:17:00+00:00,341,shipped,CUST-5322,synthetic,2025-05-15T00:00:00+00:00
de059147-da97-4869-bd36-2804eade792b,Auto shipment 491,1c21be0f-7a41-4fd2-98f6-829a3308a50a,2025-07-11T00:00:00+00:00,2025-07-13T11:29:00+00:00,432,shipped,CUST-5829,synthetic,2025-07-12T00:00:00+00:00
95b30ac2-87b7-4723-8226-821066629de8,Auto shipment 492,78b74b5c-e459-4f23-b196-79e2b104375d,2025-01-08T00:00:00+00:00,2025-01-12T17:48:00+00:00,194,shipped,CUST-3718,synthetic,2025-01-11T00:00:00+00:00
a5f53a87-9ba2-4f8f-9ad9-a2427588e59e,Auto shipment 493,68db2e0c-1613-41ae-a22c-4959cbb08fe6,2024-12-12T00:00:00+00:00,2024-12-16T01:29:00+00:00,369,shipped,CUST-2974,synthetic,2024-12-15T00:00:00+00:00
ad1462c8-566f-474c-8144-66d9dffea74a,Auto shipment 494,78b74b5c-e459-4f23-b196-79e2b104375d,2025-10-14T00:00:00+00:00,2025-10-15T02:23:00+00:00,297,shipped,CUST-2407,synthetic,2025-10-14T00:00:00+00:00
8d3809e7-3c8f-4cbf-880d-6d3ac90a24fd,Auto shipment 495,1c21be0f-7a41-4fd2-98f6-829a3308a50a,2025-05-17T00:00:00+00:00,2025-05-19T16:38:00+00:00,98,shipped,CUST-9373,synthetic,2025-05-18T00:00:00+00:00
130f0eaf-efe8-4210-a999-829c1129b7d5,Auto shipment 496,78b74b5c-e459-4f23-b196-79e2b104375d,2025-06-20T00:00:00+00:00,2025-06-22T01:03:00+00:00,225,shipped,CUST-8353,synthetic,2025-06-21T00:00:00+00:00
cf4b1371-9747-45ef-b18f-8dc972acca26,Auto shipment 497,1c21be0f-7a41-4fd2-98f6-829a3308a50a,2025-03-28T00:00:00+00:00,2025-03-29T08:52:00+00:00,425,shipped,CUST-7335,synthetic,2025-03-28T00:00:00+00:00
76b04f9b-7d2c-4f57-9fd8-a4f520740487,Auto shipment 498,78b74b5c-e459-4f23-b196-79e2b104375d,2025-07-20T00:00:00+00:00,2025-07-23T18:47:00+00:00,274,shipped,CUST-2623,synthetic,2025-07-22T00:00:00+00:00
446f7cfb-8551-451d-97dd-7f533982ad99,Auto shipment 499,1c21be0f-7a41-4fd2-98f6-829a3308a50a,2025-05-02T00:00:00+00:00,2025-05-05T19:53:00+00:00,453,shipped,CUST-2429,synthetic,2025-05-04T00:00:00+00:00
22156eb4-624a-48ac-836a-c5835741d8bf,Auto shipment 500,68db2e0c-1613-41ae-a22c-4959cbb08fe6,2025-03-08T00:00:00+00:00,2025-03-11T15:28:00+00:00,278,shipped,CUST-3226,synthetic,2025-03-10T00:00:00+00:00
a5660912-37a4-48f5-982d-46038b470c25,Auto shipment 501,68db2e0c-1613-41ae-a22c-4959cbb08fe6,2025-01-10T00:00:00+00:00,2025-01-11T12:42:00+00:00,409,shipped,CUST-5141,synthetic,2025-01-10T00:00:00+00:00
a7cea45c-966e-4e80-bfa1-baf466469c08,Auto shipment 502,68db2e0c-1613-41ae-a22c-4959cbb08fe6,2025-02-27T00:00:00+00:00,2025-02-28T15:10:00+00:00,241,shipped,CUST-7876,synthetic,2025-02-27T00:00:00+00:00
4aa17848-6447-4adf-b389-fd0b6ef83a49,Auto shipment 503,78b74b5c-e459-4f23-b196-79e2b104375d,2025-01-14T00:00:00+00:00,2025-01-15T22:36:00+00:00,244,shipped,CUST-4230,synthetic,2025-01-14T00:00:00+00:00
69985078-1354-4e08-80de-ea0da9ca1b90,Auto shipment 504,68db2e0c-1613-41ae-a22c-4959cbb08fe6,2025-04-10T00:00:00+00:00,2025-04-10T04:21:00+00:00,217,shipped,CUST-4777,synthetic,2025-04-09T00:00:00+00:00
e6a42ecf-5d47-49a6-9e10-304656a07f3c,Auto shipment 505,1c21be0f-7a41-4fd2-98f6-829a3308a50a,2025-05-21T00:00:00+00:00,2025-05-25T04:10:00+00:00,212,shipped,CUST-4879,synthetic,2025-05-24T00:00:00+00:00
90e77299-a220-4aff-97eb-2169374a4966,Auto shipment 506,1c21be0f-7a41-4fd2-98f6-829a3308a50a,2025-06-11T00:00:00+00:00,2025-06-14T10:37:00+00:00,391,shipped,CUST-6026,synthetic,2025-06-13T00:00:00+00:00
cb4202c7-6722-4498-8ff6-253dc5e403cb,Auto shipment 507,78b74b5c-e459-4f23-b196-79e2b104375d,2025-04-21T00:00:00+00:00,2025-04-24T11:44:00+00:00,115,shipped,CUST-8678,synthetic,2025-04-23T00:00:00+00:00
b99d2aac-e021-42e6-937d-6cfde788ab9c,Auto shipment 508,68db2e0c-1613-41ae-a22c-4959cbb08fe6,2025-09-12T00:00:00+00:00,2025-09-14T05:56:00+00:00,340,shipped,CUST-1940,synthetic,2025-09-13T00:00:00+00:00
9eaf5784-1be6-4a5c-b38f-333d6ae96cf5,Auto shipment 509,78b74b5c-e459-4f23-b196-79e2b104375d,2025-08-16T00:00:00+00:00,2025-08-17T22:54:00+00:00,197,shipped,CUST-4957,synthetic,2025-08-16T00:00:00+00:00
65abeb82-bc8d-4998-b5b2-81fc1d65961b,Auto shipment 510,68db2e0c-1613-41ae-a22c-4959cbb08fe6,2025-09-17T00:00:00+00:00,2025-09-18T09:19:00+00:00,159,shipped,CUST-3711,synthetic,2025-09-17T00:00:00+00:00
d2bfffef-f95c-4eee-acf2-ee477b68b6f0,Auto shipment 511,68db2e0c-1613-41ae-a22c-4959cbb08fe6,2025-04-10T00:00:00+00:00,2025-04-10T02:25:00+00:00,314,shipped,CUST-6666,synthetic,2025-04-09T00:00:00+00:00
b7d355e3-6c48-4e6f-aaa4-01b30e6d9fe4,Auto shipment 512,68db2e0c-1613-41ae-a22c-4959cbb08fe6,2025-07-26T00:00:00+00:00,2025-07-28T03:08:00+00:00,317,shipped,CUST-6995,synthetic,2025-07-27T00:00:00+00:00
f897db82-3baf-4f9d-a71e-29729189fa65,Auto shipment 513,1c21be0f-7a41-4fd2-98f6-829a3308a50a,2025-07-30T00:00:00+00:00,2025-07-31T18:01:00+00:00,170,shipped,CUST-4075,synthetic,2025-07-30T00:00:00+00:00
a8b6f0de-af02-4a01-8974-48df7dda5e40,Auto shipment 514,78b74b5c-e459-4f23-b196-79e2b104375d,2025-01-14T00:00:00+00:00,2025-01-14T02:20:00+00:00,199,shipped,CUST-4669,synthetic,2025-01-13T00:00:00+00:00
dfde6117-c860-4002-8cbb-06f408d7470d,Auto shipment 515,68db2e0c-1613-41ae-a22c-4959cbb08fe6,2025-09-26T00:00:00+00:00,2025-09-29T01:25:00+00:00,348,shipped,CUST-8505,synthetic,2025-09-28T00:00:00+00:00
2da37dfb-1676-42d3-ad3d-37e26935b65a,Auto shipment 516,1c21be0f-7a41-4fd2-98f6-829a3308a50a,2025-09-30T00:00:00+00:00,2025-09-30T20:12:00+00:00,250,shipped,CUST-2580,synthetic,2025-09-29T00:00:00+00:00
21f71ca6-0f67-4e00-ac02-c2bbd0768ea3,Auto shipment 517,78b74b5c-e459-4f23-b196-79e2b104375d,2025-10-04T00:00:00+00:00,2025-10-04T06:23:00+00:00,120,shipped,CUST-2775,synthetic,2025-10-03T00:00:00+00:00
fa47b29a-1535-4c37-94b2-a41982d363d0,Auto shipment 518,68db2e0c-1613-41ae-a22c-4959cbb08fe6,2025-11-06T00:00:00+00:00,2025-11-08T14:30:00+00:00,281,shipped,CUST-3772,synthetic,2025-11-07T00:00:00+00:00
ed55e131-9623-4e58-b471-11228a5f5d28,Auto shipment 519,1c21be0f-7a41-4fd2-98f6-829a3308a50a,2024-12-09T00:00:00+00:00,2024-12-09T18:22:00+00:00,308,shipped,CUST-8921,synthetic,2024-12-08T00:00:00+00:00
f227f9e2-15dd-402b-9993-97c17dc3e7a8,Auto shipment 520,78b74b5c-e459-4f23-b196-79e2b104375d,2025-02-04T00:00:00+00:00,2025-02-04T22:14:00+00:00,461,shipped,CUST-1702,synthetic,2025-02-03T00:00:00+00:00
ed18acf2-a79e-44c2-a4b3-abe2ef63098e,Auto shipment 521,78b74b5c-e459-4f23-b196-79e2b104375d,2025-05-19T00:00:00+00:00,2025-05-19T04:01:00+00:00,418,shipped,CUST-6237,synthetic,2025-05-18T00:00:00+00:00
eb9b7de1-852c-4bef-b778-15f76251288a,Auto shipment 522,68db2e0c-1613-41ae-a22c-4959cbb08fe6,2025-01-05T00:00:00+00:00,2025-01-07T18:14:00+00:00,199,shipped,CUST-9914,synthetic,2025-01-06T00:00:00+00:00
86d79d73-68ef-43ee-ac66-761ff2cf0091,Auto shipment 523,68db2e0c-1613-41ae-a22c-4959cbb08fe6,2025-07-07T00:00:00+00:00,2025-07-08T08:15:00+00:00,352,shipped,CUST-2514,synthetic,2025-07-07T00:00:00+00:00
1a2f6fb5-bbd5-4549-89d3-88bf89ea5114,Auto shipment 524,1c21be0f-7a41-4fd2-98f6-829a3308a50a,2025-06-22T00:00:00+00:00,2025-06-22T21:42:00+00:00,121,shipped,CUST-8888,synthetic,2025-06-21T00:00:00+00:00
0bed0e75-3aa5-4d40-9772-eb1e2dbb1627,Auto shipment 525,68db2e0c-1613-41ae-a22c-4959cbb08fe6,2025-02-19T00:00:00+00:00,2025-02-20T00:06:00+00:00,394,shipped,CUST-7904,synthetic,2025-02-19T00:00:00+00:00
0a9d4426-8560-42b6-99d2-e5cfea8e79b3,Auto shipment 526,78b74b5c-e459-4f23-b196-79e2b104375d,2025-01-22T00:00:00+00:00,2025-01-23T09:54:00+00:00,530,shipped,CUST-2324,synthetic,2025-01-22T00:00:00+00:00
3e35c282-e120-4f02-8912-a095315f6a33,Auto shipment 527,68db2e0c-1613-41ae-a22c-4959cbb08fe6,2025-06-12T00:00:00+00:00,2025-06-12T01:38:00+00:00,262,shipped,CUST-6679,synthetic,2025-06-11T00:00:00+00:00
c98de500-4996-4f3a-8e61-3e4cb12934c6,Auto shipment 528,1c21be0f-7a41-4fd2-98f6-829a3308a50a,2025-03-19T00:00:00+00:00,2025-03-22T05:11:00+00:00,280,shipped,CUST-7867,synthetic,2025-03-21T00:00:00+00:00
94a06852-2d63-416e-9885-7b12cefc4db2,Auto shipment 529,1c21be0f-7a41-4fd2-98f6-829a3308a50a,2025-10-01T00:00:00+00:00,2025-10-04T16:46:00+00:00,160,shipped,CUST-4829,synthetic,2025-10-03T00:00:00+00:00
f21b7491-783c-4d8a-857b-0a03da1b82b3,Auto shipment 530,68db2e0c-1613-41ae-a22c-4959cbb08fe6,2025-08-07T00:00:00+00:00,2025-08-08T09:06:00+00:00,174,shipped,CUST-3718,synthetic,2025-08-07T00:00:00+00:00
5a28a78d-1d72-47a9-8a8a-08f91a48a65e,Auto shipment 531,68db2e0c-1613-41ae-a22c-4959cbb08fe6,2024-11-27T00:00:00+00:00,2024-11-28T16:16:00+00:00,157,shipped,CUST-5970,synthetic,2024-11-27T00:00:00+00:00
d3f8fa2d-99d0-4006-8b7d-40744d1c5b25,Auto shipment 532,1c21be0f-7a41-4fd2-98f6-829a3308a50a,2025-05-18T00:00:00+00:00,2025-05-20T08:13:00+00:00,304,shipped,CUST-7320,synthetic,2025-05-19T00:00:00+00:00
a0705d27-5c38-4a39-95b0-f559305f45dc,Auto shipment 533,1c21be0f-7a41-4fd2-98f6-829a3308a50a,2025-06-10T00:00:00+00:00,2025-06-10T13:01:00+00:00,316,shipped,CUST-3213,synthetic,2025-06-09T00:00:00+00:00
8f1d5312-fa7f-45e2-9990-766244f54776,Auto shipment 534,78b74b5c-e459-4f23-b196-79e2b104375d,2024-11-09T00:00:00+00:00,2024-11-10T07:39:00+00:00,111,shipped,CUST-8555,synthetic,2024-11-09T00:00:00+00:00
4c739834-972c-44c6-bcb7-909cba327268,Auto shipment 535,68db2e0c-1613-41ae-a22c-4959cbb08fe6,2025-04-24T00:00:00+00:00,2025-04-28T19:44:00+00:00,144,shipped,CUST-5217,synthetic,2025-04-27T00:00:00+00:00
bff66242-7544-45af-80fa-da8b6751db55,Auto shipment 536,1c21be0f-7a41-4fd2-98f6-829a3308a50a,2025-09-09T00:00:00+00:00,2025-09-09T21:01:00+00:00,439,shipped,CUST-2778,synthetic,2025-09-08T00:00:00+00:00
fad165ae-8957-4d0a-914a-70eaddf5fa70,Auto shipment 537,68db2e0c-1613-41ae-a22c-4959cbb08fe6,2025-08-03T00:00:00+00:00,2025-08-07T02:54:00+00:00,238,shipped,CUST-9009,synthetic,2025-08-06T00:00:00+00:00
9e8449e5-57b9-48d5-b4fb-02b94efcf61f,Auto shipment 538,1c21be0f-7a41-4fd2-98f6-829a3308a50a,2024-12-13T00:00:00+00:00,2024-12-16T22:10:00+00:00,291,shipped,CUST-9887,synthetic,2024-12-15T00:00:00+00:00
56bd59f9-0ab9-45ad-9291-2746e1d54dd0,Auto shipment 539,68db2e0c-1613-41ae-a22c-4959cbb08fe6,2025-02-21T00:00:00+00:00,2025-02-21T11:52:00+00:00,226,shipped,CUST-7427,synthetic,2025-02-20T00:00:00+00:00
787840a3-67a6-475d-a9eb-dc14b7f4f13a,Auto shipment 540,68db2e0c-1613-41ae-a22c-4959cbb08fe6,2024-12-09T00:00:00+00:00,2024-12-11T09:12:00+00:00,171,shipped,CUST-7896,synthetic,2024-12-10T00:00:00+00:00
7ceec06c-6fe7-43bc-83cb-7b388e965816,Auto shipment 541,1c21be0f-7a41-4fd2-98f6-829a3308a50a,2025-08-10T00:00:00+00:00,2025-08-11T09:22:00+00:00,169,shipped,CUST-6146,synthetic,2025-08-10T00:00:00+00:00
f6063eb1-5c8f-4d5e-b341-5b2a36c02bff,Auto shipment 542,1c21be0f-7a41-4fd2-98f6-829a3308a50a,2025-06-08T00:00:00+00:00,2025-06-12T06:18:00+00:00,438,shipped,CUST-8209,synthetic,2025-06-11T00:00:00+00:00
f29d1e3f-a805-48a1-aba6-d5de740187cc,Auto shipment 543,68db2e0c-1613-41ae-a22c-4959cbb08fe6,2025-02-09T00:00:00+00:00,2025-02-13T06:57:00+00:00,385,shipped,CUST-3443,synthetic,2025-02-12T00:00:00+00:00
e379e2d6-e333-46e3-87ba-4f15eddec591,Auto shipment 544,78b74b5c-e459-4f23-b196-79e2b104375d,2025-04-23T00:00:00+00:00,2025-04-27T18:57:00+00:00,368,shipped,CUST-5952,synthetic,2025-04-26T00:00:00+00:00
8f46819b-a9a8-4c6c-82ca-b1315e5e285c,Auto shipment 545,1c21be0f-7a41-4fd2-98f6-829a3308a50a,2025-09-06T00:00:00+00:00,2025-09-09T04:24:00+00:00,403,shipped,CUST-9302,synthetic,2025-09-08T00:00:00+00:00
c8604788-b5fb-46f3-98f2-f82c0c03a35e,Auto shipment 546,78b74b5c-e459-4f23-b196-79e2b104375d,2024-12-09T00:00:00+00:00,2024-12-13T02:28:00+00:00,139,shipped,CUST-6244,synthetic,2024-12-12T00:00:00+00:00
e2ae68fe-8a17-4f43-b85e-b7005e7dd093,Auto shipment 547,78b74b5c-e459-4f23-b196-79e2b104375d,2025-10-29T00:00:00+00:00,2025-11-01T18:53:00+00:00,403,shipped,CUST-4135,synthetic,2025-10-31T00:00:00+00:00
baab525d-a47f-40b6-ac76-6e57c6278c7a,Auto shipment 548,1c21be0f-7a41-4fd2-98f6-829a3308a50a,2025-01-25T00:00:00+00:00,2025-01-27T21:42:00+00:00,330,shipped,CUST-9399,synthetic,2025-01-26T00:00:00+00:00
5900a106-931f-40b3-a605-d64ae6e20177,Auto shipment 549,78b74b5c-e459-4f23-b196-79e2b104375d,2025-08-05T00:00:00+00:00,2025-08-05T16:39:00+00:00,153,shipped,CUST-1844,synthetic,2025-08-04T00:00:00+00:00
8e9309dc-8e1d-4613-9a25-4e473e878d8e,Auto shipment 550,68db2e0c-1613-41ae-a22c-4959cbb08fe6,2025-06-11T00:00:00+00:00,2025-06-14T08:26:00+00:00,174,shipped,CUST-7395,synthetic,2025-06-13T00:00:00+00:00
ccbb9510-5bba-450d-8e01-d39c7cb09b8c,Auto shipment 551,68db2e0c-1613-41ae-a22c-4959cbb08fe6,2025-09-23T00:00:00+00:00,2025-09-26T16:42:00+00:00,336,shipped,CUST-7978,synthetic,2025-09-25T00:00:00+00:00
1024866c-8d7f-45f8-94e8-c3ef6d050f2d,Auto shipment 552,78b74b5c-e459-4f23-b196-79e2b104375d,2025-03-30T00:00:00+00:00,2025-04-01T08:41:00+00:00,409,shipped,CUST-2732,synthetic,2025-03-31T00:00:00+00:00
6042f49c-e265-4a11-b693-1ef6850bc6e2,Auto shipment 553,1c21be0f-7a41-4fd2-98f6-829a3308a50a,2025-07-24T00:00:00+00:00,2025-07-27T17:38:00+00:00,411,shipped,CUST-8422,synthetic,2025-07-26T00:00:00+00:00
f7a3c751-e059-4acc-8f4f-63a9147d1b2f,Auto shipment 554,1c21be0f-7a41-4fd2-98f6-829a3308a50a,2025-03-30T00:00:00+00:00,2025-04-03T08:32:00+00:00,242,shipped,CUST-7281,synthetic,2025-04-02T00:00:00+00:00
b9a958b9-cf85-448c-97e4-69664e5f275a,Auto shipment 555,68db2e0c-1613-41ae-a22c-4959cbb08fe6,2024-12-21T00:00:00+00:00,2024-12-22T01:32:00+00:00,545,shipped,CUST-5390,synthetic,2024-12-21T00:00:00+00:00
180546f5-c23d-4153-b2bd-099b8317f559,Auto shipment 556,1c21be0f-7a41-4fd2-98f6-829a3308a50a,2024-12-14T00:00:00+00:00,2024-12-17T22:43:00+00:00,412,shipped,CUST-6925,synthetic,2024-12-16T00:00:00+00:00
7de234d4-81be-4e1a-bee7-162f2a5855a5,Auto shipment 557,68db2e0c-1613-41ae-a22c-4959cbb08fe6,2025-07-27T00:00:00+00:00,2025-07-27T21:22:00+00:00,314,shipped,CUST-5414,synthetic,2025-07-26T00:00:00+00:00
4320f1f7-1dd2-4604-b1e2-0d1a12dc89ec,Auto shipment 558,78b74b5c-e459-4f23-b196-79e2b104375d,2025-07-31T00:00:00+00:00,2025-08-01T22:11:00+00:00,210,shipped,CUST-4414,synthetic,2025-07-31T00:00:00+00:00
20afaa43-fae8-4771-8ccb-787d64baa7ee,Auto shipment 559,68db2e0c-1613-41ae-a22c-4959cbb08fe6,2025-04-25T00:00:00+00:00,2025-04-27T03:27:00+00:00,196,shipped,CUST-8818,synthetic,2025-04-26T00:00:00+00:00
8486e4dd-14ae-47cc-aa70-ef4c1060392f,Auto shipment 560,68db2e0c-1613-41ae-a22c-4959cbb08fe6,2025-03-02T00:00:00+00:00,2025-03-06T17:23:00+00:00,436,shipped,CUST-9246,synthetic,2025-03-05T00:00:00+00:00
6e542dc2-b537-4c12-b845-e96194012cf5,Auto shipment 561,68db2e0c-1613-41ae-a22c-4959cbb08fe6,2025-04-01T00:00:00+00:00,2025-04-05T13:01:00+00:00,97,shipped,CUST-8613,synthetic,2025-04-04T00:00:00+00:00
c9ff1827-07da-46cf-8d34-99482d283b8e,Auto shipment 562,78b74b5c-e459-4f23-b196-79e2b104375d,2024-12-15T00:00:00+00:00,2024-12-18T09:35:00+00:00,130,shipped,CUST-7412,synthetic,2024-12-17T00:00:00+00:00
2cee90aa-5746-415c-99fe-1ef4926c14bb,Auto shipment 563,1c21be0f-7a41-4fd2-98f6-829a3308a50a,2025-06-08T00:00:00+00:00,2025-06-11T08:45:00+00:00,288,shipped,CUST-6971,synthetic,2025-06-10T00:00:00+00:00
7b8f62ea-5f70-4911-a195-8656e8360979,Auto shipment 564,78b74b5c-e459-4f23-b196-79e2b104375d,2025-03-18T00:00:00+00:00,2025-03-18T01:51:00+00:00,217,shipped,CUST-8750,synthetic,2025-03-17T00:00:00+00:00
2c811f95-6dd3-4fbf-98ca-4d71c007232c,Auto shipment 565,78b74b5c-e459-4f23-b196-79e2b104375d,2025-08-16T00:00:00+00:00,2025-08-17T20:20:00+00:00,346,shipped,CUST-7479,synthetic,2025-08-16T00:00:00+00:00
e9821b53-93dc-43ba-890a-81ce43117d09,Auto shipment 566,78b74b5c-e459-4f23-b196-79e2b104375d,2025-04-14T00:00:00+00:00,2025-04-17T22:47:00+00:00,338,shipped,CUST-7139,synthetic,2025-04-16T00:00:00+00:00
0d091580-b919-4c0c-9bde-dc6703aeff43,Auto shipment 567,1c21be0f-7a41-4fd2-98f6-829a3308a50a,2025-01-29T00:00:00+00:00,2025-01-29T17:34:00+00:00,438,shipped,CUST-7924,synthetic,2025-01-28T00:00:00+00:00
355f9d34-f634-41e4-bb19-36a403a41bf2,Auto shipment 568,68db2e0c-1613-41ae-a22c-4959cbb08fe6,2025-03-27T00:00:00+00:00,2025-03-27T05:24:00+00:00,270,shipped,CUST-1269,synthetic,2025-03-26T00:00:00+00:00
b845ae5a-6f87-4a22-9b3b-eccfd838bfaf,Auto shipment 569,68db2e0c-1613-41ae-a22c-4959cbb08fe6,2024-12-04T00:00:00+00:00,2024-12-07T03:27:00+00:00,306,shipped,CUST-5136,synthetic,2024-12-06T00:00:00+00:00
6eb4cdbd-bb8e-4824-bab2-aaf0c2be2d80,Auto shipment 570,1c21be0f-7a41-4fd2-98f6-829a3308a50a,2025-02-05T00:00:00+00:00,2025-02-09T15:26:00+00:00,413,shipped,CUST-5747,synthetic,2025-02-08T00:00:00+00:00
9945b583-fb50-4013-be6b-8e8389d099eb,Auto shipment 571,1c21be0f-7a41-4fd2-98f6-829a3308a50a,2025-05-06T00:00:00+00:00,2025-05-10T09:01:00+00:00,255,shipped,CUST-6252,synthetic,2025-05-09T00:00:00+00:00
b1f429da-719c-4074-aa4e-8b1518a6904f,Auto shipment 572,68db2e0c-1613-41ae-a22c-4959cbb08fe6,2025-07-08T00:00:00+00:00,2025-07-12T03:13:00+00:00,355,shipped,CUST-2200,synthetic,2025-07-11T00:00:00+00:00
1c163696-b3d1-4145-8d0c-a70a6a01e077,Auto shipment 573,78b74b5c-e459-4f23-b196-79e2b104375d,2025-03-08T00:00:00+00:00,2025-03-10T06:55:00+00:00,354,shipped,CUST-3015,synthetic,2025-03-09T00:00:00+00:00
1261a4bf-6c64-4672-808c-04ef731ac2f3,Auto shipment 574,1c21be0f-7a41-4fd2-98f6-829a3308a50a,2024-11-07T00:00:00+00:00,2024-11-11T15:48:00+00:00,387,shipped,CUST-9610,synthetic,2024-11-10T00:00:00+00:00
21de5100-f2ed-4358-ba71-bf5a7c2049b0,Auto shipment 575,1c21be0f-7a41-4fd2-98f6-829a3308a50a,2025-02-02T00:00:00+00:00,2025-02-02T02:43:00+00:00,296,shipped,CUST-6341,synthetic,2025-02-01T00:00:00+00:00
404cb4ec-533d-4e93-a08e-70d358c28f25,Auto shipment 576,1c21be0f-7a41-4fd2-98f6-829a3308a50a,2025-04-25T00:00:00+00:00,2025-04-25T03:06:00+00:00,255,shipped,CUST-1739,synthetic,2025-04-24T00:00:00+00:00
60ce412f-4d91-4fca-b0ef-429b90d7f452,Auto shipment 577,68db2e0c-1613-41ae-a22c-4959cbb08fe6,2025-08-12T00:00:00+00:00,2025-08-12T20:21:00+00:00,241,shipped,CUST-1586,synthetic,2025-08-11T00:00:00+00:00
bdd89bfb-36eb-4967-b645-805531b51a07,Auto shipment 578,78b74b5c-e459-4f23-b196-79e2b104375d,2025-03-10T00:00:00+00:00,2025-03-10T02:51:00+00:00,141,shipped,CUST-4422,synthetic,2025-03-09T00:00:00+00:00
2af790b7-1dfa-4c5d-b808-c2ba40cd1719,Auto shipment 579,1c21be0f-7a41-4fd2-98f6-829a3308a50a,2025-02-03T00:00:00+00:00,2025-02-06T05:36:00+00:00,271,shipped,CUST-8163,synthetic,2025-02-05T00:00:00+00:00
aa004dc4-fe51-47e3-a19b-70e28fbd8a17,Auto shipment 580,1c21be0f-7a41-4fd2-98f6-829a3308a50a,2025-01-12T00:00:00+00:00,2025-01-15T08:02:00+00:00,117,shipped,CUST-6554,synthetic,2025-01-14T00:00:00+00:00
f0741999-1ed9-4460-80de-a1f5d008bdd3,Auto shipment 581,68db2e0c-1613-41ae-a22c-4959cbb08fe6,2025-10-22T00:00:00+00:00,2025-10-23T17:11:00+00:00,346,shipped,CUST-2454,synthetic,2025-10-22T00:00:00+00:00
edc947be-32f9-46a8-8413-7d8d888a6040,Auto shipment 582,78b74b5c-e459-4f23-b196-79e2b104375d,2025-10-19T00:00:00+00:00,2025-10-23T01:52:00+00:00,388,shipped,CUST-9762,synthetic,2025-10-22T00:00:00+00:00
fea081ea-8fd8-462b-b381-bef99d851414,Auto shipment 583,68db2e0c-1613-41ae-a22c-4959cbb08fe6,2025-10-03T00:00:00+00:00,2025-10-05T20:30:00+00:00,105,shipped,CUST-5526,synthetic,2025-10-04T00:00:00+00:00
5a4dcbf1-7070-4a0c-ae7a-7bfac91c69ba,Auto shipment 584,78b74b5c-e459-4f23-b196-79e2b104375d,2025-09-09T00:00:00+00:00,2025-09-11T09:34:00+00:00,447,shipped,CUST-8640,synthetic,2025-09-10T00:00:00+00:00
f71c851f-6414-49d9-961e-f8a04db1485b,Auto shipment 585,68db2e0c-1613-41ae-a22c-4959cbb08fe6,2025-02-05T00:00:00+00:00,2025-02-09T05:12:00+00:00,224,shipped,CUST-6316,synthetic,2025-02-08T00:00:00+00:00
3cb6e49c-4586-4cc2-b3b0-4c6537809b75,Auto shipment 586,78b74b5c-e459-4f23-b196-79e2b104375d,2025-09-23T00:00:00+00:00,2025-09-23T00:43:00+00:00,360,shipped,CUST-9207,synthetic,2025-09-22T00:00:00+00:00
04be8eb5-6cca-4062-ac4c-2969674c124d,Auto shipment 587,1c21be0f-7a41-4fd2-98f6-829a3308a50a,2025-07-27T00:00:00+00:00,2025-07-27T16:08:00+00:00,201,shipped,CUST-9186,synthetic,2025-07-26T00:00:00+00:00
9ab03c20-42f2-4690-b7dd-1b4f8e4a9f20,Auto shipment 588,78b74b5c-e459-4f23-b196-79e2b104375d,2025-09-17T00:00:00+00:00,2025-09-21T03:23:00+00:00,316,shipped,CUST-1719,synthetic,2025-09-20T00:00:00+00:00
4b403f7b-962a-4e5d-b0bc-e7ade9ed4798,Auto shipment 589,78b74b5c-e459-4f23-b196-79e2b104375d,2025-09-14T00:00:00+00:00,2025-09-15T08:20:00+00:00,265,shipped,CUST-8372,synthetic,2025-09-14T00:00:00+00:00
54073131-5359-4b0e-842e-5b5a1ea3455b,Auto shipment 590,68db2e0c-1613-41ae-a22c-4959cbb08fe6,2025-08-09T00:00:00+00:00,2025-08-09T18:20:00+00:00,243,shipped,CUST-8864,synthetic,2025-08-08T00:00:00+00:00
e49fddc4-04f3-4915-a3ff-5c59e5cd821b,Auto shipment 591,78b74b5c-e459-4f23-b196-79e2b104375d,2025-03-04T00:00:00+00:00,2025-03-07T20:34:00+00:00,450,shipped,CUST-2892,synthetic,2025-03-06T00:00:00+00:00
217113ee-7c92-418b-82ad-0a3f40e9a067,Auto shipment 592,78b74b5c-e459-4f23-b196-79e2b104375d,2025-06-17T00:00:00+00:00,2025-06-19T12:30:00+00:00,124,shipped,CUST-8997,synthetic,2025-06-18T00:00:00+00:00
b03d69d1-970a-4487-a3ac-d8969cf13fca,Auto shipment 593,1c21be0f-7a41-4fd2-98f6-829a3308a50a,2025-07-14T00:00:00+00:00,2025-07-14T08:20:00+00:00,159,shipped,CUST-9304,synthetic,2025-07-13T00:00:00+00:00
1e5c0585-ef89-48b8-8ffb-7d336ce598b4,Auto shipment 594,68db2e0c-1613-41ae-a22c-4959cbb08fe6,2025-02-26T00:00:00+00:00,2025-02-26T10:27:00+00:00,348,shipped,CUST-9432,synthetic,2025-02-25T00:00:00+00:00
45c252a1-2bff-4185-abf0-38c00f67e524,Auto shipment 595,68db2e0c-1613-41ae-a22c-4959cbb08fe6,2024-12-14T00:00:00+00:00,2024-12-18T14:51:00+00:00,327,shipped,CUST-9886,synthetic,2024-12-17T00:00:00+00:00
bbfad78e-2d91-4180-947b-edcdae51daaf,Auto shipment 596,78b74b5c-e459-4f23-b196-79e2b104375d,2025-07-28T00:00:00+00:00,2025-08-01T11:53:00+00:00,150,shipped,CUST-5995,synthetic,2025-07-31T00:00:00+00:00
cb98a304-5252-4fe6-b8b8-e6c85ed2380d,Auto shipment 597,78b74b5c-e459-4f23-b196-79e2b104375d,2025-09-27T00:00:00+00:00,2025-09-29T01:58:00+00:00,401,shipped,CUST-8805,synthetic,2025-09-28T00:00:00+00:00
2a0e30cd-001e-47a1-9d3a-30667a3483e9,Auto shipment 598,1c21be0f-7a41-4fd2-98f6-829a3308a50a,2025-06-24T00:00:00+00:00,2025-06-25T03:53:00+00:00,116,shipped,CUST-3700,synthetic,2025-06-24T00:00:00+00:00
93b144cb-d7c5-45ab-adca-c270c64b6006,Auto shipment 599,68db2e0c-1613-41ae-a22c-4959cbb08fe6,2025-07-14T00:00:00+00:00,2025-07-15T11:21:00+00:00,210,shipped,CUST-7653,synthetic,2025-07-14T00:00:00+00:00
a412e19e-3b50-4a4a-a2f3-3d70a6be7e20,Auto shipment 600,1c21be0f-7a41-4fd2-98f6-829a3308a50a,2025-06-17T00:00:00+00:00,2025-06-17T18:46:00+00:00,243,shipped,CUST-1911,synthetic,2025-06-16T00:00:00+00:00
a394d21d-379a-43bb-80fb-861e0c719a8f,Auto shipment 601,1c21be0f-7a41-4fd2-98f6-829a3308a50a,2025-07-09T00:00:00+00:00,2025-07-10T10:54:00+00:00,319,shipped,CUST-7906,synthetic,2025-07-09T00:00:00+00:00
c4445b0a-c8b6-4741-a815-508730c14148,Auto shipment 602,68db2e0c-1613-41ae-a22c-4959cbb08fe6,2024-12-31T00:00:00+00:00,2025-01-03T15:36:00+00:00,187,shipped,CUST-4790,synthetic,2025-01-02T00:00:00+00:00
358a7356-6d78-4f68-9352-34bb8a2c3c75,Auto shipment 603,1c21be0f-7a41-4fd2-98f6-829a3308a50a,2025-08-14T00:00:00+00:00,2025-08-18T15:07:00+00:00,243,shipped,CUST-2799,synthetic,2025-08-17T00:00:00+00:00
7ab7abcd-0504-4432-9668-31014cb43782,Auto shipment 604,68db2e0c-1613-41ae-a22c-4959cbb08fe6,2025-03-10T00:00:00+00:00,2025-03-14T12:33:00+00:00,256,shipped,CUST-8670,synthetic,2025-03-13T00:00:00+00:00
e42d70dd-14df-4386-9b2e-a3e938eb2265,Auto shipment 605,68db2e0c-1613-41ae-a22c-4959cbb08fe6,2025-06-16T00:00:00+00:00,2025-06-16T22:04:00+00:00,307,shipped,CUST-1311,synthetic,2025-06-15T00:00:00+00:00
51f180f9-a120-40d9-a108-c9ea110fd074,Auto shipment 606,1c21be0f-7a41-4fd2-98f6-829a3308a50a,2025-05-31T00:00:00+00:00,2025-06-03T13:28:00+00:00,161,shipped,CUST-5928,synthetic,2025-06-02T00:00:00+00:00
3b20641d-8ad1-4ea1-a65c-2ea061e3d4e6,Auto shipment 607,1c21be0f-7a41-4fd2-98f6-829a3308a50a,2025-06-04T00:00:00+00:00,2025-06-06T11:46:00+00:00,269,shipped,CUST-5275,synthetic,2025-06-05T00:00:00+00:00
9d596535-3f84-4adc-908b-f0817e7268e1,Auto shipment 608,78b74b5c-e459-4f23-b196-79e2b104375d,2025-01-10T00:00:00+00:00,2025-01-12T11:54:00+00:00,222,shipped,CUST-5830,synthetic,2025-01-11T00:00:00+00:00
6cc255ea-80d2-498e-a9b6-c2a8e8286ba3,Auto shipment 609,78b74b5c-e459-4f23-b196-79e2b104375d,2025-06-13T00:00:00+00:00,2025-06-16T15:14:00+00:00,232,shipped,CUST-5521,synthetic,2025-06-15T00:00:00+00:00
72945ee5-5307-4c32-b05e-a2a2245337e3,Auto shipment 610,78b74b5c-e459-4f23-b196-79e2b104375d,2025-04-07T00:00:00+00:00,2025-04-11T02:38:00+00:00,180,shipped,CUST-4929,synthetic,2025-04-10T00:00:00+00:00
9157b33a-2bac-465c-8fee-2df61bae583d,Auto shipment 611,68db2e0c-1613-41ae-a22c-4959cbb08fe6,2025-10-15T00:00:00+00:00,2025-10-15T18:55:00+00:00,260,shipped,CUST-2027,synthetic,2025-10-14T00:00:00+00:00
d6dae886-91d2-440a-8a58-8310bb32ae10,Auto shipment 612,68db2e0c-1613-41ae-a22c-4959cbb08fe6,2024-12-01T00:00:00+00:00,2024-12-02T05:11:00+00:00,358,shipped,CUST-9341,synthetic,2024-12-01T00:00:00+00:00
8b382ce6-f5a2-4fd1-875e-0a6998f45406,Auto shipment 613,78b74b5c-e459-4f23-b196-79e2b104375d,2025-10-09T00:00:00+00:00,2025-10-09T18:34:00+00:00,256,shipped,CUST-8906,synthetic,2025-10-08T00:00:00+00:00
d46b5682-9f71-46a2-80ec-95204486a077,Auto shipment 614,68db2e0c-1613-41ae-a22c-4959cbb08fe6,2025-05-01T00:00:00+00:00,2025-05-04T09:42:00+00:00,335,shipped,CUST-4480,synthetic,2025-05-03T00:00:00+00:00
207999f3-c7de-4bee-9618-251acc6e7ed6,Auto shipment 615,1c21be0f-7a41-4fd2-98f6-829a3308a50a,2025-10-03T00:00:00+00:00,2025-10-03T22:13:00+00:00,218,shipped,CUST-6341,synthetic,2025-10-02T00:00:00+00:00
b4a7639e-807d-46fc-b751-3271e667e113,Auto shipment 616,78b74b5c-e459-4f23-b196-79e2b104375d,2024-11-08T00:00:00+00:00,2024-11-11T02:16:00+00:00,170,shipped,CUST-9873,synthetic,2024-11-10T00:00:00+00:00
fc1f5f43-0b66-4f09-b3b3-8bc0689bfed3,Auto shipment 617,68db2e0c-1613-41ae-a22c-4959cbb08fe6,2025-08-02T00:00:00+00:00,2025-08-05T10:09:00+00:00,344,shipped,CUST-3636,synthetic,2025-08-04T00:00:00+00:00
09fedca5-753a-4e55-8d71-51b9c5ab19c4,Auto shipment 618,78b74b5c-e459-4f23-b196-79e2b104375d,2025-10-02T00:00:00+00:00,2025-10-03T01:18:00+00:00,139,shipped,CUST-2943,synthetic,2025-10-02T00:00:00+00:00
ef64e82c-96bd-4299-83c3-0f2cbcd9b3c9,Auto shipment 619,1c21be0f-7a41-4fd2-98f6-829a3308a50a,2025-10-30T00:00:00+00:00,2025-11-01T17:11:00+00:00,304,shipped,CUST-3094,synthetic,2025-10-31T00:00:00+00:00
63e8e599-0703-4c77-94cf-b207ddbcb8b9,Auto shipment 620,78b74b5c-e459-4f23-b196-79e2b104375d,2024-11-07T00:00:00+00:00,2024-11-11T03:51:00+00:00,369,shipped,CUST-5913,synthetic,2024-11-10T00:00:00+00:00
fedfc87e-5679-4388-902c-5a1549b28917,Auto shipment 621,1c21be0f-7a41-4fd2-98f6-829a3308a50a,2025-09-11T00:00:00+00:00,2025-09-12T13:56:00+00:00,345,shipped,CUST-9447,synthetic,2025-09-11T00:00:00+00:00
016fe767-f05e-4ba2-9fe4-753d833287cb,Auto shipment 622,68db2e0c-1613-41ae-a22c-4959cbb08fe6,2025-05-15T00:00:00+00:00,2025-05-18T17:34:00+00:00,357,shipped,CUST-2590,synthetic,2025-05-17T00:00:00+00:00
c2f33351-1344-44d0-a00c-7626ed775452,Auto shipment 623,68db2e0c-1613-41ae-a22c-4959cbb08fe6,2024-11-29T00:00:00+00:00,2024-12-01T16:27:00+00:00,400,shipped,CUST-9615,synthetic,2024-11-30T00:00:00+00:00
a0d6e63e-678a-4ef0-9a7b-58acd271f7ed,Auto shipment 624,78b74b5c-e459-4f23-b196-79e2b104375d,2025-03-07T00:00:00+00:00,2025-03-10T21:24:00+00:00,258,shipped,CUST-8618,synthetic,2025-03-09T00:00:00+00:00
b50ceb6f-48dc-49a3-b588-81e086a78642,Auto shipment 625,68db2e0c-1613-41ae-a22c-4959cbb08fe6,2025-09-19T00:00:00+00:00,2025-09-19T00:43:00+00:00,142,shipped,CUST-7547,synthetic,2025-09-18T00:00:00+00:00
e1383ec8-a245-4ad6-a6c7-40b8a2f76472,Auto shipment 626,1c21be0f-7a41-4fd2-98f6-829a3308a50a,2025-06-06T00:00:00+00:00,2025-06-06T02:53:00+00:00,116,shipped,CUST-1864,synthetic,2025-06-05T00:00:00+00:00
6978e3a6-938c-4896-874f-80c2dd5eccd6,Auto shipment 627,78b74b5c-e459-4f23-b196-79e2b104375d,2025-09-17T00:00:00+00:00,2025-09-21T22:00:00+00:00,363,shipped,CUST-1683,synthetic,2025-09-20T00:00:00+00:00
33b1f7ba-096b-4561-8065-600577b45bbb,Auto shipment 628,78b74b5c-e459-4f23-b196-79e2b104375d,2025-04-28T00:00:00+00:00,2025-04-30T09:07:00+00:00,370,shipped,CUST-8066,synthetic,2025-04-29T00:00:00+00:00
5b323d51-26c9-4e2f-ba95-b2792a11c13e,Auto shipment 629,78b74b5c-e459-4f23-b196-79e2b104375d,2025-04-07T00:00:00+00:00,2025-04-09T19:42:00+00:00,554,shipped,CUST-9541,synthetic,2025-04-08T00:00:00+00:00
14c4fba2-2556-4c26-92a5-6acf46526354,Auto shipment 630,78b74b5c-e459-4f23-b196-79e2b104375d,2025-09-06T00:00:00+00:00,2025-09-07T15:43:00+00:00,317,shipped,CUST-8353,synthetic,2025-09-06T00:00:00+00:00
6f5c0774-a358-4bc1-b296-8e4600546cee,Auto shipment 631,78b74b5c-e459-4f23-b196-79e2b104375d,2024-11-06T00:00:00+00:00,2024-11-10T15:11:00+00:00,363,shipped,CUST-2942,synthetic,2024-11-09T00:00:00+00:00
876201cc-ede6-4252-b035-1fb57210ebc7,Auto shipment 632,78b74b5c-e459-4f23-b196-79e2b104375d,2025-03-02T00:00:00+00:00,2025-03-02T02:22:00+00:00,223,shipped,CUST-1022,synthetic,2025-03-01T00:00:00+00:00
9891978e-a8f4-4f58-bc31-9800397ccb77,Auto shipment 633,68db2e0c-1613-41ae-a22c-4959cbb08fe6,2024-11-30T00:00:00+00:00,2024-12-04T12:35:00+00:00,250,shipped,CUST-7072,synthetic,2024-12-03T00:00:00+00:00
a216774b-4798-4f37-aece-aeb6ffc9b732,Auto shipment 634,1c21be0f-7a41-4fd2-98f6-829a3308a50a,2025-04-03T00:00:00+00:00,2025-04-03T22:46:00+00:00,300,shipped,CUST-1934,synthetic,2025-04-02T00:00:00+00:00
4856ee39-eca3-402d-8447-9b353a7deffa,Auto shipment 635,68db2e0c-1613-41ae-a22c-4959cbb08fe6,2025-05-11T00:00:00+00:00,2025-05-13T21:38:00+00:00,233,shipped,CUST-5078,synthetic,2025-05-12T00:00:00+00:00
c898d6ea-1032-4517-965f-c2a4bfd3bb88,Auto shipment 636,1c21be0f-7a41-4fd2-98f6-829a3308a50a,2025-04-02T00:00:00+00:00,2025-04-04T01:10:00+00:00,250,shipped,CUST-5120,synthetic,2025-04-03T00:00:00+00:00
36470bc8-dfed-40bc-982f-14488918edec,Auto shipment 637,68db2e0c-1613-41ae-a22c-4959cbb08fe6,2025-10-28T00:00:00+00:00,2025-10-29T16:11:00+00:00,393,shipped,CUST-8943,synthetic,2025-10-28T00:00:00+00:00
2c9002d6-bf6a-4286-aac4-86b1a30aa597,Auto shipment 638,1c21be0f-7a41-4fd2-98f6-829a3308a50a,2024-11-20T00:00:00+00:00,2024-11-22T01:36:00+00:00,476,shipped,CUST-9444,synthetic,2024-11-21T00:00:00+00:00
967cf222-a3fc-4c74-b923-57298deac965,Auto shipment 639,78b74b5c-e459-4f23-b196-79e2b104375d,2025-05-02T00:00:00+00:00,2025-05-02T16:12:00+00:00,330,shipped,CUST-3895,synthetic,2025-05-01T00:00:00+00:00
a9cc298c-4cda-4930-8639-3b35373a5cb9,Auto shipment 640,1c21be0f-7a41-4fd2-98f6-829a3308a50a,2025-05-10T00:00:00+00:00,2025-05-11T11:56:00+00:00,274,shipped,CUST-4854,synthetic,2025-05-10T00:00:00+00:00
be9d8895-b7f3-4c1d-aa77-69cc48e526e3,Auto shipment 641,78b74b5c-e459-4f23-b196-79e2b104375d,2025-06-02T00:00:00+00:00,2025-06-04T20:01:00+00:00,277,shipped,CUST-4380,synthetic,2025-06-03T00:00:00+00:00
a8cb4207-08ae-481e-a83e-f8dcc4c49ee2,Auto shipment 642,78b74b5c-e459-4f23-b196-79e2b104375d,2025-10-09T00:00:00+00:00,2025-10-10T19:20:00+00:00,105,shipped,CUST-8846,synthetic,2025-10-09T00:00:00+00:00
68c3cc0b-84e8-404a-9322-16caddb566ad,Auto shipment 643,1c21be0f-7a41-4fd2-98f6-829a3308a50a,2025-09-28T00:00:00+00:00,2025-09-30T20:16:00+00:00,348,shipped,CUST-5608,synthetic,2025-09-29T00:00:00+00:00
cb9f5b17-b4c3-484a-b39b-47c370cd379a,Auto shipment 644,1c21be0f-7a41-4fd2-98f6-829a3308a50a,2024-11-13T00:00:00+00:00,2024-11-14T13:28:00+00:00,109,shipped,CUST-5589,synthetic,2024-11-13T00:00:00+00:00
32361654-63af-443c-8d14-3ea391561920,Auto shipment 645,1c21be0f-7a41-4fd2-98f6-829a3308a50a,2025-01-07T00:00:00+00:00,2025-01-11T08:09:00+00:00,114,shipped,CUST-5511,synthetic,2025-01-10T00:00:00+00:00
05d97030-4948-451a-a574-d715173d8671,Auto shipment 646,1c21be0f-7a41-4fd2-98f6-829a3308a50a,2025-01-31T00:00:00+00:00,2025-02-01T20:49:00+00:00,197,shipped,CUST-7615,synthetic,2025-01-31T00:00:00+00:00
a21c0e71-8414-4114-bc9d-2dd0c8d6a994,Auto shipment 647,1c21be0f-7a41-4fd2-98f6-829a3308a50a,2025-10-05T00:00:00+00:00,2025-10-08T02:05:00+00:00,430,shipped,CUST-8050,synthetic,2025-10-07T00:00:00+00:00
7d7b2c4a-54b9-457b-84f1-8e961070f6b8,Auto shipment 648,68db2e0c-1613-41ae-a22c-4959cbb08fe6,2025-04-28T00:00:00+00:00,2025-05-02T18:12:00+00:00,217,shipped,CUST-2536,synthetic,2025-05-01T00:00:00+00:00
db5066e9-e529-4596-a59b-6a7b880d795d,Auto shipment 649,68db2e0c-1613-41ae-a22c-4959cbb08fe6,2025-10-17T00:00:00+00:00,2025-10-17T03:15:00+00:00,340,shipped,CUST-8497,synthetic,2025-10-16T00:00:00+00:00
408f28f0-9bb8-4363-bb68-482d53f943ce,Auto shipment 650,78b74b5c-e459-4f23-b196-79e2b104375d,2025-05-13T00:00:00+00:00,2025-05-17T12:23:00+00:00,152,shipped,CUST-8620,synthetic,2025-05-16T00:00:00+00:00
927c903a-c5cd-41cd-88aa-5edbb72626d5,Auto shipment 651,68db2e0c-1613-41ae-a22c-4959cbb08fe6,2025-09-13T00:00:00+00:00,2025-09-14T02:17:00+00:00,480,shipped,CUST-5378,synthetic,2025-09-13T00:00:00+00:00
bfb3d22b-86ad-4e0c-bcfd-7b34ad6b77d1,Auto shipment 652,68db2e0c-1613-41ae-a22c-4959cbb08fe6,2025-07-05T00:00:00+00:00,2025-07-09T09:38:00+00:00,347,shipped,CUST-3688,synthetic,2025-07-08T00:00:00+00:00
ded17d6e-89d4-4250-9a5b-44444e0ee994,Auto shipment 653,68db2e0c-1613-41ae-a22c-4959cbb08fe6,2025-01-21T00:00:00+00:00,2025-01-24T14:50:00+00:00,253,shipped,CUST-7816,synthetic,2025-01-23T00:00:00+00:00
41b0acda-c4b0-49a6-b2cb-00cef870092f,Auto shipment 654,1c21be0f-7a41-4fd2-98f6-829a3308a50a,2025-08-26T00:00:00+00:00,2025-08-29T20:20:00+00:00,378,shipped,CUST-8000,synthetic,2025-08-28T00:00:00+00:00
1554163e-2de9-4d3f-b61e-43e261e91475,Auto shipment 655,68db2e0c-1613-41ae-a22c-4959cbb08fe6,2025-03-28T00:00:00+00:00,2025-03-30T14:40:00+00:00,196,shipped,CUST-7511,synthetic,2025-03-29T00:00:00+00:00
ecff8606-365a-44ab-88e9-a65d1365f3af,Auto shipment 656,68db2e0c-1613-41ae-a22c-4959cbb08fe6,2025-09-07T00:00:00+00:00,2025-09-10T12:22:00+00:00,211,shipped,CUST-7270,synthetic,2025-09-09T00:00:00+00:00
173af794-8c1e-4610-94f1-594f30aa18ac,Auto shipment 657,68db2e0c-1613-41ae-a22c-4959cbb08fe6,2025-07-11T00:00:00+00:00,2025-07-15T22:14:00+00:00,303,shipped,CUST-5353,synthetic,2025-07-14T00:00:00+00:00
1ce84b74-0a46-4d19-82bc-9c25c2e70d20,Auto shipment 658,78b74b5c-e459-4f23-b196-79e2b104375d,2025-07-18T00:00:00+00:00,2025-07-19T09:02:00+00:00,215,shipped,CUST-2094,synthetic,2025-07-18T00:00:00+00:00
6343fcce-7502-457a-9dc2-1a3592b22412,Auto shipment 659,68db2e0c-1613-41ae-a22c-4959cbb08fe6,2025-09-11T00:00:00+00:00,2025-09-15T16:32:00+00:00,337,shipped,CUST-2187,synthetic,2025-09-14T00:00:00+00:00
34c2f15a-03f4-488a-917e-23ca16b45ce9,Auto shipment 660,1c21be0f-7a41-4fd2-98f6-829a3308a50a,2025-03-15T00:00:00+00:00,2025-03-19T10:24:00+00:00,213,shipped,CUST-7501,synthetic,2025-03-18T00:00:00+00:00
f3ac3900-56a4-4e9a-acdf-a87d51408146,Auto shipment 661,78b74b5c-e459-4f23-b196-79e2b104375d,2025-03-28T00:00:00+00:00,2025-03-28T12:47:00+00:00,126,shipped,CUST-5086,synthetic,2025-03-27T00:00:00+00:00
957d8dcf-4de0-4a5d-99b5-d01f2ff38a31,Auto shipment 662,68db2e0c-1613-41ae-a22c-4959cbb08fe6,2025-10-18T00:00:00+00:00,2025-10-22T06:38:00+00:00,196,shipped,CUST-2109,synthetic,2025-10-21T00:00:00+00:00
eb2eb48e-4ab6-4594-9e0f-28fd8feea7d3,Auto shipment 663,78b74b5c-e459-4f23-b196-79e2b104375d,2024-11-15T00:00:00+00:00,2024-11-19T13:19:00+00:00,134,shipped,CUST-4808,synthetic,2024-11-18T00:00:00+00:00
ea3b5feb-42f7-4bfc-8b10-a6df334839e1,Auto shipment 664,68db2e0c-1613-41ae-a22c-4959cbb08fe6,2025-02-13T00:00:00+00:00,2025-02-17T19:36:00+00:00,272,shipped,CUST-3315,synthetic,2025-02-16T00:00:00+00:00
231e8df1-bf52-45e5-a107-a1acece9452f,Auto shipment 665,1c21be0f-7a41-4fd2-98f6-829a3308a50a,2025-05-26T00:00:00+00:00,2025-05-26T05:47:00+00:00,328,shipped,CUST-2174,synthetic,2025-05-25T00:00:00+00:00
441d07d3-f467-442d-a513-efc4f97f939e,Auto shipment 666,1c21be0f-7a41-4fd2-98f6-829a3308a50a,2024-12-27T00:00:00+00:00,2024-12-30T14:56:00+00:00,344,shipped,CUST-7271,synthetic,2024-12-29T00:00:00+00:00
57daaa31-b3db-4086-823f-4c62ee68e24c,Auto shipment 667,68db2e0c-1613-41ae-a22c-4959cbb08fe6,2025-01-22T00:00:00+00:00,2025-01-23T06:39:00+00:00,132,shipped,CUST-5961,synthetic,2025-01-22T00:00:00+00:00
36ae7c71-ea0c-4a27-9a29-27bb91230229,Auto shipment 668,68db2e0c-1613-41ae-a22c-4959cbb08fe6,2025-01-03T00:00:00+00:00,2025-01-05T16:21:00+00:00,302,shipped,CUST-5308,synthetic,2025-01-04T00:00:00+00:00
527f8d08-edcd-4a12-874d-e5c4d229901d,Auto shipment 669,78b74b5c-e459-4f23-b196-79e2b104375d,2025-06-14T00:00:00+00:00,2025-06-15T21:28:00+00:00,408,shipped,CUST-2309,synthetic,2025-06-14T00:00:00+00:00
5fd425ab-9d4e-483b-ad70-98a38ebd7390,Auto shipment 670,1c21be0f-7a41-4fd2-98f6-829a3308a50a,2025-04-01T00:00:00+00:00,2025-04-01T16:18:00+00:00,218,shipped,CUST-3211,synthetic,2025-03-31T00:00:00+00:00
c14102ec-ba5f-4258-b6fe-2bd17677e613,Auto shipment 671,1c21be0f-7a41-4fd2-98f6-829a3308a50a,2025-07-29T00:00:00+00:00,2025-07-29T06:47:00+00:00,147,shipped,CUST-3115,synthetic,2025-07-28T00:00:00+00:00
3ffe92c1-4af7-41a3-9818-99954889dbc0,Auto shipment 672,1c21be0f-7a41-4fd2-98f6-829a3308a50a,2025-08-21T00:00:00+00:00,2025-08-25T20:35:00+00:00,294,shipped,CUST-4183,synthetic,2025-08-24T00:00:00+00:00
b1d534b5-4982-4c68-a128-c219749b7806,Auto shipment 673,1c21be0f-7a41-4fd2-98f6-829a3308a50a,2025-03-28T00:00:00+00:00,2025-04-01T08:40:00+00:00,384,shipped,CUST-7009,synthetic,2025-03-31T00:00:00+00:00
7ddf321b-2f5b-427f-8742-96a28464cd4b,Auto shipment 674,1c21be0f-7a41-4fd2-98f6-829a3308a50a,2025-09-09T00:00:00+00:00,2025-09-13T16:05:00+00:00,204,shipped,CUST-3111,synthetic,2025-09-12T00:00:00+00:00
63cda64f-fa6d-42ce-99fd-42df0201f571,Auto shipment 675,68db2e0c-1613-41ae-a22c-4959cbb08fe6,2025-09-24T00:00:00+00:00,2025-09-24T01:01:00+00:00,129,shipped,CUST-5594,synthetic,2025-09-23T00:00:00+00:00
d8027ddf-085b-4dbd-9461-d0583875398f,Auto shipment 676,78b74b5c-e459-4f23-b196-79e2b104375d,2025-07-23T00:00:00+00:00,2025-07-27T16:09:00+00:00,241,shipped,CUST-5338,synthetic,2025-07-26T00:00:00+00:00
69ad1d37-3ccb-46dd-8cfe-4569f924f93a,Auto shipment 677,68db2e0c-1613-41ae-a22c-4959cbb08fe6,2024-12-24T00:00:00+00:00,2024-12-24T17:09:00+00:00,484,shipped,CUST-2586,synthetic,2024-12-23T00:00:00+00:00
b273af0e-6b8f-441b-bfcd-79208e965d9b,Auto shipment 678,78b74b5c-e459-4f23-b196-79e2b104375d,2024-12-09T00:00:00+00:00,2024-12-10T09:13:00+00:00,406,shipped,CUST-6080,synthetic,2024-12-09T00:00:00+00:00
1c830a87-5c46-47b5-9ffe-e3215c130d91,Auto shipment 679,68db2e0c-1613-41ae-a22c-4959cbb08fe6,2025-01-21T00:00:00+00:00,2025-01-25T02:46:00+00:00,240,shipped,CUST-1841,synthetic,2025-01-24T00:00:00+00:00
d77ccbf9-ac40-4ef6-a7ba-0f29505241cb,Auto shipment 680,1c21be0f-7a41-4fd2-98f6-829a3308a50a,2025-02-07T00:00:00+00:00,2025-02-09T09:17:00+00:00,247,shipped,CUST-2618,synthetic,2025-02-08T00:00:00+00:00
9f686378-d084-4f61-ac1b-3f6392a9a120,Auto shipment 681,68db2e0c-1613-41ae-a22c-4959cbb08fe6,2025-07-25T00:00:00+00:00,2025-07-29T18:05:00+00:00,199,shipped,CUST-1268,synthetic,2025-07-28T00:00:00+00:00
def9fa5f-981a-453f-8744-12722f20ab8b,Auto shipment 682,78b74b5c-e459-4f23-b196-79e2b104375d,2024-12-04T00:00:00+00:00,2024-12-08T07:01:00+00:00,321,shipped,CUST-6571,synthetic,2024-12-07T00:00:00+00:00
cac218aa-bfb0-44f1-b367-816eabe19bde,Auto shipment 683,68db2e0c-1613-41ae-a22c-4959cbb08fe6,2025-10-31T00:00:00+00:00,2025-10-31T19:20:00+00:00,292,shipped,CUST-8449,synthetic,2025-10-30T00:00:00+00:00
ee5916ae-1e05-4fa5-b4ed-727eca70736b,Auto shipment 684,78b74b5c-e459-4f23-b196-79e2b104375d,2025-06-21T00:00:00+00:00,2025-06-23T06:17:00+00:00,133,shipped,CUST-1322,synthetic,2025-06-22T00:00:00+00:00
4bcc95dc-52d7-4506-b69e-56198a1aa6ac,Auto shipment 685,1c21be0f-7a41-4fd2-98f6-829a3308a50a,2025-05-16T00:00:00+00:00,2025-05-16T01:09:00+00:00,231,shipped,CUST-1281,synthetic,2025-05-15T00:00:00+00:00
7d3f218e-ca9c-4cac-bac7-5062bf519f71,Auto shipment 686,78b74b5c-e459-4f23-b196-79e2b104375d,2024-12-04T00:00:00+00:00,2024-12-08T22:50:00+00:00,152,shipped,CUST-7237,synthetic,2024-12-07T00:00:00+00:00
8a5bccc1-13c2-4a6c-bf41-09a391a1bd53,Auto shipment 687,68db2e0c-1613-41ae-a22c-4959cbb08fe6,2025-02-24T00:00:00+00:00,2025-02-26T14:41:00+00:00,202,shipped,CUST-7442,synthetic,2025-02-25T00:00:00+00:00
d6b5db74-5cff-4128-a6c5-74a9b972a836,Auto shipment 688,1c21be0f-7a41-4fd2-98f6-829a3308a50a,2025-09-30T00:00:00+00:00,2025-10-04T10:16:00+00:00,119,shipped,CUST-2601,synthetic,2025-10-03T00:00:00+00:00
73ef9a1b-91d8-44be-994f-4cd63a5e92a8,Auto shipment 689,1c21be0f-7a41-4fd2-98f6-829a3308a50a,2025-08-05T00:00:00+00:00,2025-08-07T11:02:00+00:00,149,shipped,CUST-8109,synthetic,2025-08-06T00:00:00+00:00
65502e52-1559-4f46-bf4b-edad497e2cb2,Auto shipment 690,1c21be0f-7a41-4fd2-98f6-829a3308a50a,2024-11-07T00:00:00+00:00,2024-11-11T16:27:00+00:00,168,shipped,CUST-2453,synthetic,2024-11-10T00:00:00+00:00
e8f98b01-74ad-4194-88cf-bbc13886569a,Auto shipment 691,68db2e0c-1613-41ae-a22c-4959cbb08fe6,2025-08-31T00:00:00+00:00,2025-09-02T09:29:00+00:00,179,shipped,CUST-5339,synthetic,2025-09-01T00:00:00+00:00
4f47c3ea-76aa-4d6d-a068-8ef2bae11225,Auto shipment 692,1c21be0f-7a41-4fd2-98f6-829a3308a50a,2025-09-13T00:00:00+00:00,2025-09-16T11:06:00+00:00,211,shipped,CUST-7454,synthetic,2025-09-15T00:00:00+00:00
6f22c5ea-e7fc-4264-a2d0-9231c7e237ce,Auto shipment 693,68db2e0c-1613-41ae-a22c-4959cbb08fe6,2025-03-17T00:00:00+00:00,2025-03-20T21:51:00+00:00,379,shipped,CUST-9703,synthetic,2025-03-19T00:00:00+00:00
c54e9f10-70ff-43c8-86e3-c1be990b4679,Auto shipment 694,78b74b5c-e459-4f23-b196-79e2b104375d,2024-12-31T00:00:00+00:00,2025-01-04T00:12:00+00:00,416,shipped,CUST-8784,synthetic,2025-01-03T00:00:00+00:00
a1039fce-16b9-47e1-b01f-0e5009bada13,Auto shipment 695,78b74b5c-e459-4f23-b196-79e2b104375d,2025-06-20T00:00:00+00:00,2025-06-24T03:58:00+00:00,133,shipped,CUST-7788,synthetic,2025-06-23T00:00:00+00:00
e54c1408-d23b-448a-9160-cb1ad3b434e5,Auto shipment 696,1c21be0f-7a41-4fd2-98f6-829a3308a50a,2025-09-10T00:00:00+00:00,2025-09-14T17:57:00+00:00,243,shipped,CUST-2963,synthetic,2025-09-13T00:00:00+00:00
9676b2b2-3eaf-4cc0-bff8-b866cf76ed4e,Auto shipment 697,68db2e0c-1613-41ae-a22c-4959cbb08fe6,2025-03-12T00:00:00+00:00,2025-03-12T11:04:00+00:00,454,shipped,CUST-8024,synthetic,2025-03-11T00:00:00+00:00
066371d8-26e0-43a2-a1d9-01bc4426b1fa,Auto shipment 698,1c21be0f-7a41-4fd2-98f6-829a3308a50a,2025-09-10T00:00:00+00:00,2025-09-14T18:40:00+00:00,331,shipped,CUST-4207,synthetic,2025-09-13T00:00:00+00:00
c7a12141-2b74-4aba-8b18-573fc938700c,Auto shipment 699,1c21be0f-7a41-4fd2-98f6-829a3308a50a,2024-12-15T00:00:00+00:00,2024-12-17T02:05:00+00:00,427,shipped,CUST-1833,synthetic,2024-12-16T00:00:00+00:00
14bd15d6-8fa0-4748-bee2-9b40d005b3d5,Auto shipment 700,1c21be0f-7a41-4fd2-98f6-829a3308a50a,2025-08-26T00:00:00+00:00,2025-08-29T03:11:00+00:00,300,shipped,CUST-6260,synthetic,2025-08-28T00:00:00+00:00
7cc6c765-67a1-49cb-b14a-e1a795abf394,Auto shipment 701,78b74b5c-e459-4f23-b196-79e2b104375d,2024-12-14T00:00:00+00:00,2024-12-15T13:06:00+00:00,489,shipped,CUST-2789,synthetic,2024-12-14T00:00:00+00:00
5d20a436-07b5-4cfa-9789-a9c936d10fde,Auto shipment 702,68db2e0c-1613-41ae-a22c-4959cbb08fe6,2025-10-08T00:00:00+00:00,2025-10-09T20:58:00+00:00,253,shipped,CUST-1913,synthetic,2025-10-08T00:00:00+00:00
a5c20468-5eca-4b09-b389-5f260db400c3,Auto shipment 703,68db2e0c-1613-41ae-a22c-4959cbb08fe6,2025-09-06T00:00:00+00:00,2025-09-10T20:46:00+00:00,152,shipped,CUST-2150,synthetic,2025-09-09T00:00:00+00:00
42246597-b1de-4fbe-bfa8-5455fc477415,Auto shipment 704,68db2e0c-1613-41ae-a22c-4959cbb08fe6,2025-03-06T00:00:00+00:00,2025-03-07T12:18:00+00:00,387,shipped,CUST-6700,synthetic,2025-03-06T00:00:00+00:00
abc45ef4-440c-47a8-abf7-15e2cde2e4ac,Auto shipment 705,68db2e0c-1613-41ae-a22c-4959cbb08fe6,2025-03-03T00:00:00+00:00,2025-03-04T11:25:00+00:00,200,shipped,CUST-5466,synthetic,2025-03-03T00:00:00+00:00
5d778709-7005-452b-9640-38b84f2ed6b1,Auto shipment 706,78b74b5c-e459-4f23-b196-79e2b104375d,2025-04-23T00:00:00+00:00,2025-04-24T05:13:00+00:00,429,shipped,CUST-2031,synthetic,2025-04-23T00:00:00+00:00
3e5ba15a-1975-4e88-b2b3-881950fe8439,Auto shipment 707,1c21be0f-7a41-4fd2-98f6-829a3308a50a,2025-05-04T00:00:00+00:00,2025-05-05T13:27:00+00:00,369,shipped,CUST-7913,synthetic,2025-05-04T00:00:00+00:00
2a0fa7fb-b24e-4636-9219-ba0e1dfd9bf2,Auto shipment 708,78b74b5c-e459-4f23-b196-79e2b104375d,2024-12-07T00:00:00+00:00,2024-12-11T17:57:00+00:00,159,shipped,CUST-1835,synthetic,2024-12-10T00:00:00+00:00
8fae67f3-9a88-429b-b5bd-7b03b1976e6f,Auto shipment 709,68db2e0c-1613-41ae-a22c-4959cbb08fe6,2025-11-04T00:00:00+00:00,2025-11-07T14:35:00+00:00,101,shipped,CUST-9066,synthetic,2025-11-06T00:00:00+00:00
4b6f54ed-30cc-43ff-aa3a-4b52b01fdab2,Auto shipment 710,68db2e0c-1613-41ae-a22c-4959cbb08fe6,2025-09-16T00:00:00+00:00,2025-09-17T04:35:00+00:00,433,shipped,CUST-3216,synthetic,2025-09-16T00:00:00+00:00
216de6a8-f8dc-4ff6-824c-953e32dd1679,Auto shipment 711,78b74b5c-e459-4f23-b196-79e2b104375d,2025-03-24T00:00:00+00:00,2025-03-25T05:39:00+00:00,208,shipped,CUST-2774,synthetic,2025-03-24T00:00:00+00:00
9555df38-64ab-43b2-81ea-a8e040825557,Auto shipment 712,78b74b5c-e459-4f23-b196-79e2b104375d,2025-08-07T00:00:00+00:00,2025-08-10T14:43:00+00:00,373,shipped,CUST-8590,synthetic,2025-08-09T00:00:00+00:00
17c7f12f-ca50-4ff2-baac-4445b5a7a913,Auto shipment 713,1c21be0f-7a41-4fd2-98f6-829a3308a50a,2025-07-31T00:00:00+00:00,2025-08-01T05:23:00+00:00,173,shipped,CUST-2694,synthetic,2025-07-31T00:00:00+00:00
eed77ebf-039a-4234-92fd-a80f80bb8e63,Auto shipment 714,1c21be0f-7a41-4fd2-98f6-829a3308a50a,2025-10-11T00:00:00+00:00,2025-10-14T06:56:00+00:00,148,shipped,CUST-1060,synthetic,2025-10-13T00:00:00+00:00
1c5b51c1-57b0-474d-a65c-6cbd1e40a50d,Auto shipment 715,68db2e0c-1613-41ae-a22c-4959cbb08fe6,2025-01-30T00:00:00+00:00,2025-02-01T03:39:00+00:00,270,shipped,CUST-8724,synthetic,2025-01-31T00:00:00+00:00
a914a54d-a0dd-4722-9246-a0857219e90a,Auto shipment 716,78b74b5c-e459-4f23-b196-79e2b104375d,2025-06-27T00:00:00+00:00,2025-06-30T07:22:00+00:00,443,shipped,CUST-1887,synthetic,2025-06-29T00:00:00+00:00
2fd20a50-fad0-43e8-8f9f-7ffb43848c77,Auto shipment 717,1c21be0f-7a41-4fd2-98f6-829a3308a50a,2025-10-29T00:00:00+00:00,2025-10-31T22:30:00+00:00,175,shipped,CUST-8027,synthetic,2025-10-30T00:00:00+00:00
f9e3a247-2be7-4add-99d9-81c9a72cfdb5,Auto shipment 718,78b74b5c-e459-4f23-b196-79e2b104375d,2025-05-16T00:00:00+00:00,2025-05-18T22:52:00+00:00,208,shipped,CUST-4647,synthetic,2025-05-17T00:00:00+00:00
60ae0ae5-b9f8-4a9c-bad2-6f23cdcb6a07,Auto shipment 719,78b74b5c-e459-4f23-b196-79e2b104375d,2025-07-15T00:00:00+00:00,2025-07-16T19:07:00+00:00,219,shipped,CUST-7168,synthetic,2025-07-15T00:00:00+00:00
25fd65e5-594d-4efc-af07-a28d08d45822,Auto shipment 720,78b74b5c-e459-4f23-b196-79e2b104375d,2025-08-23T00:00:00+00:00,2025-08-23T08:21:00+00:00,426,shipped,CUST-7775,synthetic,2025-08-22T00:00:00+00:00
5500e47f-e442-4863-9631-7b0add15ba2c,Auto shipment 721,1c21be0f-7a41-4fd2-98f6-829a3308a50a,2025-11-08T00:00:00+00:00,2025-11-09T18:15:00+00:00,242,shipped,CUST-4479,synthetic,2025-11-08T00:00:00+00:00
38ff797c-4dd3-4f0a-b901-9dae76835ff5,Auto shipment 722,78b74b5c-e459-4f23-b196-79e2b104375d,2025-10-21T00:00:00+00:00,2025-10-22T07:13:00+00:00,335,shipped,CUST-5841,synthetic,2025-10-21T00:00:00+00:00
f2bbd041-4fde-4327-bf71-279bff19ee9b,Auto shipment 723,1c21be0f-7a41-4fd2-98f6-829a3308a50a,2025-11-07T00:00:00+00:00,2025-11-09T00:34:00+00:00,262,shipped,CUST-8936,synthetic,2025-11-08T00:00:00+00:00
6f89e473-0dd3-414a-979d-bf8c1c2d5aa4,Auto shipment 724,68db2e0c-1613-41ae-a22c-4959cbb08fe6,2025-07-12T00:00:00+00:00,2025-07-14T20:31:00+00:00,482,shipped,CUST-3164,synthetic,2025-07-13T00:00:00+00:00
b2262136-5dbf-4b36-a535-ddb69ccdf025,Auto shipment 725,1c21be0f-7a41-4fd2-98f6-829a3308a50a,2025-01-05T00:00:00+00:00,2025-01-08T07:44:00+00:00,249,shipped,CUST-9015,synthetic,2025-01-07T00:00:00+00:00
894abf39-5bee-4b89-bd54-e43753d7006b,Auto shipment 726,68db2e0c-1613-41ae-a22c-4959cbb08fe6,2025-02-02T00:00:00+00:00,2025-02-05T11:18:00+00:00,378,shipped,CUST-3221,synthetic,2025-02-04T00:00:00+00:00
4e6bc9eb-1f39-4e56-a7ca-b552200fd768,Auto shipment 727,1c21be0f-7a41-4fd2-98f6-829a3308a50a,2025-11-02T00:00:00+00:00,2025-11-02T15:14:00+00:00,298,shipped,CUST-3890,synthetic,2025-11-01T00:00:00+00:00
f2a89ac0-21cb-4b55-b8f7-494b4bad1342,Auto shipment 728,1c21be0f-7a41-4fd2-98f6-829a3308a50a,2025-08-26T00:00:00+00:00,2025-08-30T10:44:00+00:00,154,shipped,CUST-5417,synthetic,2025-08-29T00:00:00+00:00
accdb195-0ac5-4cca-a456-9bacd53e931f,Auto shipment 729,1c21be0f-7a41-4fd2-98f6-829a3308a50a,2025-02-19T00:00:00+00:00,2025-02-21T03:09:00+00:00,179,shipped,CUST-9690,synthetic,2025-02-20T00:00:00+00:00
56fcf900-715b-4233-9256-0b1d11bd8298,Auto shipment 730,78b74b5c-e459-4f23-b196-79e2b104375d,2025-09-13T00:00:00+00:00,2025-09-16T03:22:00+00:00,416,shipped,CUST-3536,synthetic,2025-09-15T00:00:00+00:00
3f4ea904-8a20-406b-8ca3-c5d093de43b9,Auto shipment 731,1c21be0f-7a41-4fd2-98f6-829a3308a50a,2025-03-13T00:00:00+00:00,2025-03-17T15:33:00+00:00,210,shipped,CUST-1081,synthetic,2025-03-16T00:00:00+00:00
d8fb0ce3-16df-4ab2-b8d5-f1c2d216c261,Auto shipment 732,1c21be0f-7a41-4fd2-98f6-829a3308a50a,2025-08-30T00:00:00+00:00,2025-09-03T20:41:00+00:00,283,shipped,CUST-4434,synthetic,2025-09-02T00:00:00+00:00
f0c27bcd-c655-49d0-88ab-d7511f7eddf0,Auto shipment 733,68db2e0c-1613-41ae-a22c-4959cbb08fe6,2024-11-30T00:00:00+00:00,2024-12-03T08:01:00+00:00,222,shipped,CUST-4655,synthetic,2024-12-02T00:00:00+00:00
0b00a45c-6972-4b5f-8faf-50e5e070feb6,Auto shipment 734,78b74b5c-e459-4f23-b196-79e2b104375d,2025-10-23T00:00:00+00:00,2025-10-25T14:42:00+00:00,397,shipped,CUST-8040,synthetic,2025-10-24T00:00:00+00:00
83cb18f6-3479-4c74-ac71-71513f22d383,Auto shipment 735,78b74b5c-e459-4f23-b196-79e2b104375d,2025-05-03T00:00:00+00:00,2025-05-05T11:55:00+00:00,164,shipped,CUST-9828,synthetic,2025-05-04T00:00:00+00:00
12ef7513-c015-4f15-9725-cac66f5f5220,Auto shipment 736,1c21be0f-7a41-4fd2-98f6-829a3308a50a,2025-07-13T00:00:00+00:00,2025-07-14T22:46:00+00:00,220,shipped,CUST-9028,synthetic,2025-07-13T00:00:00+00:00
7af39ec0-3e5a-4a63-b69a-7cc9abc2f115,Auto shipment 737,1c21be0f-7a41-4fd2-98f6-829a3308a50a,2025-01-06T00:00:00+00:00,2025-01-10T10:03:00+00:00,247,shipped,CUST-1845,synthetic,2025-01-09T00:00:00+00:00
998e2ef1-4ebf-498a-ae0a-479033aff242,Auto shipment 738,1c21be0f-7a41-4fd2-98f6-829a3308a50a,2025-01-23T00:00:00+00:00,2025-01-23T05:09:00+00:00,289,shipped,CUST-8105,synthetic,2025-01-22T00:00:00+00:00
654e26c3-d015-4ac1-aaef-812cfb470614,Auto shipment 739,68db2e0c-1613-41ae-a22c-4959cbb08fe6,2025-06-30T00:00:00+00:00,2025-07-01T08:07:00+00:00,131,shipped,CUST-1005,synthetic,2025-06-30T00:00:00+00:00
064e0c52-1f69-47d0-90f5-942056d761e5,Auto shipment 740,78b74b5c-e459-4f23-b196-79e2b104375d,2025-06-07T00:00:00+00:00,2025-06-09T13:21:00+00:00,297,shipped,CUST-9512,synthetic,2025-06-08T00:00:00+00:00
6b0b6231-49d8-4374-9ba7-d8cba10ae5b9,Auto shipment 741,68db2e0c-1613-41ae-a22c-4959cbb08fe6,2025-05-22T00:00:00+00:00,2025-05-24T03:53:00+00:00,117,shipped,CUST-5583,synthetic,2025-05-23T00:00:00+00:00
5b89f1cd-d14e-4154-97ea-6f5634ec26f1,Auto shipment 742,68db2e0c-1613-41ae-a22c-4959cbb08fe6,2025-02-06T00:00:00+00:00,2025-02-07T13:43:00+00:00,300,shipped,CUST-3646,synthetic,2025-02-06T00:00:00+00:00
25c9fe54-eb1a-40a0-b63f-e577d5e5830e,Auto shipment 743,68db2e0c-1613-41ae-a22c-4959cbb08fe6,2025-05-27T00:00:00+00:00,2025-05-28T21:29:00+00:00,455,shipped,CUST-5657,synthetic,2025-05-27T00:00:00+00:00
a44ded36-8789-4cba-a94b-04a07555b4d8,Auto shipment 744,78b74b5c-e459-4f23-b196-79e2b104375d,2024-11-06T00:00:00+00:00,2024-11-10T07:17:00+00:00,221,shipped,CUST-8016,synthetic,2024-11-09T00:00:00+00:00
628a3370-4b77-4466-9d69-a5839148491c,Auto shipment 745,1c21be0f-7a41-4fd2-98f6-829a3308a50a,2024-12-23T00:00:00+00:00,2024-12-23T04:42:00+00:00,408,shipped,CUST-4615,synthetic,2024-12-22T00:00:00+00:00
f7a9d273-e312-4e8f-bafc-2708258d095f,Auto shipment 746,1c21be0f-7a41-4fd2-98f6-829a3308a50a,2025-09-03T00:00:00+00:00,2025-09-05T01:52:00+00:00,360,shipped,CUST-8563,synthetic,2025-09-04T00:00:00+00:00
ea7f5294-8e02-410a-b550-3615f44596cb,Auto shipment 747,78b74b5c-e459-4f23-b196-79e2b104375d,2025-09-08T00:00:00+00:00,2025-09-12T17:07:00+00:00,466,shipped,CUST-4706,synthetic,2025-09-11T00:00:00+00:00
60528447-03ed-4110-89dc-344071f4beab,Auto shipment 748,68db2e0c-1613-41ae-a22c-4959cbb08fe6,2024-12-22T00:00:00+00:00,2024-12-26T16:43:00+00:00,417,shipped,CUST-9004,synthetic,2024-12-25T00:00:00+00:00
04b11e64-c60f-48f7-b618-5b6de36cf9e6,Auto shipment 749,78b74b5c-e459-4f23-b196-79e2b104375d,2025-04-08T00:00:00+00:00,2025-04-11T18:46:00+00:00,403,shipped,CUST-9058,synthetic,2025-04-10T00:00:00+00:00
9010adeb-8d32-4754-9331-e18a6d1eec62,Auto shipment 750,68db2e0c-1613-41ae-a22c-4959cbb08fe6,2024-12-20T00:00:00+00:00,2024-12-24T05:07:00+00:00,250,shipped,CUST-1348,synthetic,2024-12-23T00:00:00+00:00
048bf1db-2a70-4e80-b4d4-68dfb7ba8a4c,Auto shipment 751,78b74b5c-e459-4f23-b196-79e2b104375d,2024-11-30T00:00:00+00:00,2024-12-01T19:57:00+00:00,117,shipped,CUST-6876,synthetic,2024-11-30T00:00:00+00:00
8d7e9787-7185-48d4-96bc-187988bf4a39,Auto shipment 752,78b74b5c-e459-4f23-b196-79e2b104375d,2025-06-11T00:00:00+00:00,2025-06-15T06:16:00+00:00,411,shipped,CUST-6261,synthetic,2025-06-14T00:00:00+00:00
87099306-b93a-423b-bfb0-f5aba6d84494,Auto shipment 753,1c21be0f-7a41-4fd2-98f6-829a3308a50a,2025-03-15T00:00:00+00:00,2025-03-19T11:47:00+00:00,240,shipped,CUST-6121,synthetic,2025-03-18T00:00:00+00:00
f7edaa37-ff9c-4f02-b3b7-d1eb9706aabd,Auto shipment 754,1c21be0f-7a41-4fd2-98f6-829a3308a50a,2025-03-19T00:00:00+00:00,2025-03-21T22:30:00+00:00,170,shipped,CUST-3170,synthetic,2025-03-20T00:00:00+00:00
a3e07315-040e-46a5-9731-3f0c0ab1fdb6,Auto shipment 755,78b74b5c-e459-4f23-b196-79e2b104375d,2025-06-24T00:00:00+00:00,2025-06-27T01:14:00+00:00,130,shipped,CUST-4902,synthetic,2025-06-26T00:00:00+00:00
4d4eb2ed-10cb-433b-a1fa-ecb98f9c3413,Auto shipment 756,1c21be0f-7a41-4fd2-98f6-829a3308a50a,2025-09-03T00:00:00+00:00,2025-09-03T17:28:00+00:00,409,shipped,CUST-7633,synthetic,2025-09-02T00:00:00+00:00
9462cbb9-8303-4c22-885f-fbc655a55e29,Auto shipment 757,78b74b5c-e459-4f23-b196-79e2b104375d,2025-05-20T00:00:00+00:00,2025-05-22T01:52:00+00:00,191,shipped,CUST-6642,synthetic,2025-05-21T00:00:00+00:00
f6f6b0c8-abb3-4a9e-afd5-acbc5179e05b,Auto shipment 758,68db2e0c-1613-41ae-a22c-4959cbb08fe6,2025-02-02T00:00:00+00:00,2025-02-05T07:20:00+00:00,216,shipped,CUST-8715,synthetic,2025-02-04T00:00:00+00:00
85f651ab-8e63-4c39-b4e8-1ae174afd40d,Auto shipment 759,78b74b5c-e459-4f23-b196-79e2b104375d,2025-06-06T00:00:00+00:00,2025-06-06T16:41:00+00:00,386,shipped,CUST-8923,synthetic,2025-06-05T00:00:00+00:00
e8dec000-7239-4dea-a099-96c70212f4bd,Auto shipment 760,1c21be0f-7a41-4fd2-98f6-829a3308a50a,2025-07-24T00:00:00+00:00,2025-07-25T16:16:00+00:00,135,shipped,CUST-2405,synthetic,2025-07-24T00:00:00+00:00
ed60f435-1a27-4631-b410-f5e1d12a8f0d,Auto shipment 761,78b74b5c-e459-4f23-b196-79e2b104375d,2025-09-03T00:00:00+00:00,2025-09-07T00:47:00+00:00,317,shipped,CUST-5659,synthetic,2025-09-06T00:00:00+00:00
83a06ddc-9e6b-4d95-9339-da7c1d9f397e,Auto shipment 762,1c21be0f-7a41-4fd2-98f6-829a3308a50a,2025-08-22T00:00:00+00:00,2025-08-26T17:26:00+00:00,357,shipped,CUST-7373,synthetic,2025-08-25T00:00:00+00:00
9c34e11b-787c-4f8f-bfbe-2f22fbd6b510,Auto shipment 763,1c21be0f-7a41-4fd2-98f6-829a3308a50a,2025-01-11T00:00:00+00:00,2025-01-14T11:53:00+00:00,381,shipped,CUST-3878,synthetic,2025-01-13T00:00:00+00:00
05c73d82-0f58-4d7a-80ae-826004d5ff83,Auto shipment 764,1c21be0f-7a41-4fd2-98f6-829a3308a50a,2025-08-25T00:00:00+00:00,2025-08-27T06:15:00+00:00,266,shipped,CUST-9586,synthetic,2025-08-26T00:00:00+00:00
74f84863-5d4d-4163-9057-0dcc8cf996a0,Auto shipment 765,1c21be0f-7a41-4fd2-98f6-829a3308a50a,2025-09-18T00:00:00+00:00,2025-09-18T09:36:00+00:00,199,shipped,CUST-2599,synthetic,2025-09-17T00:00:00+00:00
f5ad3a77-98d4-4e8c-a123-d00792f9f229,Auto shipment 766,68db2e0c-1613-41ae-a22c-4959cbb08fe6,2025-03-10T00:00:00+00:00,2025-03-13T06:25:00+00:00,203,shipped,CUST-3870,synthetic,2025-03-12T00:00:00+00:00
d62537df-9740-4a92-8a25-d052824fc02f,Auto shipment 767,1c21be0f-7a41-4fd2-98f6-829a3308a50a,2025-03-02T00:00:00+00:00,2025-03-06T18:29:00+00:00,347,shipped,CUST-1371,synthetic,2025-03-05T00:00:00+00:00
43266e05-47f3-4e99-9f56-715e33c651e8,Auto shipment 768,68db2e0c-1613-41ae-a22c-4959cbb08fe6,2025-09-06T00:00:00+00:00,2025-09-08T14:21:00+00:00,207,shipped,CUST-9864,synthetic,2025-09-07T00:00:00+00:00
d100c06a-7855-4266-a789-a61ca698feee,Auto shipment 769,68db2e0c-1613-41ae-a22c-4959cbb08fe6,2025-06-07T00:00:00+00:00,2025-06-10T08:13:00+00:00,304,shipped,CUST-2402,synthetic,2025-06-09T00:00:00+00:00
db1f2df2-2069-40b9-acd4-356002c4fbd6,Auto shipment 770,68db2e0c-1613-41ae-a22c-4959cbb08fe6,2025-08-21T00:00:00+00:00,2025-08-24T12:56:00+00:00,489,shipped,CUST-2017,synthetic,2025-08-23T00:00:00+00:00
29292e21-2859-4b8e-81b0-a26387576ba8,Auto shipment 771,68db2e0c-1613-41ae-a22c-4959cbb08fe6,2025-02-13T00:00:00+00:00,2025-02-15T16:31:00+00:00,363,shipped,CUST-7885,synthetic,2025-02-14T00:00:00+00:00
b39200bf-180c-4217-962f-6614097e78d4,Auto shipment 772,78b74b5c-e459-4f23-b196-79e2b104375d,2025-06-19T00:00:00+00:00,2025-06-19T03:39:00+00:00,230,shipped,CUST-1188,synthetic,2025-06-18T00:00:00+00:00
1e1746c3-2ce4-4167-8cd2-d3189d71a057,Auto shipment 773,78b74b5c-e459-4f23-b196-79e2b104375d,2025-05-11T00:00:00+00:00,2025-05-11T21:12:00+00:00,412,shipped,CUST-8242,synthetic,2025-05-10T00:00:00+00:00
b952763f-f515-437b-a97b-5dc8c8f9a1fc,Auto shipment 774,68db2e0c-1613-41ae-a22c-4959cbb08fe6,2025-06-15T00:00:00+00:00,2025-06-17T19:35:00+00:00,110,shipped,CUST-8935,synthetic,2025-06-16T00:00:00+00:00
cb895b12-d738-4824-a5e3-2d4f7d53a5be,Auto shipment 775,68db2e0c-1613-41ae-a22c-4959cbb08fe6,2024-11-11T00:00:00+00:00,2024-11-11T19:17:00+00:00,269,shipped,CUST-1519,synthetic,2024-11-10T00:00:00+00:00
5b46323c-768c-43c3-a1f7-0d75c175afcf,Auto shipment 776,68db2e0c-1613-41ae-a22c-4959cbb08fe6,2024-12-15T00:00:00+00:00,2024-12-18T09:35:00+00:00,149,shipped,CUST-7925,synthetic,2024-12-17T00:00:00+00:00
059acbf9-39b3-444b-81c6-f569358f318f,Auto shipment 777,1c21be0f-7a41-4fd2-98f6-829a3308a50a,2025-02-13T00:00:00+00:00,2025-02-14T19:11:00+00:00,178,shipped,CUST-7119,synthetic,2025-02-13T00:00:00+00:00
5c2af4c3-56cb-4d49-af6d-d5154fb45272,Auto shipment 778,1c21be0f-7a41-4fd2-98f6-829a3308a50a,2025-06-10T00:00:00+00:00,2025-06-12T22:49:00+00:00,154,shipped,CUST-5901,synthetic,2025-06-11T00:00:00+00:00
31f3acdb-29e3-4ef7-98c4-c8f59e22dfb2,Auto shipment 779,68db2e0c-1613-41ae-a22c-4959cbb08fe6,2025-02-20T00:00:00+00:00,2025-02-21T00:05:00+00:00,248,shipped,CUST-8846,synthetic,2025-02-20T00:00:00+00:00
ee02f467-8584-4399-a2bb-2763b69019f1,Auto shipment 780,1c21be0f-7a41-4fd2-98f6-829a3308a50a,2024-12-23T00:00:00+00:00,2024-12-25T02:39:00+00:00,410,shipped,CUST-9377,synthetic,2024-12-24T00:00:00+00:00
5db3f18a-22d7-4d01-a2f1-1b999fa3c494,Auto shipment 781,78b74b5c-e459-4f23-b196-79e2b104375d,2025-04-16T00:00:00+00:00,2025-04-16T11:55:00+00:00,253,shipped,CUST-9989,synthetic,2025-04-15T00:00:00+00:00
17b58898-640f-4998-96f6-4f0feabc7554,Auto shipment 782,68db2e0c-1613-41ae-a22c-4959cbb08fe6,2024-12-27T00:00:00+00:00,2024-12-28T06:06:00+00:00,439,shipped,CUST-9514,synthetic,2024-12-27T00:00:00+00:00
767aa123-8d5b-4908-9ea6-63e934e00c9c,Auto shipment 783,68db2e0c-1613-41ae-a22c-4959cbb08fe6,2025-08-03T00:00:00+00:00,2025-08-03T10:16:00+00:00,383,shipped,CUST-8796,synthetic,2025-08-02T00:00:00+00:00
c3c61773-ea87-48fd-9f6f-4a9adcd9c3d3,Auto shipment 784,68db2e0c-1613-41ae-a22c-4959cbb08fe6,2024-12-21T00:00:00+00:00,2024-12-24T14:55:00+00:00,477,shipped,CUST-9990,synthetic,2024-12-23T00:00:00+00:00
7488baa9-9d53-4e3a-ad15-73ff3112a814,Auto shipment 785,78b74b5c-e459-4f23-b196-79e2b104375d,2025-04-25T00:00:00+00:00,2025-04-26T14:12:00+00:00,193,shipped,CUST-2599,synthetic,2025-04-25T00:00:00+00:00
68732dca-7bfd-4673-a463-5b98f4a7c578,Auto shipment 786,68db2e0c-1613-41ae-a22c-4959cbb08fe6,2024-11-12T00:00:00+00:00,2024-11-14T02:52:00+00:00,415,shipped,CUST-4518,synthetic,2024-11-13T00:00:00+00:00
343b667c-94d0-4ed0-a142-fb81b40df1c7,Auto shipment 787,1c21be0f-7a41-4fd2-98f6-829a3308a50a,2024-12-12T00:00:00+00:00,2024-12-16T01:13:00+00:00,325,shipped,CUST-5697,synthetic,2024-12-15T00:00:00+00:00
e06172e0-4f76-47b3-bdfc-d375f9aa8eaf,Auto shipment 788,78b74b5c-e459-4f23-b196-79e2b104375d,2024-12-05T00:00:00+00:00,2024-12-06T08:22:00+00:00,193,shipped,CUST-1352,synthetic,2024-12-05T00:00:00+00:00
a223793e-995a-4331-8287-30b970dd24b1,Auto shipment 789,1c21be0f-7a41-4fd2-98f6-829a3308a50a,2024-11-23T00:00:00+00:00,2024-11-25T12:22:00+00:00,354,shipped,CUST-5466,synthetic,2024-11-24T00:00:00+00:00
1d7e0512-d33a-461a-9614-928b8e34dede,Auto shipment 790,1c21be0f-7a41-4fd2-98f6-829a3308a50a,2024-12-22T00:00:00+00:00,2024-12-24T01:37:00+00:00,200,shipped,CUST-3386,synthetic,2024-12-23T00:00:00+00:00
05e5f186-22f1-4314-b36c-9d4da5829b1f,Auto shipment 791,68db2e0c-1613-41ae-a22c-4959cbb08fe6,2025-07-10T00:00:00+00:00,2025-07-12T01:22:00+00:00,260,shipped,CUST-2552,synthetic,2025-07-11T00:00:00+00:00
fb91bc6f-87e3-41b2-83ea-3f910392a15c,Auto shipment 792,68db2e0c-1613-41ae-a22c-4959cbb08fe6,2025-03-12T00:00:00+00:00,2025-03-14T04:45:00+00:00,295,shipped,CUST-6466,synthetic,2025-03-13T00:00:00+00:00
baf1de8e-80d8-42d5-8e1d-03594dfdb287,Auto shipment 793,1c21be0f-7a41-4fd2-98f6-829a3308a50a,2025-08-14T00:00:00+00:00,2025-08-14T06:13:00+00:00,243,shipped,CUST-9263,synthetic,2025-08-13T00:00:00+00:00
047d0638-de8f-4e0f-a2e3-a2fc7bc9f3f2,Auto shipment 794,78b74b5c-e459-4f23-b196-79e2b104375d,2025-03-17T00:00:00+00:00,2025-03-21T03:26:00+00:00,357,shipped,CUST-9947,synthetic,2025-03-20T00:00:00+00:00
51c2696d-75f8-4459-b48a-85c7d2a2be97,Auto shipment 795,78b74b5c-e459-4f23-b196-79e2b104375d,2025-10-21T00:00:00+00:00,2025-10-23T03:48:00+00:00,218,shipped,CUST-1011,synthetic,2025-10-22T00:00:00+00:00
b9f1dc36-29ba-42fa-9016-892a1f6c93df,Auto shipment 796,68db2e0c-1613-41ae-a22c-4959cbb08fe6,2025-04-13T00:00:00+00:00,2025-04-14T12:16:00+00:00,167,shipped,CUST-9191,synthetic,2025-04-13T00:00:00+00:00
8d12461d-b1d3-4bbb-8904-1bc1695d6eba,Auto shipment 797,78b74b5c-e459-4f23-b196-79e2b104375d,2025-01-07T00:00:00+00:00,2025-01-10T15:47:00+00:00,322,shipped,CUST-3833,synthetic,2025-01-09T00:00:00+00:00
e5cf73f7-7066-43e7-9d4e-bac2dc77d69c,Auto shipment 798,1c21be0f-7a41-4fd2-98f6-829a3308a50a,2025-06-08T00:00:00+00:00,2025-06-09T00:30:00+00:00,478,shipped,CUST-9171,synthetic,2025-06-08T00:00:00+00:00
3fdaa729-dc98-465d-a20d-cac728cca8c5,Auto shipment 799,68db2e0c-1613-41ae-a22c-4959cbb08fe6,2025-08-22T00:00:00+00:00,2025-08-22T00:54:00+00:00,416,shipped,CUST-9881,synthetic,2025-08-21T00:00:00+00:00
6641f111-dd26-45c1-be9e-2c68ea4a7294,Auto shipment 800,1c21be0f-7a41-4fd2-98f6-829a3308a50a,2025-10-03T00:00:00+00:00,2025-10-07T10:26:00+00:00,247,shipped,CUST-8599,synthetic,2025-10-06T00:00:00+00:00
2fadb89d-e7eb-43b2-b5c5-7ba34dac9d58,Auto shipment 801,68db2e0c-1613-41ae-a22c-4959cbb08fe6,2025-03-26T00:00:00+00:00,2025-03-29T11:50:00+00:00,274,shipped,CUST-1182,synthetic,2025-03-28T00:00:00+00:00
a74537fb-4bdb-42d0-84d0-2c8302848161,Auto shipment 802,1c21be0f-7a41-4fd2-98f6-829a3308a50a,2025-02-07T00:00:00+00:00,2025-02-08T16:47:00+00:00,327,shipped,CUST-2559,synthetic,2025-02-07T00:00:00+00:00
2e841b7d-5876-4bc7-95d6-51496789a358,Auto shipment 803,78b74b5c-e459-4f23-b196-79e2b104375d,2025-10-02T00:00:00+00:00,2025-10-02T13:35:00+00:00,336,shipped,CUST-9300,synthetic,2025-10-01T00:00:00+00:00
5cbddbf2-58e0-4267-9570-e58aae4fdbcc,Auto shipment 804,68db2e0c-1613-41ae-a22c-4959cbb08fe6,2025-02-08T00:00:00+00:00,2025-02-10T22:36:00+00:00,433,shipped,CUST-7411,synthetic,2025-02-09T00:00:00+00:00
179c2b8f-0365-4bad-a70e-c33cb82ee468,Auto shipment 805,68db2e0c-1613-41ae-a22c-4959cbb08fe6,2025-06-13T00:00:00+00:00,2025-06-13T06:21:00+00:00,422,shipped,CUST-5432,synthetic,2025-06-12T00:00:00+00:00
13a7f2af-1c06-4d3b-bfa3-79b037a6595e,Auto shipment 806,78b74b5c-e459-4f23-b196-79e2b104375d,2025-06-07T00:00:00+00:00,2025-06-09T02:55:00+00:00,215,shipped,CUST-1355,synthetic,2025-06-08T00:00:00+00:00
2189af64-96fd-44b3-a609-891b1baf1f90,Auto shipment 807,1c21be0f-7a41-4fd2-98f6-829a3308a50a,2025-08-21T00:00:00+00:00,2025-08-22T11:25:00+00:00,177,shipped,CUST-9869,synthetic,2025-08-21T00:00:00+00:00
36d096b0-ad20-4b6b-bd73-700e4c40dbfa,Auto shipment 808,78b74b5c-e459-4f23-b196-79e2b104375d,2025-10-01T00:00:00+00:00,2025-10-04T18:02:00+00:00,347,shipped,CUST-7511,synthetic,2025-10-03T00:00:00+00:00
25a144b5-e08a-4688-b97b-5b0651e4b9fe,Auto shipment 809,68db2e0c-1613-41ae-a22c-4959cbb08fe6,2024-11-29T00:00:00+00:00,2024-11-29T01:00:00+00:00,375,shipped,CUST-1488,synthetic,2024-11-28T00:00:00+00:00
b716657b-a480-4042-91c0-2ecc27ea521b,Auto shipment 810,78b74b5c-e459-4f23-b196-79e2b104375d,2025-06-02T00:00:00+00:00,2025-06-03T14:16:00+00:00,374,shipped,CUST-8662,synthetic,2025-06-02T00:00:00+00:00
02c027d2-7e37-4ac0-9e3f-9d1f8c8041f4,Auto shipment 811,1c21be0f-7a41-4fd2-98f6-829a3308a50a,2025-04-02T00:00:00+00:00,2025-04-02T22:12:00+00:00,427,shipped,CUST-2849,synthetic,2025-04-01T00:00:00+00:00
352c0cac-f4aa-4425-9d20-8820b1e6edce,Auto shipment 812,78b74b5c-e459-4f23-b196-79e2b104375d,2025-03-03T00:00:00+00:00,2025-03-04T10:50:00+00:00,326,shipped,CUST-9947,synthetic,2025-03-03T00:00:00+00:00
4c05856d-9950-4563-9529-7b7be9773708,Auto shipment 813,1c21be0f-7a41-4fd2-98f6-829a3308a50a,2024-12-12T00:00:00+00:00,2024-12-14T13:45:00+00:00,360,shipped,CUST-8275,synthetic,2024-12-13T00:00:00+00:00
fed8865f-e27c-4e5e-914f-fc6d37a7e248,Auto shipment 814,78b74b5c-e459-4f23-b196-79e2b104375d,2024-12-29T00:00:00+00:00,2024-12-31T17:20:00+00:00,339,shipped,CUST-4502,synthetic,2024-12-30T00:00:00+00:00
167e2346-a15c-4860-88d0-b68ee4182041,Auto shipment 815,1c21be0f-7a41-4fd2-98f6-829a3308a50a,2025-01-30T00:00:00+00:00,2025-01-30T03:42:00+00:00,269,shipped,CUST-1866,synthetic,2025-01-29T00:00:00+00:00
96f95dc4-d3c5-4463-b781-83c6f78026f3,Auto shipment 816,1c21be0f-7a41-4fd2-98f6-829a3308a50a,2025-04-24T00:00:00+00:00,2025-04-24T21:12:00+00:00,333,shipped,CUST-6308,synthetic,2025-04-23T00:00:00+00:00
1c728831-4bfe-4d0a-86c2-9724328c0f09,Auto shipment 817,68db2e0c-1613-41ae-a22c-4959cbb08fe6,2025-06-03T00:00:00+00:00,2025-06-07T17:35:00+00:00,130,shipped,CUST-3386,synthetic,2025-06-06T00:00:00+00:00
70fd3a9f-7875-4fca-9163-a6227ff13ee3,Auto shipment 818,78b74b5c-e459-4f23-b196-79e2b104375d,2024-12-14T00:00:00+00:00,2024-12-18T11:50:00+00:00,154,shipped,CUST-5483,synthetic,2024-12-17T00:00:00+00:00
e8dec020-1361-4d02-badf-4e13611b2c76,Auto shipment 819,68db2e0c-1613-41ae-a22c-4959cbb08fe6,2025-06-14T00:00:00+00:00,2025-06-18T14:51:00+00:00,275,shipped,CUST-2387,synthetic,2025-06-17T00:00:00+00:00
58b5b7f5-3921-4f0d-a376-5212c90c8c16,Auto shipment 820,78b74b5c-e459-4f23-b196-79e2b104375d,2025-08-19T00:00:00+00:00,2025-08-20T03:18:00+00:00,219,shipped,CUST-2629,synthetic,2025-08-19T00:00:00+00:00
5868053a-88b5-45ec-87e2-a3142a989da9,Auto shipment 821,1c21be0f-7a41-4fd2-98f6-829a3308a50a,2024-12-22T00:00:00+00:00,2024-12-25T11:46:00+00:00,161,shipped,CUST-3451,synthetic,2024-12-24T00:00:00+00:00
3f1ba520-187b-43be-b12b-2230e4f01f00,Auto shipment 822,78b74b5c-e459-4f23-b196-79e2b104375d,2025-02-06T00:00:00+00:00,2025-02-09T10:51:00+00:00,124,shipped,CUST-8251,synthetic,2025-02-08T00:00:00+00:00
d77d0fa0-aa69-4060-b696-a1490203c847,Auto shipment 823,68db2e0c-1613-41ae-a22c-4959cbb08fe6,2025-07-23T00:00:00+00:00,2025-07-25T20:11:00+00:00,361,shipped,CUST-4120,synthetic,2025-07-24T00:00:00+00:00
0477c696-04f4-4e57-95ec-45490126b55c,Auto shipment 824,68db2e0c-1613-41ae-a22c-4959cbb08fe6,2025-09-09T00:00:00+00:00,2025-09-09T06:56:00+00:00,246,shipped,CUST-2814,synthetic,2025-09-08T00:00:00+00:00
376ba8ce-5dbd-4d91-ab04-c3475668082b,Auto shipment 825,78b74b5c-e459-4f23-b196-79e2b104375d,2025-05-19T00:00:00+00:00,2025-05-23T17:41:00+00:00,303,shipped,CUST-4189,synthetic,2025-05-22T00:00:00+00:00
07dd945b-710f-4994-a072-a913ae898a67,Auto shipment 826,68db2e0c-1613-41ae-a22c-4959cbb08fe6,2025-03-01T00:00:00+00:00,2025-03-04T02:43:00+00:00,330,shipped,CUST-6313,synthetic,2025-03-03T00:00:00+00:00
ff3336a9-e083-4a94-acfc-0117728ee6e9,Auto shipment 827,78b74b5c-e459-4f23-b196-79e2b104375d,2025-08-01T00:00:00+00:00,2025-08-05T12:53:00+00:00,220,shipped,CUST-4541,synthetic,2025-08-04T00:00:00+00:00
8ae01a50-db1b-4dac-9f4f-678c00c2a399,Auto shipment 828,78b74b5c-e459-4f23-b196-79e2b104375d,2025-04-19T00:00:00+00:00,2025-04-19T15:37:00+00:00,376,shipped,CUST-5231,synthetic,2025-04-18T00:00:00+00:00
d925f575-dd80-45c3-81b1-2a217cbb79c3,Auto shipment 829,68db2e0c-1613-41ae-a22c-4959cbb08fe6,2025-04-01T00:00:00+00:00,2025-04-04T00:37:00+00:00,148,shipped,CUST-8044,synthetic,2025-04-03T00:00:00+00:00
9f14a5b1-5a17-445b-8137-217751b31bc5,Auto shipment 830,78b74b5c-e459-4f23-b196-79e2b104375d,2025-06-21T00:00:00+00:00,2025-06-22T00:21:00+00:00,260,shipped,CUST-3857,synthetic,2025-06-21T00:00:00+00:00
ba6dcd49-56d4-4374-b026-afbf683743a3,Auto shipment 831,1c21be0f-7a41-4fd2-98f6-829a3308a50a,2025-03-27T00:00:00+00:00,2025-03-28T01:02:00+00:00,236,shipped,CUST-3992,synthetic,2025-03-27T00:00:00+00:00
c7f1706c-af8d-4937-ad91-b1b6ae6812e3,Auto shipment 832,68db2e0c-1613-41ae-a22c-4959cbb08fe6,2025-08-11T00:00:00+00:00,2025-08-15T08:12:00+00:00,370,shipped,CUST-9767,synthetic,2025-08-14T00:00:00+00:00
0c5fd4d1-54a6-4182-a15f-b0a4f4fcd407,Auto shipment 833,68db2e0c-1613-41ae-a22c-4959cbb08fe6,2025-03-07T00:00:00+00:00,2025-03-07T09:07:00+00:00,252,shipped,CUST-1351,synthetic,2025-03-06T00:00:00+00:00
4e376927-79e2-4af1-b6d3-df40eeed22bf,Auto shipment 834,68db2e0c-1613-41ae-a22c-4959cbb08fe6,2025-05-04T00:00:00+00:00,2025-05-04T03:53:00+00:00,195,shipped,CUST-6290,synthetic,2025-05-03T00:00:00+00:00
3be657a1-70f5-4f35-a227-3e690f5e48dd,Auto shipment 835,68db2e0c-1613-41ae-a22c-4959cbb08fe6,2025-01-07T00:00:00+00:00,2025-01-08T05:04:00+00:00,340,shipped,CUST-9670,synthetic,2025-01-07T00:00:00+00:00
40ed5d6a-7337-4a8d-a061-3146bfa0d01e,Auto shipment 836,78b74b5c-e459-4f23-b196-79e2b104375d,2025-04-07T00:00:00+00:00,2025-04-10T16:13:00+00:00,439,shipped,CUST-1592,synthetic,2025-04-09T00:00:00+00:00
29171617-0fa3-4689-af00-033bd2c3826b,Auto shipment 837,1c21be0f-7a41-4fd2-98f6-829a3308a50a,2025-02-06T00:00:00+00:00,2025-02-07T08:13:00+00:00,275,shipped,CUST-7455,synthetic,2025-02-06T00:00:00+00:00
396f03f6-a201-4975-8c00-36265d703670,Auto shipment 838,78b74b5c-e459-4f23-b196-79e2b104375d,2025-02-15T00:00:00+00:00,2025-02-15T22:20:00+00:00,402,shipped,CUST-7467,synthetic,2025-02-14T00:00:00+00:00
bebd3a8e-f8a6-4e00-b454-3c381f70090e,Auto shipment 839,78b74b5c-e459-4f23-b196-79e2b104375d,2025-07-09T00:00:00+00:00,2025-07-12T10:43:00+00:00,408,shipped,CUST-5826,synthetic,2025-07-11T00:00:00+00:00
d70d92fc-b5da-48e7-bdd6-f62207d221ea,Auto shipment 840,1c21be0f-7a41-4fd2-98f6-829a3308a50a,2025-01-14T00:00:00+00:00,2025-01-14T03:38:00+00:00,143,shipped,CUST-2090,synthetic,2025-01-13T00:00:00+00:00
a3cc87a9-fbd6-42b1-961c-76a09983ec17,Auto shipment 841,1c21be0f-7a41-4fd2-98f6-829a3308a50a,2025-01-16T00:00:00+00:00,2025-01-16T01:47:00+00:00,302,shipped,CUST-8779,synthetic,2025-01-15T00:00:00+00:00
14392146-5a70-490f-ae93-0650bd3eeace,Auto shipment 842,78b74b5c-e459-4f23-b196-79e2b104375d,2025-05-11T00:00:00+00:00,2025-05-15T11:15:00+00:00,250,shipped,CUST-5585,synthetic,2025-05-14T00:00:00+00:00
4c16d46c-19cc-4c30-9503-6495247d8939,Auto shipment 843,1c21be0f-7a41-4fd2-98f6-829a3308a50a,2025-03-02T00:00:00+00:00,2025-03-02T10:01:00+00:00,248,shipped,CUST-6620,synthetic,2025-03-01T00:00:00+00:00
1aca9995-fe48-4ac1-9a96-ae9903770860,Auto shipment 844,68db2e0c-1613-41ae-a22c-4959cbb08fe6,2025-02-20T00:00:00+00:00,2025-02-20T20:28:00+00:00,211,shipped,CUST-3930,synthetic,2025-02-19T00:00:00+00:00
e68a6f5e-ae6e-41e3-a248-95cbe549c073,Auto shipment 845,1c21be0f-7a41-4fd2-98f6-829a3308a50a,2025-11-04T00:00:00+00:00,2025-11-04T07:21:00+00:00,406,shipped,CUST-7605,synthetic,2025-11-03T00:00:00+00:00
d6428d78-4e7b-4f09-9c85-a4fd54974ab9,Auto shipment 846,78b74b5c-e459-4f23-b196-79e2b104375d,2025-10-14T00:00:00+00:00,2025-10-16T11:50:00+00:00,149,shipped,CUST-2531,synthetic,2025-10-15T00:00:00+00:00
28f303c0-ec2b-4afd-9a3e-4e254f701b83,Auto shipment 847,68db2e0c-1613-41ae-a22c-4959cbb08fe6,2025-06-12T00:00:00+00:00,2025-06-12T00:33:00+00:00,280,shipped,CUST-9376,synthetic,2025-06-11T00:00:00+00:00
cb9ced1e-c382-4b9e-b817-3341d3ab48a4,Auto shipment 848,68db2e0c-1613-41ae-a22c-4959cbb08fe6,2025-07-29T00:00:00+00:00,2025-07-31T11:02:00+00:00,435,shipped,CUST-5235,synthetic,2025-07-30T00:00:00+00:00
6f9b08fa-87a8-4580-a787-b4ef26ac1626,Auto shipment 849,1c21be0f-7a41-4fd2-98f6-829a3308a50a,2025-04-13T00:00:00+00:00,2025-04-15T17:14:00+00:00,151,shipped,CUST-4309,synthetic,2025-04-14T00:00:00+00:00
1e8c501a-94b6-4fd0-ae09-c8d816e76ea1,Auto shipment 850,1c21be0f-7a41-4fd2-98f6-829a3308a50a,2025-05-23T00:00:00+00:00,2025-05-27T05:15:00+00:00,437,shipped,CUST-6736,synthetic,2025-05-26T00:00:00+00:00
d166aa11-6fdd-4205-894e-4f4c9924e4d3,Auto shipment 851,1c21be0f-7a41-4fd2-98f6-829a3308a50a,2025-03-08T00:00:00+00:00,2025-03-09T05:33:00+00:00,454,shipped,CUST-8151,synthetic,2025-03-08T00:00:00+00:00
1e7a4868-7691-4668-b070-b3dbe637889e,Auto shipment 852,78b74b5c-e459-4f23-b196-79e2b104375d,2025-06-01T00:00:00+00:00,2025-06-01T15:09:00+00:00,263,shipped,CUST-5733,synthetic,2025-05-31T00:00:00+00:00
395bf868-8993-4330-837a-6c61f26cd773,Auto shipment 853,78b74b5c-e459-4f23-b196-79e2b104375d,2025-10-07T00:00:00+00:00,2025-10-09T19:29:00+00:00,335,shipped,CUST-9245,synthetic,2025-10-08T00:00:00+00:00
1c746bcf-1609-4170-a044-1e0255325183,Auto shipment 854,1c21be0f-7a41-4fd2-98f6-829a3308a50a,2025-09-17T00:00:00+00:00,2025-09-21T18:30:00+00:00,285,shipped,CUST-5343,synthetic,2025-09-20T00:00:00+00:00
b379d3ec-42a4-4cf1-9c01-f273a8804ef1,Auto shipment 855,78b74b5c-e459-4f23-b196-79e2b104375d,2025-04-14T00:00:00+00:00,2025-04-14T20:58:00+00:00,152,shipped,CUST-2213,synthetic,2025-04-13T00:00:00+00:00
5108bb7f-e6f4-4232-b22f-10f4590b44de,Auto shipment 856,78b74b5c-e459-4f23-b196-79e2b104375d,2025-06-02T00:00:00+00:00,2025-06-06T02:26:00+00:00,263,shipped,CUST-2683,synthetic,2025-06-05T00:00:00+00:00
686b4db6-940f-47c7-8b43-98430b661150,Auto shipment 857,1c21be0f-7a41-4fd2-98f6-829a3308a50a,2025-07-17T00:00:00+00:00,2025-07-20T09:52:00+00:00,392,shipped,CUST-3722,synthetic,2025-07-19T00:00:00+00:00
c6a4d365-54a9-49e2-b63f-f5158cdb3671,Auto shipment 858,78b74b5c-e459-4f23-b196-79e2b104375d,2025-04-06T00:00:00+00:00,2025-04-06T13:45:00+00:00,228,shipped,CUST-4703,synthetic,2025-04-05T00:00:00+00:00
ddd1f751-15ab-49e5-8c79-ca127d39610a,Auto shipment 859,68db2e0c-1613-41ae-a22c-4959cbb08fe6,2025-05-07T00:00:00+00:00,2025-05-10T09:45:00+00:00,99,shipped,CUST-1518,synthetic,2025-05-09T00:00:00+00:00
5562b9f1-6af1-4f35-9100-2a9c170af87b,Auto shipment 860,68db2e0c-1613-41ae-a22c-4959cbb08fe6,2025-01-03T00:00:00+00:00,2025-01-07T08:00:00+00:00,281,shipped,CUST-1559,synthetic,2025-01-06T00:00:00+00:00
c941f4e8-4804-44f9-ae1a-28de8130fd8e,Auto shipment 861,1c21be0f-7a41-4fd2-98f6-829a3308a50a,2025-04-20T00:00:00+00:00,2025-04-23T17:27:00+00:00,410,shipped,CUST-3040,synthetic,2025-04-22T00:00:00+00:00
b1ac055e-3f75-4ef3-8f80-44bc5fbdf9e5,Auto shipment 862,68db2e0c-1613-41ae-a22c-4959cbb08fe6,2025-08-01T00:00:00+00:00,2025-08-01T08:14:00+00:00,325,shipped,CUST-1614,synthetic,2025-07-31T00:00:00+00:00
c9516c5c-6f4f-4b12-866e-e37059cef6ad,Auto shipment 863,78b74b5c-e459-4f23-b196-79e2b104375d,2025-11-07T00:00:00+00:00,2025-11-07T01:28:00+00:00,286,shipped,CUST-7142,synthetic,2025-11-06T00:00:00+00:00
be659aff-ca76-4739-97fd-eb2194e9235f,Auto shipment 864,68db2e0c-1613-41ae-a22c-4959cbb08fe6,2025-03-01T00:00:00+00:00,2025-03-04T12:02:00+00:00,118,shipped,CUST-9162,synthetic,2025-03-03T00:00:00+00:00
ccfddf60-12e5-4946-95ee-7a0bec380a17,Auto shipment 865,1c21be0f-7a41-4fd2-98f6-829a3308a50a,2025-08-28T00:00:00+00:00,2025-08-30T00:36:00+00:00,425,shipped,CUST-1016,synthetic,2025-08-29T00:00:00+00:00
aa97478c-2cca-4e5d-ae34-4faaa92b8c96,Auto shipment 866,1c21be0f-7a41-4fd2-98f6-829a3308a50a,2025-11-02T00:00:00+00:00,2025-11-06T13:02:00+00:00,140,shipped,CUST-9776,synthetic,2025-11-05T00:00:00+00:00
f5ca83d1-3a62-403e-91b2-dc24c89423a7,Auto shipment 867,78b74b5c-e459-4f23-b196-79e2b104375d,2025-06-13T00:00:00+00:00,2025-06-14T05:40:00+00:00,224,shipped,CUST-7758,synthetic,2025-06-13T00:00:00+00:00
266c53aa-e6d4-4a33-8ac2-445389a70c15,Auto shipment 868,68db2e0c-1613-41ae-a22c-4959cbb08fe6,2025-05-24T00:00:00+00:00,2025-05-26T02:16:00+00:00,158,shipped,CUST-3512,synthetic,2025-05-25T00:00:00+00:00
b7c469d2-a177-4b00-ac1b-e9d0a0968dcc,Auto shipment 869,68db2e0c-1613-41ae-a22c-4959cbb08fe6,2024-12-12T00:00:00+00:00,2024-12-14T03:24:00+00:00,435,shipped,CUST-9008,synthetic,2024-12-13T00:00:00+00:00
678c2cf7-8963-4019-befd-261bc9256c11,Auto shipment 870,68db2e0c-1613-41ae-a22c-4959cbb08fe6,2025-10-13T00:00:00+00:00,2025-10-14T18:30:00+00:00,168,shipped,CUST-1366,synthetic,2025-10-13T00:00:00+00:00
958bf8b2-c635-40d6-a8fa-6b7183d48c1d,Auto shipment 871,68db2e0c-1613-41ae-a22c-4959cbb08fe6,2025-03-28T00:00:00+00:00,2025-03-28T18:14:00+00:00,238,shipped,CUST-3929,synthetic,2025-03-27T00:00:00+00:00
192798ae-6e6c-4cd8-bdaa-9dfc196f1dca,Auto shipment 872,1c21be0f-7a41-4fd2-98f6-829a3308a50a,2024-12-09T00:00:00+00:00,2024-12-10T07:08:00+00:00,363,shipped,CUST-2907,synthetic,2024-12-09T00:00:00+00:00
b0c88fda-4b1c-4857-943b-6252b3261e9e,Auto shipment 873,78b74b5c-e459-4f23-b196-79e2b104375d,2025-03-22T00:00:00+00:00,2025-03-25T13:15:00+00:00,239,shipped,CUST-7058,synthetic,2025-03-24T00:00:00+00:00
b16a71d9-f58d-481d-b9cc-8e5ffab710e3,Auto shipment 874,78b74b5c-e459-4f23-b196-79e2b104375d,2024-11-24T00:00:00+00:00,2024-11-28T17:29:00+00:00,268,shipped,CUST-4037,synthetic,2024-11-27T00:00:00+00:00
6311e1dd-c6cb-4f96-b380-16037ecdc1b0,Auto shipment 875,1c21be0f-7a41-4fd2-98f6-829a3308a50a,2025-08-20T00:00:00+00:00,2025-08-22T13:37:00+00:00,380,shipped,CUST-2147,synthetic,2025-08-21T00:00:00+00:00
070bf118-bdb4-410c-af1b-14636add6a78,Auto shipment 876,68db2e0c-1613-41ae-a22c-4959cbb08fe6,2024-11-27T00:00:00+00:00,2024-11-29T01:22:00+00:00,268,shipped,CUST-7604,synthetic,2024-11-28T00:00:00+00:00
a08857a1-981a-4f3f-a7dd-21a44ea711cd,Auto shipment 877,1c21be0f-7a41-4fd2-98f6-829a3308a50a,2025-08-08T00:00:00+00:00,2025-08-11T11:27:00+00:00,158,shipped,CUST-4118,synthetic,2025-08-10T00:00:00+00:00
9860f0fb-ef50-47a4-9650-d910cf261e8a,Auto shipment 878,78b74b5c-e459-4f23-b196-79e2b104375d,2025-10-08T00:00:00+00:00,2025-10-08T05:49:00+00:00,212,shipped,CUST-1868,synthetic,2025-10-07T00:00:00+00:00
e04c2c42-0d46-4ef9-aa9c-d8acb7e7a4af,Auto shipment 879,1c21be0f-7a41-4fd2-98f6-829a3308a50a,2025-10-29T00:00:00+00:00,2025-11-02T18:04:00+00:00,145,shipped,CUST-6423,synthetic,2025-11-01T00:00:00+00:00
ac33598b-beef-488c-89e7-ed6adf92aedb,Auto shipment 880,1c21be0f-7a41-4fd2-98f6-829a3308a50a,2025-03-06T00:00:00+00:00,2025-03-08T12:46:00+00:00,263,shipped,CUST-9169,synthetic,2025-03-07T00:00:00+00:00
34350cd6-bd7e-4df0-aa00-d88827d0980a,Auto shipment 881,1c21be0f-7a41-4fd2-98f6-829a3308a50a,2025-03-23T00:00:00+00:00,2025-03-23T16:27:00+00:00,342,shipped,CUST-9777,synthetic,2025-03-22T00:00:00+00:00
9b5b7b5c-e0a2-4f50-867b-66af70b0e084,Auto shipment 882,78b74b5c-e459-4f23-b196-79e2b104375d,2025-06-24T00:00:00+00:00,2025-06-27T13:38:00+00:00,99,shipped,CUST-3014,synthetic,2025-06-26T00:00:00+00:00
2eaad8e8-c9a0-4c01-a3c7-c76a7b220c36,Auto shipment 883,78b74b5c-e459-4f23-b196-79e2b104375d,2025-07-04T00:00:00+00:00,2025-07-05T09:23:00+00:00,172,shipped,CUST-4868,synthetic,2025-07-04T00:00:00+00:00
928a5cf8-5d42-49c8-a17f-34c54ca9488a,Auto shipment 884,78b74b5c-e459-4f23-b196-79e2b104375d,2025-01-08T00:00:00+00:00,2025-01-12T18:03:00+00:00,186,shipped,CUST-8605,synthetic,2025-01-11T00:00:00+00:00
f45ecff2-71a1-4cfe-8e72-55092d491eb0,Auto shipment 885,78b74b5c-e459-4f23-b196-79e2b104375d,2025-07-24T00:00:00+00:00,2025-07-25T03:33:00+00:00,159,shipped,CUST-4348,synthetic,2025-07-24T00:00:00+00:00
0602f7a2-b04e-48bc-bdb6-1d174102a7d2,Auto shipment 886,68db2e0c-1613-41ae-a22c-4959cbb08fe6,2024-11-14T00:00:00+00:00,2024-11-17T20:40:00+00:00,288,shipped,CUST-4880,synthetic,2024-11-16T00:00:00+00:00
6f88889d-9e30-4e28-8970-40091c9e842c,Auto shipment 887,1c21be0f-7a41-4fd2-98f6-829a3308a50a,2025-07-22T00:00:00+00:00,2025-07-24T15:04:00+00:00,245,shipped,CUST-7213,synthetic,2025-07-23T00:00:00+00:00
df6e4c71-dd73-4f21-a96d-cd4558fdbf6b,Auto shipment 888,68db2e0c-1613-41ae-a22c-4959cbb08fe6,2025-04-13T00:00:00+00:00,2025-04-17T19:36:00+00:00,225,shipped,CUST-5499,synthetic,2025-04-16T00:00:00+00:00
05708f60-450f-4e24-a7d2-18f9adef3db8,Auto shipment 889,78b74b5c-e459-4f23-b196-79e2b104375d,2025-11-05T00:00:00+00:00,2025-11-06T04:32:00+00:00,276,shipped,CUST-5515,synthetic,2025-11-05T00:00:00+00:00
cd129e6e-0413-4bb3-b8f6-73920212137d,Auto shipment 890,1c21be0f-7a41-4fd2-98f6-829a3308a50a,2025-07-10T00:00:00+00:00,2025-07-12T02:56:00+00:00,161,shipped,CUST-5155,synthetic,2025-07-11T00:00:00+00:00
a2610b5e-3351-4c19-8dbb-08f6e1014072,Auto shipment 891,68db2e0c-1613-41ae-a22c-4959cbb08fe6,2025-01-22T00:00:00+00:00,2025-01-25T08:18:00+00:00,458,shipped,CUST-9788,synthetic,2025-01-24T00:00:00+00:00
e2374ecf-a358-4813-9dc8-5c359242d199,Auto shipment 892,78b74b5c-e459-4f23-b196-79e2b104375d,2024-12-27T00:00:00+00:00,2024-12-31T22:15:00+00:00,113,shipped,CUST-4562,synthetic,2024-12-30T00:00:00+00:00
ef64a6a8-cd60-428b-8e61-cea0cbfae918,Auto shipment 893,78b74b5c-e459-4f23-b196-79e2b104375d,2025-10-10T00:00:00+00:00,2025-10-12T17:20:00+00:00,321,shipped,CUST-7650,synthetic,2025-10-11T00:00:00+00:00
b4a784a0-f406-4d0b-abf2-90d623607458,Auto shipment 894,68db2e0c-1613-41ae-a22c-4959cbb08fe6,2025-08-20T00:00:00+00:00,2025-08-23T05:01:00+00:00,461,shipped,CUST-3332,synthetic,2025-08-22T00:00:00+00:00
9f6e461a-c29a-4888-83a2-b72074e9562f,Auto shipment 895,78b74b5c-e459-4f23-b196-79e2b104375d,2025-01-30T00:00:00+00:00,2025-02-02T12:26:00+00:00,396,shipped,CUST-4755,synthetic,2025-02-01T00:00:00+00:00
228ccf18-b7fb-4784-8abf-5081694ecfc0,Auto shipment 896,68db2e0c-1613-41ae-a22c-4959cbb08fe6,2025-01-27T00:00:00+00:00,2025-01-27T04:17:00+00:00,127,shipped,CUST-4767,synthetic,2025-01-26T00:00:00+00:00
62946c2e-2d7c-4239-a73b-2446464731a8,Auto shipment 897,1c21be0f-7a41-4fd2-98f6-829a3308a50a,2025-02-08T00:00:00+00:00,2025-02-11T04:50:00+00:00,266,shipped,CUST-1563,synthetic,2025-02-10T00:00:00+00:00
88c9c455-81ba-49b8-b3b2-75c0cf47000a,Auto shipment 898,1c21be0f-7a41-4fd2-98f6-829a3308a50a,2025-01-23T00:00:00+00:00,2025-01-23T18:31:00+00:00,405,shipped,CUST-4104,synthetic,2025-01-22T00:00:00+00:00
4e548648-cdd2-4c8f-8e9f-f21f2eddb005,Auto shipment 899,1c21be0f-7a41-4fd2-98f6-829a3308a50a,2025-05-16T00:00:00+00:00,2025-05-19T20:50:00+00:00,178,shipped,CUST-3310,synthetic,2025-05-18T00:00:00+00:00
3c6c72f1-28aa-45cb-9ba3-41e1c8a167cb,Auto shipment 900,68db2e0c-1613-41ae-a22c-4959cbb08fe6,2025-02-15T00:00:00+00:00,2025-02-15T03:25:00+00:00,230,shipped,CUST-5473,synthetic,2025-02-14T00:00:00+00:00
382f2b41-a088-4039-8986-52ac6bc68fc8,Auto shipment 901,68db2e0c-1613-41ae-a22c-4959cbb08fe6,2025-05-04T00:00:00+00:00,2025-05-05T04:23:00+00:00,388,shipped,CUST-1348,synthetic,2025-05-04T00:00:00+00:00
9d2815e5-7c6d-404e-8ec5-1f49db4d16c1,Auto shipment 902,1c21be0f-7a41-4fd2-98f6-829a3308a50a,2025-08-30T00:00:00+00:00,2025-08-30T08:48:00+00:00,440,shipped,CUST-4384,synthetic,2025-08-29T00:00:00+00:00
d72d2a9d-d2bb-4c19-a481-c8372f0d1897,Auto shipment 903,1c21be0f-7a41-4fd2-98f6-829a3308a50a,2024-12-24T00:00:00+00:00,2024-12-26T02:27:00+00:00,240,shipped,CUST-2681,synthetic,2024-12-25T00:00:00+00:00
dbe6c022-df4a-4d2a-b672-cac3bbc62802,Auto shipment 904,78b74b5c-e459-4f23-b196-79e2b104375d,2024-11-27T00:00:00+00:00,2024-11-30T04:37:00+00:00,420,shipped,CUST-1873,synthetic,2024-11-29T00:00:00+00:00
fafa411b-a977-4c22-9497-c4ebb8ad80da,Auto shipment 905,1c21be0f-7a41-4fd2-98f6-829a3308a50a,2025-02-07T00:00:00+00:00,2025-02-08T17:39:00+00:00,372,shipped,CUST-8086,synthetic,2025-02-07T00:00:00+00:00
de386c1f-1c18-4769-952e-0d1b27f3dff5,Auto shipment 906,78b74b5c-e459-4f23-b196-79e2b104375d,2025-02-26T00:00:00+00:00,2025-02-26T16:09:00+00:00,312,shipped,CUST-9727,synthetic,2025-02-25T00:00:00+00:00
5d331f52-1dca-4fed-833e-30f4ebad3abf,Auto shipment 907,68db2e0c-1613-41ae-a22c-4959cbb08fe6,2025-08-08T00:00:00+00:00,2025-08-08T10:19:00+00:00,324,shipped,CUST-5016,synthetic,2025-08-07T00:00:00+00:00
d485f1b8-1570-4ad3-b99b-4bb09255015f,Auto shipment 908,68db2e0c-1613-41ae-a22c-4959cbb08fe6,2024-11-30T00:00:00+00:00,2024-11-30T08:39:00+00:00,355,shipped,CUST-4941,synthetic,2024-11-29T00:00:00+00:00
25f3d117-4265-4d02-b96e-e3fb128a0af3,Auto shipment 909,78b74b5c-e459-4f23-b196-79e2b104375d,2025-03-25T00:00:00+00:00,2025-03-28T09:15:00+00:00,243,shipped,CUST-2086,synthetic,2025-03-27T00:00:00+00:00
621181ab-5949-4bda-84be-9e1424de3441,Auto shipment 910,1c21be0f-7a41-4fd2-98f6-829a3308a50a,2024-12-01T00:00:00+00:00,2024-12-01T20:41:00+00:00,207,shipped,CUST-6315,synthetic,2024-11-30T00:00:00+00:00
81036834-5b47-4710-a497-9f60e706ddbf,Auto shipment 911,1c21be0f-7a41-4fd2-98f6-829a3308a50a,2025-05-31T00:00:00+00:00,2025-06-01T10:39:00+00:00,224,shipped,CUST-6278,synthetic,2025-05-31T00:00:00+00:00
d28fcc57-a773-4194-ace1-362f2b194b97,Auto shipment 912,78b74b5c-e459-4f23-b196-79e2b104375d,2025-11-06T00:00:00+00:00,2025-11-07T16:29:00+00:00,380,shipped,CUST-7921,synthetic,2025-11-06T00:00:00+00:00
73f5eadc-de2d-4842-b5ad-7db91b2a7076,Auto shipment 913,68db2e0c-1613-41ae-a22c-4959cbb08fe6,2025-07-22T00:00:00+00:00,2025-07-22T15:31:00+00:00,106,shipped,CUST-7811,synthetic,2025-07-21T00:00:00+00:00
782d550a-5895-4a25-88cb-bb26fbf18382,Auto shipment 914,78b74b5c-e459-4f23-b196-79e2b104375d,2025-08-22T00:00:00+00:00,2025-08-23T19:35:00+00:00,193,shipped,CUST-2842,synthetic,2025-08-22T00:00:00+00:00
dd785afd-baa6-4a66-809d-e708910b374d,Auto shipment 915,1c21be0f-7a41-4fd2-98f6-829a3308a50a,2024-12-04T00:00:00+00:00,2024-12-04T22:10:00+00:00,199,shipped,CUST-8593,synthetic,2024-12-03T00:00:00+00:00
3c9ad41b-a7cf-4d0e-9765-c4fb2e870275,Auto shipment 916,68db2e0c-1613-41ae-a22c-4959cbb08fe6,2025-06-23T00:00:00+00:00,2025-06-24T12:29:00+00:00,199,shipped,CUST-7613,synthetic,2025-06-23T00:00:00+00:00
57830c79-2001-46d4-850c-d3cc2bc2bb3b,Auto shipment 917,68db2e0c-1613-41ae-a22c-4959cbb08fe6,2025-01-20T00:00:00+00:00,2025-01-24T11:27:00+00:00,235,shipped,CUST-4226,synthetic,2025-01-23T00:00:00+00:00
b2f044ed-4c1c-4338-9607-83920fd4e8e1,Auto shipment 918,1c21be0f-7a41-4fd2-98f6-829a3308a50a,2025-01-16T00:00:00+00:00,2025-01-18T09:49:00+00:00,134,shipped,CUST-4223,synthetic,2025-01-17T00:00:00+00:00
d28b2401-b2e0-4ceb-b817-dcf5acef3047,Auto shipment 919,1c21be0f-7a41-4fd2-98f6-829a3308a50a,2025-06-10T00:00:00+00:00,2025-06-14T08:40:00+00:00,197,shipped,CUST-7497,synthetic,2025-06-13T00:00:00+00:00
df7c11a8-489c-4aa6-87ce-1cd23b192a1c,Auto shipment 920,1c21be0f-7a41-4fd2-98f6-829a3308a50a,2024-11-13T00:00:00+00:00,2024-11-17T21:34:00+00:00,215,shipped,CUST-7273,synthetic,2024-11-16T00:00:00+00:00
642aec39-340a-4d38-8062-602dae2be9d1,Auto shipment 921,78b74b5c-e459-4f23-b196-79e2b104375d,2025-11-05T00:00:00+00:00,2025-11-07T14:52:00+00:00,307,shipped,CUST-8079,synthetic,2025-11-06T00:00:00+00:00
084a7d86-6235-4f77-8176-4b0cd0ac6377,Auto shipment 922,1c21be0f-7a41-4fd2-98f6-829a3308a50a,2024-11-15T00:00:00+00:00,2024-11-18T19:46:00+00:00,178,shipped,CUST-2658,synthetic,2024-11-17T00:00:00+00:00
b7df8d4a-a0a9-4287-bb53-1c5d7e64d9e4,Auto shipment 923,68db2e0c-1613-41ae-a22c-4959cbb08fe6,2025-08-20T00:00:00+00:00,2025-08-21T04:41:00+00:00,367,shipped,CUST-7681,synthetic,2025-08-20T00:00:00+00:00
d0ffbbc0-91e2-458c-bd33-82aaf63da7ee,Auto shipment 924,1c21be0f-7a41-4fd2-98f6-829a3308a50a,2024-12-07T00:00:00+00:00,2024-12-07T11:08:00+00:00,412,shipped,CUST-6214,synthetic,2024-12-06T00:00:00+00:00
9286e55f-b5ef-4ecd-81d7-3cdd97c4687e,Auto shipment 925,1c21be0f-7a41-4fd2-98f6-829a3308a50a,2024-12-02T00:00:00+00:00,2024-12-04T00:06:00+00:00,305,shipped,CUST-5850,synthetic,2024-12-03T00:00:00+00:00
aa588817-9502-4650-96ad-283255db280a,Auto shipment 926,78b74b5c-e459-4f23-b196-79e2b104375d,2024-12-23T00:00:00+00:00,2024-12-27T06:00:00+00:00,362,shipped,CUST-6994,synthetic,2024-12-26T00:00:00+00:00
dc5984ea-3ddd-490e-9e39-abe761bc14ce,Auto shipment 927,68db2e0c-1613-41ae-a22c-4959cbb08fe6,2025-10-03T00:00:00+00:00,2025-10-05T12:17:00+00:00,154,shipped,CUST-2556,synthetic,2025-10-04T00:00:00+00:00
477970f2-0559-421b-98b5-4de3ff45c2a0,Auto shipment 928,78b74b5c-e459-4f23-b196-79e2b104375d,2025-10-15T00:00:00+00:00,2025-10-17T07:36:00+00:00,500,shipped,CUST-4207,synthetic,2025-10-16T00:00:00+00:00
ee43666e-d265-4705-a5a0-1078f2219d08,Auto shipment 929,1c21be0f-7a41-4fd2-98f6-829a3308a50a,2025-07-25T00:00:00+00:00,2025-07-26T04:27:00+00:00,379,shipped,CUST-8719,synthetic,2025-07-25T00:00:00+00:00
55fc1c9d-67bf-41f5-b328-bd9237ad07fd,Auto shipment 930,68db2e0c-1613-41ae-a22c-4959cbb08fe6,2025-04-07T00:00:00+00:00,2025-04-09T20:58:00+00:00,261,shipped,CUST-3227,synthetic,2025-04-08T00:00:00+00:00
1026445c-c0f3-4f09-b7a6-d54940d77d3a,Auto shipment 931,78b74b5c-e459-4f23-b196-79e2b104375d,2025-10-13T00:00:00+00:00,2025-10-16T05:09:00+00:00,298,shipped,CUST-4964,synthetic,2025-10-15T00:00:00+00:00
372f7384-a6b1-4ab6-bdd3-a026d258943c,Auto shipment 932,1c21be0f-7a41-4fd2-98f6-829a3308a50a,2024-11-14T00:00:00+00:00,2024-11-14T02:31:00+00:00,414,shipped,CUST-1370,synthetic,2024-11-13T00:00:00+00:00
f930c4ee-208d-4cc9-94ac-74c216679578,Auto shipment 933,68db2e0c-1613-41ae-a22c-4959cbb08fe6,2024-11-27T00:00:00+00:00,2024-11-28T02:22:00+00:00,271,shipped,CUST-3724,synthetic,2024-11-27T00:00:00+00:00
22559554-e58a-4b91-811c-40c1a33066f8,Auto shipment 934,1c21be0f-7a41-4fd2-98f6-829a3308a50a,2025-01-13T00:00:00+00:00,2025-01-15T11:39:00+00:00,465,shipped,CUST-9947,synthetic,2025-01-14T00:00:00+00:00
a9361f7d-0e9d-4b10-99cb-cdced4ba0dfd,Auto shipment 935,1c21be0f-7a41-4fd2-98f6-829a3308a50a,2025-01-31T00:00:00+00:00,2025-02-03T11:38:00+00:00,252,shipped,CUST-6475,synthetic,2025-02-02T00:00:00+00:00
4da4f99d-f9ad-4499-8912-dc1d6cd5c31e,Auto shipment 936,1c21be0f-7a41-4fd2-98f6-829a3308a50a,2025-07-16T00:00:00+00:00,2025-07-16T21:52:00+00:00,136,shipped,CUST-4299,synthetic,2025-07-15T00:00:00+00:00
71c3baec-bfe7-47d7-8cd1-576e88a421c3,Auto shipment 937,1c21be0f-7a41-4fd2-98f6-829a3308a50a,2025-02-24T00:00:00+00:00,2025-02-25T03:41:00+00:00,193,shipped,CUST-9234,synthetic,2025-02-24T00:00:00+00:00
1806b8d1-36ba-4214-a5cb-3d4e498b2eee,Auto shipment 938,78b74b5c-e459-4f23-b196-79e2b104375d,2025-03-02T00:00:00+00:00,2025-03-02T09:48:00+00:00,240,shipped,CUST-7062,synthetic,2025-03-01T00:00:00+00:00
22118e6b-5754-40ca-86c9-7540a5eb0b56,Auto shipment 939,1c21be0f-7a41-4fd2-98f6-829a3308a50a,2025-09-16T00:00:00+00:00,2025-09-17T19:44:00+00:00,164,shipped,CUST-6364,synthetic,2025-09-16T00:00:00+00:00
dd0222d2-29a7-42dd-a45e-bec57eba841d,Auto shipment 940,68db2e0c-1613-41ae-a22c-4959cbb08fe6,2025-07-14T00:00:00+00:00,2025-07-18T22:13:00+00:00,324,shipped,CUST-4810,synthetic,2025-07-17T00:00:00+00:00
983c3701-6aa1-4123-9460-91e8589f734e,Auto shipment 941,1c21be0f-7a41-4fd2-98f6-829a3308a50a,2025-05-26T00:00:00+00:00,2025-05-28T19:40:00+00:00,285,shipped,CUST-1233,synthetic,2025-05-27T00:00:00+00:00
5329e9a4-d20f-498f-aba9-f3233fa938d3,Auto shipment 942,68db2e0c-1613-41ae-a22c-4959cbb08fe6,2025-01-23T00:00:00+00:00,2025-01-25T02:53:00+00:00,389,shipped,CUST-9845,synthetic,2025-01-24T00:00:00+00:00
7f5c7101-683a-457b-9fe7-15e5195be93a,Auto shipment 943,78b74b5c-e459-4f23-b196-79e2b104375d,2025-02-07T00:00:00+00:00,2025-02-10T18:00:00+00:00,239,shipped,CUST-5763,synthetic,2025-02-09T00:00:00+00:00
879a64ab-500f-46b6-9fb1-1e2ba02ca92a,Auto shipment 944,1c21be0f-7a41-4fd2-98f6-829a3308a50a,2024-12-31T00:00:00+00:00,2024-12-31T10:45:00+00:00,302,shipped,CUST-3632,synthetic,2024-12-30T00:00:00+00:00
732d8ca5-d37d-418f-b493-4f5c77b5123b,Auto shipment 945,78b74b5c-e459-4f23-b196-79e2b104375d,2025-06-18T00:00:00+00:00,2025-06-21T21:30:00+00:00,384,shipped,CUST-1490,synthetic,2025-06-20T00:00:00+00:00
c5e2da8d-eae3-4241-87d5-2966b4263be9,Auto shipment 946,1c21be0f-7a41-4fd2-98f6-829a3308a50a,2025-04-04T00:00:00+00:00,2025-04-05T06:18:00+00:00,169,shipped,CUST-7572,synthetic,2025-04-04T00:00:00+00:00
c4986b68-0beb-4cc6-b1db-0e17af8c5330,Auto shipment 947,78b74b5c-e459-4f23-b196-79e2b104375d,2025-02-10T00:00:00+00:00,2025-02-11T22:07:00+00:00,304,shipped,CUST-4044,synthetic,2025-02-10T00:00:00+00:00
73f42e76-c559-4b79-9a4b-a003cbdba646,Auto shipment 948,1c21be0f-7a41-4fd2-98f6-829a3308a50a,2025-01-24T00:00:00+00:00,2025-01-24T03:24:00+00:00,230,shipped,CUST-9658,synthetic,2025-01-23T00:00:00+00:00
e0017c44-f0cf-4806-b886-ade3566605e8,Auto shipment 949,78b74b5c-e459-4f23-b196-79e2b104375d,2025-09-25T00:00:00+00:00,2025-09-27T16:55:00+00:00,333,shipped,CUST-6878,synthetic,2025-09-26T00:00:00+00:00
0bd38d08-54c5-49ff-9419-b7023bb0f2e4,Auto shipment 950,68db2e0c-1613-41ae-a22c-4959cbb08fe6,2025-04-30T00:00:00+00:00,2025-05-01T14:32:00+00:00,121,shipped,CUST-6240,synthetic,2025-04-30T00:00:00+00:00
98c8d8c8-cc04-4d91-9480-966e008ec682,Auto shipment 951,68db2e0c-1613-41ae-a22c-4959cbb08fe6,2025-02-10T00:00:00+00:00,2025-02-14T01:32:00+00:00,429,shipped,CUST-9426,synthetic,2025-02-13T00:00:00+00:00
89444574-9b66-453b-81b8-d96a49ccb84f,Auto shipment 952,78b74b5c-e459-4f23-b196-79e2b104375d,2025-07-10T00:00:00+00:00,2025-07-11T00:42:00+00:00,96,shipped,CUST-3950,synthetic,2025-07-10T00:00:00+00:00
b0612dd9-6caf-47f9-abd6-a0279bdb7d20,Auto shipment 953,78b74b5c-e459-4f23-b196-79e2b104375d,2025-05-25T00:00:00+00:00,2025-05-26T03:55:00+00:00,231,shipped,CUST-6806,synthetic,2025-05-25T00:00:00+00:00
e6066764-20c3-4463-a42e-b6b2e27c4159,Auto shipment 954,1c21be0f-7a41-4fd2-98f6-829a3308a50a,2024-12-05T00:00:00+00:00,2024-12-07T13:43:00+00:00,354,shipped,CUST-9821,synthetic,2024-12-06T00:00:00+00:00
0f6e5509-7dd0-4eec-af14-4a88e202d449,Auto shipment 955,68db2e0c-1613-41ae-a22c-4959cbb08fe6,2025-03-17T00:00:00+00:00,2025-03-20T10:19:00+00:00,184,shipped,CUST-5640,synthetic,2025-03-19T00:00:00+00:00
daed5242-b82e-47f3-9974-51350a58c7f0,Auto shipment 956,78b74b5c-e459-4f23-b196-79e2b104375d,2025-02-07T00:00:00+00:00,2025-02-08T11:17:00+00:00,360,shipped,CUST-7828,synthetic,2025-02-07T00:00:00+00:00
ed321e6b-58fc-49c6-8e78-102c74f1d3ee,Auto shipment 957,68db2e0c-1613-41ae-a22c-4959cbb08fe6,2025-01-08T00:00:00+00:00,2025-01-12T20:51:00+00:00,480,shipped,CUST-1818,synthetic,2025-01-11T00:00:00+00:00
ddc88e2e-248c-48a7-8577-14a4bbac76b4,Auto shipment 958,1c21be0f-7a41-4fd2-98f6-829a3308a50a,2025-06-17T00:00:00+00:00,2025-06-18T11:21:00+00:00,288,shipped,CUST-9378,synthetic,2025-06-17T00:00:00+00:00
792bf905-1247-4f01-954c-74dfe16a7e9a,Auto shipment 959,68db2e0c-1613-41ae-a22c-4959cbb08fe6,2025-10-10T00:00:00+00:00,2025-10-14T10:02:00+00:00,128,shipped,CUST-4144,synthetic,2025-10-13T00:00:00+00:00
9e7f1174-f3be-4cff-9fb5-041664790f1d,Auto shipment 960,78b74b5c-e459-4f23-b196-79e2b104375d,2025-05-25T00:00:00+00:00,2025-05-25T10:42:00+00:00,444,shipped,CUST-8161,synthetic,2025-05-24T00:00:00+00:00
9f892e14-9370-41dd-855e-776f2ce20ee4,Auto shipment 961,1c21be0f-7a41-4fd2-98f6-829a3308a50a,2025-09-02T00:00:00+00:00,2025-09-06T01:57:00+00:00,327,shipped,CUST-9122,synthetic,2025-09-05T00:00:00+00:00
1f175b42-c9b2-4b9c-8f16-fbb972b81ea2,Auto shipment 962,78b74b5c-e459-4f23-b196-79e2b104375d,2025-07-18T00:00:00+00:00,2025-07-19T08:13:00+00:00,227,shipped,CUST-5752,synthetic,2025-07-18T00:00:00+00:00
799f163c-b556-4ac4-867d-25fb9b99aad4,Auto shipment 963,78b74b5c-e459-4f23-b196-79e2b104375d,2025-07-28T00:00:00+00:00,2025-08-01T07:23:00+00:00,139,shipped,CUST-8284,synthetic,2025-07-31T00:00:00+00:00
4487d6d9-93f9-4009-8ccf-220999af1a13,Auto shipment 964,1c21be0f-7a41-4fd2-98f6-829a3308a50a,2025-07-14T00:00:00+00:00,2025-07-18T16:38:00+00:00,168,shipped,CUST-4345,synthetic,2025-07-17T00:00:00+00:00
1624d799-40c0-470a-be9c-6d77b6cb7b99,Auto shipment 965,68db2e0c-1613-41ae-a22c-4959cbb08fe6,2025-05-10T00:00:00+00:00,2025-05-11T07:47:00+00:00,349,shipped,CUST-7831,synthetic,2025-05-10T00:00:00+00:00
5cc6d670-ba30-49c6-af43-dc07ebefed5b,Auto shipment 966,78b74b5c-e459-4f23-b196-79e2b104375d,2025-01-20T00:00:00+00:00,2025-01-24T00:20:00+00:00,456,shipped,CUST-4510,synthetic,2025-01-23T00:00:00+00:00
842addc6-301a-4f5f-a8d1-8518664d96c6,Auto shipment 967,78b74b5c-e459-4f23-b196-79e2b104375d,2025-07-06T00:00:00+00:00,2025-07-08T02:35:00+00:00,128,shipped,CUST-4420,synthetic,2025-07-07T00:00:00+00:00
fc82c158-4298-462a-ba2c-d7ded0f50698,Auto shipment 968,78b74b5c-e459-4f23-b196-79e2b104375d,2025-10-12T00:00:00+00:00,2025-10-16T10:41:00+00:00,95,shipped,CUST-1165,synthetic,2025-10-15T00:00:00+00:00
d1302512-2f2d-4531-a593-d8f7a891095a,Auto shipment 969,1c21be0f-7a41-4fd2-98f6-829a3308a50a,2024-12-17T00:00:00+00:00,2024-12-21T00:23:00+00:00,433,shipped,CUST-1123,synthetic,2024-12-20T00:00:00+00:00
aab64dea-4dd2-423d-9fc2-9f4f383b53b7,Auto shipment 970,78b74b5c-e459-4f23-b196-79e2b104375d,2024-12-27T00:00:00+00:00,2024-12-29T11:35:00+00:00,127,shipped,CUST-7315,synthetic,2024-12-28T00:00:00+00:00
106ce80d-55f9-4648-b596-6debd9a55319,Auto shipment 971,1c21be0f-7a41-4fd2-98f6-829a3308a50a,2025-05-09T00:00:00+00:00,2025-05-12T17:05:00+00:00,128,shipped,CUST-8468,synthetic,2025-05-11T00:00:00+00:00
d6c71c6c-1fcc-4b42-9ce8-8c3e0e403e74,Auto shipment 972,68db2e0c-1613-41ae-a22c-4959cbb08fe6,2025-03-03T00:00:00+00:00,2025-03-06T03:30:00+00:00,150,shipped,CUST-9869,synthetic,2025-03-05T00:00:00+00:00
31732a33-8c84-49c2-a99f-a15bee989caf,Auto shipment 973,68db2e0c-1613-41ae-a22c-4959cbb08fe6,2024-12-04T00:00:00+00:00,2024-12-07T11:14:00+00:00,394,shipped,CUST-2927,synthetic,2024-12-06T00:00:00+00:00
761b647a-8c34-4b75-96b7-0a1259316369,Auto shipment 974,78b74b5c-e459-4f23-b196-79e2b104375d,2025-01-20T00:00:00+00:00,2025-01-21T08:54:00+00:00,495,shipped,CUST-8586,synthetic,2025-01-20T00:00:00+00:00
cb5b73ac-29a2-42a6-ad9c-100eb8cdbe26,Auto shipment 975,68db2e0c-1613-41ae-a22c-4959cbb08fe6,2025-05-11T00:00:00+00:00,2025-05-13T17:00:00+00:00,371,shipped,CUST-9178,synthetic,2025-05-12T00:00:00+00:00
5285caf9-d14c-44ac-94ec-a1938a546f9a,Auto shipment 976,78b74b5c-e459-4f23-b196-79e2b104375d,2025-11-04T00:00:00+00:00,2025-11-08T20:14:00+00:00,229,shipped,CUST-2789,synthetic,2025-11-07T00:00:00+00:00
60d7f722-9d31-4e78-b5f2-3945abf8260b,Auto shipment 977,1c21be0f-7a41-4fd2-98f6-829a3308a50a,2025-05-27T00:00:00+00:00,2025-05-29T19:13:00+00:00,384,shipped,CUST-1441,synthetic,2025-05-28T00:00:00+00:00
efd0a9fc-1d3d-43d1-925e-d3b865026332,Auto shipment 978,78b74b5c-e459-4f23-b196-79e2b104375d,2025-09-05T00:00:00+00:00,2025-09-09T13:04:00+00:00,427,shipped,CUST-8701,synthetic,2025-09-08T00:00:00+00:00
92ea437f-0872-4239-b381-22f5da649853,Auto shipment 979,1c21be0f-7a41-4fd2-98f6-829a3308a50a,2025-10-21T00:00:00+00:00,2025-10-24T14:23:00+00:00,297,shipped,CUST-2183,synthetic,2025-10-23T00:00:00+00:00
775860c1-6249-4905-8637-db36bc67bc93,Auto shipment 980,1c21be0f-7a41-4fd2-98f6-829a3308a50a,2025-07-20T00:00:00+00:00,2025-07-22T05:13:00+00:00,252,shipped,CUST-4808,synthetic,2025-07-21T00:00:00+00:00
8118a8ba-d82d-4dcd-9966-5e262cf00344,Auto shipment 981,1c21be0f-7a41-4fd2-98f6-829a3308a50a,2025-09-25T00:00:00+00:00,2025-09-27T21:08:00+00:00,512,shipped,CUST-9973,synthetic,2025-09-26T00:00:00+00:00
f8719061-17e7-416d-b70e-278aeff2395d,Auto shipment 982,1c21be0f-7a41-4fd2-98f6-829a3308a50a,2025-09-16T00:00:00+00:00,2025-09-18T02:48:00+00:00,107,shipped,CUST-5533,synthetic,2025-09-17T00:00:00+00:00
661ca39b-68df-4b3d-90ce-a74ec7f4ea52,Auto shipment 983,78b74b5c-e459-4f23-b196-79e2b104375d,2024-12-10T00:00:00+00:00,2024-12-14T02:28:00+00:00,400,shipped,CUST-6618,synthetic,2024-12-13T00:00:00+00:00
953b9043-b7e6-48c2-8653-eef8cefdef88,Auto shipment 984,78b74b5c-e459-4f23-b196-79e2b104375d,2025-07-31T00:00:00+00:00,2025-07-31T05:15:00+00:00,399,shipped,CUST-3744,synthetic,2025-07-30T00:00:00+00:00
7bb16619-4835-4f63-b2c2-7672253c3a32,Auto shipment 985,68db2e0c-1613-41ae-a22c-4959cbb08fe6,2025-04-09T00:00:00+00:00,2025-04-10T01:54:00+00:00,414,shipped,CUST-8441,synthetic,2025-04-09T00:00:00+00:00
f82a5b57-9c66-43fc-a1c0-2c02b3ec25c5,Auto shipment 986,1c21be0f-7a41-4fd2-98f6-829a3308a50a,2024-12-22T00:00:00+00:00,2024-12-26T10:26:00+00:00,226,shipped,CUST-1380,synthetic,2024-12-25T00:00:00+00:00
d2e75b1c-7a42-4cc3-87ff-f85536bae7c2,Auto shipment 987,78b74b5c-e459-4f23-b196-79e2b104375d,2025-10-14T00:00:00+00:00,2025-10-15T01:20:00+00:00,102,shipped,CUST-2925,synthetic,2025-10-14T00:00:00+00:00
466d7c00-f851-44f3-a063-56887310027a,Auto shipment 988,1c21be0f-7a41-4fd2-98f6-829a3308a50a,2025-02-28T00:00:00+00:00,2025-03-02T01:22:00+00:00,239,shipped,CUST-8380,synthetic,2025-03-01T00:00:00+00:00
292460d4-cacc-4162-acb5-ee716cb95ac0,Auto shipment 989,68db2e0c-1613-41ae-a22c-4959cbb08fe6,2025-08-20T00:00:00+00:00,2025-08-21T16:53:00+00:00,207,shipped,CUST-9311,synthetic,2025-08-20T00:00:00+00:00
2595ca8d-20b4-45c0-a810-2f3004753beb,Auto shipment 990,78b74b5c-e459-4f23-b196-79e2b104375d,2025-02-26T00:00:00+00:00,2025-03-02T04:01:00+00:00,258,shipped,CUST-9855,synthetic,2025-03-01T00:00:00+00:00
cdfef605-19a6-4c42-a390-a2f9b3b2fd3c,Auto shipment 991,78b74b5c-e459-4f23-b196-79e2b104375d,2025-06-07T00:00:00+00:00,2025-06-11T16:54:00+00:00,390,shipped,CUST-6489,synthetic,2025-06-10T00:00:00+00:00
0ddd6c5d-1a1a-4475-98ea-a80de9dc8219,Auto shipment 992,1c21be0f-7a41-4fd2-98f6-829a3308a50a,2024-11-26T00:00:00+00:00,2024-11-27T19:22:00+00:00,152,shipped,CUST-3584,synthetic,2024-11-26T00:00:00+00:00
9cbeff5b-a892-48f6-834b-bfb5f3373200,Auto shipment 993,78b74b5c-e459-4f23-b196-79e2b104375d,2025-06-29T00:00:00+00:00,2025-07-01T14:01:00+00:00,166,shipped,CUST-7636,synthetic,2025-06-30T00:00:00+00:00
ddbb1d5a-c805-4094-9cfa-a128fff8edb9,Auto shipment 994,1c21be0f-7a41-4fd2-98f6-829a3308a50a,2025-08-17T00:00:00+00:00,2025-08-19T10:31:00+00:00,349,shipped,CUST-6351,synthetic,2025-08-18T00:00:00+00:00
6b64ce31-7331-4b13-a054-f2c7bf65ecff,Auto shipment 995,78b74b5c-e459-4f23-b196-79e2b104375d,2025-03-20T00:00:00+00:00,2025-03-24T07:44:00+00:00,214,shipped,CUST-1297,synthetic,2025-03-23T00:00:00+00:00
1003f388-7568-4c5f-92f9-55e813caddd1,Auto shipment 996,68db2e0c-1613-41ae-a22c-4959cbb08fe6,2025-05-06T00:00:00+00:00,2025-05-07T13:30:00+00:00,196,shipped,CUST-7014,synthetic,2025-05-06T00:00:00+00:00
707ad736-6a53-40b1-9252-1a94e235bb28,Auto shipment 997,1c21be0f-7a41-4fd2-98f6-829a3308a50a,2025-06-25T00:00:00+00:00,2025-06-29T22:27:00+00:00,364,shipped,CUST-2616,synthetic,2025-06-28T00:00:00+00:00
2a959196-3c82-4b4d-bded-84290a72ebfc,Auto shipment 998,78b74b5c-e459-4f23-b196-79e2b104375d,2025-08-25T00:00:00+00:00,2025-08-27T02:13:00+00:00,277,shipped,CUST-6921,synthetic,2025-08-26T00:00:00+00:00
7a77c587-36e8-4902-98c8-be47d3bd4a62,Auto shipment 999,78b74b5c-e459-4f23-b196-79e2b104375d,2025-03-10T00:00:00+00:00,2025-03-12T00:05:00+00:00,271,shipped,CUST-5379,synthetic,2025-03-11T00:00:00+00:00
1244556a-7eee-4b90-a98d-df48bff8a2e0,Auto shipment 1000,78b74b5c-e459-4f23-b196-79e2b104375d,2025-03-19T00:00:00+00:00,2025-03-21T20:31:00+00:00,323,shipped,CUST-4162,synthetic,2025-03-20T00:00:00+00:00
51f2cd27-d11a-46e6-9fc1-6295125b0534,Auto shipment 1001,78b74b5c-e459-4f23-b196-79e2b104375d,2025-10-03T00:00:00+00:00,2025-10-07T04:05:00+00:00,352,shipped,CUST-5848,synthetic,2025-10-06T00:00:00+00:00
fcd4b1db-8583-492d-8ee7-31e9d325d077,Auto shipment 1002,1c21be0f-7a41-4fd2-98f6-829a3308a50a,2025-01-11T00:00:00+00:00,2025-01-13T16:51:00+00:00,402,shipped,CUST-2905,synthetic,2025-01-12T00:00:00+00:00
be46afac-751f-47a5-b93a-fd5efed45a46,Auto shipment 1003,78b74b5c-e459-4f23-b196-79e2b104375d,2025-04-11T00:00:00+00:00,2025-04-11T14:25:00+00:00,133,shipped,CUST-2539,synthetic,2025-04-10T00:00:00+00:00
29f3ced4-dd2f-462f-b821-ce5beb68e7d2,Auto shipment 1004,1c21be0f-7a41-4fd2-98f6-829a3308a50a,2025-01-06T00:00:00+00:00,2025-01-08T06:18:00+00:00,391,shipped,CUST-4950,synthetic,2025-01-07T00:00:00+00:00
44be98a4-fa0a-4473-be3f-94d80c5ff27a,Auto shipment 1005,78b74b5c-e459-4f23-b196-79e2b104375d,2024-12-04T00:00:00+00:00,2024-12-08T13:57:00+00:00,405,shipped,CUST-8628,synthetic,2024-12-07T00:00:00+00:00
ee8bf058-35fe-42b6-b4ba-4cdf7e2f9af7,Auto shipment 1006,78b74b5c-e459-4f23-b196-79e2b104375d,2025-04-28T00:00:00+00:00,2025-04-28T16:35:00+00:00,417,shipped,CUST-4321,synthetic,2025-04-27T00:00:00+00:00
117b3ad9-01c3-4f21-a3ca-2fa978249f5b,Auto shipment 1007,78b74b5c-e459-4f23-b196-79e2b104375d,2025-02-08T00:00:00+00:00,2025-02-09T16:18:00+00:00,189,shipped,CUST-6558,synthetic,2025-02-08T00:00:00+00:00
d2124499-62ff-47fe-aac5-2ee770ff6ac9,Auto shipment 1008,1c21be0f-7a41-4fd2-98f6-829a3308a50a,2024-12-21T00:00:00+00:00,2024-12-25T17:20:00+00:00,183,shipped,CUST-5681,synthetic,2024-12-24T00:00:00+00:00
9896a791-22a3-426f-bdc3-b1597ca215c1,Auto shipment 1009,78b74b5c-e459-4f23-b196-79e2b104375d,2025-03-28T00:00:00+00:00,2025-03-30T03:20:00+00:00,360,shipped,CUST-8679,synthetic,2025-03-29T00:00:00+00:00
f974c181-d819-4621-a904-d80a4673cdd8,Auto shipment 1010,78b74b5c-e459-4f23-b196-79e2b104375d,2025-08-07T00:00:00+00:00,2025-08-11T14:10:00+00:00,386,shipped,CUST-6946,synthetic,2025-08-10T00:00:00+00:00
77d31c69-c0bd-45a8-b8c9-eab69f60606e,Auto shipment 1011,78b74b5c-e459-4f23-b196-79e2b104375d,2025-05-15T00:00:00+00:00,2025-05-17T10:17:00+00:00,271,shipped,CUST-9799,synthetic,2025-05-16T00:00:00+00:00
2e98d1cb-7651-47f0-a886-e77e221b891e,Auto shipment 1012,78b74b5c-e459-4f23-b196-79e2b104375d,2025-01-04T00:00:00+00:00,2025-01-08T16:12:00+00:00,447,shipped,CUST-3908,synthetic,2025-01-07T00:00:00+00:00
58131137-a251-42b2-8a3f-1516728e7a55,Auto shipment 1013,78b74b5c-e459-4f23-b196-79e2b104375d,2025-10-24T00:00:00+00:00,2025-10-26T18:58:00+00:00,132,shipped,CUST-9120,synthetic,2025-10-25T00:00:00+00:00
7798dc81-43be-41e1-a055-edbdc298b183,Auto shipment 1014,68db2e0c-1613-41ae-a22c-4959cbb08fe6,2024-11-26T00:00:00+00:00,2024-11-29T08:24:00+00:00,362,shipped,CUST-5101,synthetic,2024-11-28T00:00:00+00:00
48cab3d8-f760-4c9e-8eaa-0312f8f4a358,Auto shipment 1015,78b74b5c-e459-4f23-b196-79e2b104375d,2024-12-04T00:00:00+00:00,2024-12-08T09:29:00+00:00,432,shipped,CUST-9544,synthetic,2024-12-07T00:00:00+00:00
555c1a8b-20c2-43cf-b4c8-efbd1c2a7ab4,Auto shipment 1016,78b74b5c-e459-4f23-b196-79e2b104375d,2025-06-16T00:00:00+00:00,2025-06-19T02:10:00+00:00,403,shipped,CUST-2225,synthetic,2025-06-18T00:00:00+00:00
e9fd67bb-abd0-4dd3-bec2-0ae914fd20ac,Auto shipment 1017,68db2e0c-1613-41ae-a22c-4959cbb08fe6,2025-07-03T00:00:00+00:00,2025-07-07T11:10:00+00:00,392,shipped,CUST-5280,synthetic,2025-07-06T00:00:00+00:00
fb046e82-6a9f-48fd-bde8-2c15d50fa970,Auto shipment 1018,1c21be0f-7a41-4fd2-98f6-829a3308a50a,2024-12-28T00:00:00+00:00,2024-12-28T01:58:00+00:00,159,shipped,CUST-2137,synthetic,2024-12-27T00:00:00+00:00
f308ca9b-1525-4504-a54b-11553d12080f,Auto shipment 1019,68db2e0c-1613-41ae-a22c-4959cbb08fe6,2024-11-22T00:00:00+00:00,2024-11-23T13:56:00+00:00,312,shipped,CUST-6589,synthetic,2024-11-22T00:00:00+00:00
e1ec5770-ae4f-4fc6-bf60-db0378eb37b0,Auto shipment 1020,68db2e0c-1613-41ae-a22c-4959cbb08fe6,2025-04-17T00:00:00+00:00,2025-04-19T00:29:00+00:00,423,shipped,CUST-7067,synthetic,2025-04-18T00:00:00+00:00
5f7ef75a-37b9-49a2-8a3d-3c9d1a65d242,Auto shipment 1021,1c21be0f-7a41-4fd2-98f6-829a3308a50a,2024-12-02T00:00:00+00:00,2024-12-05T03:12:00+00:00,365,shipped,CUST-6275,synthetic,2024-12-04T00:00:00+00:00
cc795f3a-c358-43fc-beea-a698c0b03de8,Auto shipment 1022,68db2e0c-1613-41ae-a22c-4959cbb08fe6,2025-04-05T00:00:00+00:00,2025-04-07T00:57:00+00:00,278,shipped,CUST-2651,synthetic,2025-04-06T00:00:00+00:00
672e1b6b-71e3-4428-8dfb-ee3c49fe1706,Auto shipment 1023,1c21be0f-7a41-4fd2-98f6-829a3308a50a,2025-09-17T00:00:00+00:00,2025-09-19T01:51:00+00:00,436,shipped,CUST-8220,synthetic,2025-09-18T00:00:00+00:00
25e6ffa6-1db9-4ddf-955a-8dfbc5076e75,Auto shipment 1024,78b74b5c-e459-4f23-b196-79e2b104375d,2025-03-13T00:00:00+00:00,2025-03-16T09:30:00+00:00,413,shipped,CUST-3699,synthetic,2025-03-15T00:00:00+00:00
8b47f962-96bb-4c99-9129-0f7530d0cba1,Auto shipment 1025,78b74b5c-e459-4f23-b196-79e2b104375d,2025-01-02T00:00:00+00:00,2025-01-06T18:18:00+00:00,147,shipped,CUST-6565,synthetic,2025-01-05T00:00:00+00:00
f1f2c2a4-1abb-4e2b-a1f2-7663fc45f214,Auto shipment 1026,1c21be0f-7a41-4fd2-98f6-829a3308a50a,2025-10-31T00:00:00+00:00,2025-11-04T19:16:00+00:00,425,shipped,CUST-6528,synthetic,2025-11-03T00:00:00+00:00
2e84a891-c88e-47cd-b203-b4c51f1e7c86,Auto shipment 1027,68db2e0c-1613-41ae-a22c-4959cbb08fe6,2025-10-21T00:00:00+00:00,2025-10-25T18:23:00+00:00,180,shipped,CUST-5044,synthetic,2025-10-24T00:00:00+00:00
2d481116-2ef3-4b40-abcb-d7f8d1bdcc40,Auto shipment 1028,78b74b5c-e459-4f23-b196-79e2b104375d,2025-07-29T00:00:00+00:00,2025-07-30T01:03:00+00:00,145,shipped,CUST-3911,synthetic,2025-07-29T00:00:00+00:00
2f7dfb86-9894-4545-badb-3a51610b0854,Auto shipment 1029,78b74b5c-e459-4f23-b196-79e2b104375d,2025-07-05T00:00:00+00:00,2025-07-09T19:58:00+00:00,462,shipped,CUST-2771,synthetic,2025-07-08T00:00:00+00:00
f5d6919f-a2ab-4700-87fe-1839daca9344,Auto shipment 1030,1c21be0f-7a41-4fd2-98f6-829a3308a50a,2025-06-27T00:00:00+00:00,2025-06-28T00:15:00+00:00,347,shipped,CUST-1376,synthetic,2025-06-27T00:00:00+00:00
5e613c8f-28e5-4cda-9aa0-701ca4817c82,Auto shipment 1031,68db2e0c-1613-41ae-a22c-4959cbb08fe6,2025-08-24T00:00:00+00:00,2025-08-28T16:52:00+00:00,233,shipped,CUST-9019,synthetic,2025-08-27T00:00:00+00:00
c5cdc389-fc24-4c04-8d40-2f1885741230,Auto shipment 1032,1c21be0f-7a41-4fd2-98f6-829a3308a50a,2025-06-10T00:00:00+00:00,2025-06-12T04:47:00+00:00,487,shipped,CUST-4887,synthetic,2025-06-11T00:00:00+00:00
c4fa8c7f-dd51-48db-a814-b769b452ae2d,Auto shipment 1033,1c21be0f-7a41-4fd2-98f6-829a3308a50a,2024-12-26T00:00:00+00:00,2024-12-29T15:29:00+00:00,313,shipped,CUST-2084,synthetic,2024-12-28T00:00:00+00:00
fc0183be-bca8-4ae4-aab9-86b066f03e2d,Auto shipment 1034,68db2e0c-1613-41ae-a22c-4959cbb08fe6,2025-09-13T00:00:00+00:00,2025-09-15T16:28:00+00:00,369,shipped,CUST-7294,synthetic,2025-09-14T00:00:00+00:00
64ac2956-1c56-45d8-95b8-d07dfaaf3f86,Auto shipment 1035,78b74b5c-e459-4f23-b196-79e2b104375d,2024-11-17T00:00:00+00:00,2024-11-21T02:09:00+00:00,147,shipped,CUST-6305,synthetic,2024-11-20T00:00:00+00:00
cad9b56d-23ed-4eb3-a809-a8250d687e9d,Auto shipment 1036,1c21be0f-7a41-4fd2-98f6-829a3308a50a,2025-10-24T00:00:00+00:00,2025-10-27T22:16:00+00:00,285,shipped,CUST-8571,synthetic,2025-10-26T00:00:00+00:00
db1577cd-ffb3-4beb-b451-04975fe39029,Auto shipment 1037,1c21be0f-7a41-4fd2-98f6-829a3308a50a,2024-11-11T00:00:00+00:00,2024-11-15T22:56:00+00:00,451,shipped,CUST-9621,synthetic,2024-11-14T00:00:00+00:00
40e68355-6011-4875-b369-78252618e037,Auto shipment 1038,1c21be0f-7a41-4fd2-98f6-829a3308a50a,2025-04-21T00:00:00+00:00,2025-04-24T05:19:00+00:00,403,shipped,CUST-9069,synthetic,2025-04-23T00:00:00+00:00
eb41f45e-0b9e-4ef6-92e0-c639427034c4,Auto shipment 1039,68db2e0c-1613-41ae-a22c-4959cbb08fe6,2024-11-15T00:00:00+00:00,2024-11-19T18:42:00+00:00,431,shipped,CUST-1430,synthetic,2024-11-18T00:00:00+00:00
64fddc20-1ee7-4e03-9550-ab9a89fbf655,Auto shipment 1040,78b74b5c-e459-4f23-b196-79e2b104375d,2024-12-05T00:00:00+00:00,2024-12-08T04:03:00+00:00,142,shipped,CUST-1009,synthetic,2024-12-07T00:00:00+00:00
a18d97b4-2f14-4dc5-80a1-e5d3e50e9231,Auto shipment 1041,68db2e0c-1613-41ae-a22c-4959cbb08fe6,2025-01-08T00:00:00+00:00,2025-01-11T17:02:00+00:00,203,shipped,CUST-4176,synthetic,2025-01-10T00:00:00+00:00
e32562e5-361c-4570-8781-01ca6db31e00,Auto shipment 1042,78b74b5c-e459-4f23-b196-79e2b104375d,2025-07-02T00:00:00+00:00,2025-07-05T07:41:00+00:00,242,shipped,CUST-9488,synthetic,2025-07-04T00:00:00+00:00
4f8a1d85-17db-49fa-801b-ae95edc9f84d,Auto shipment 1043,68db2e0c-1613-41ae-a22c-4959cbb08fe6,2025-02-21T00:00:00+00:00,2025-02-25T18:37:00+00:00,401,shipped,CUST-5037,synthetic,2025-02-24T00:00:00+00:00
04e00757-4eba-43a1-8387-4a9016f10204,Auto shipment 1044,1c21be0f-7a41-4fd2-98f6-829a3308a50a,2025-09-09T00:00:00+00:00,2025-09-09T18:48:00+00:00,169,shipped,CUST-1368,synthetic,2025-09-08T00:00:00+00:00
a7703ab2-68fa-4b90-ad32-2f8491bf11df,Auto shipment 1045,78b74b5c-e459-4f23-b196-79e2b104375d,2025-06-10T00:00:00+00:00,2025-06-12T13:15:00+00:00,202,shipped,CUST-4333,synthetic,2025-06-11T00:00:00+00:00
9055dfc2-448f-4ee7-8b5d-b76d9cdcfb0f,Auto shipment 1046,78b74b5c-e459-4f23-b196-79e2b104375d,2025-02-03T00:00:00+00:00,2025-02-06T04:53:00+00:00,400,shipped,CUST-4437,synthetic,2025-02-05T00:00:00+00:00
7a4d6037-ae44-4bd6-952a-e44316dba87f,Auto shipment 1047,78b74b5c-e459-4f23-b196-79e2b104375d,2025-02-20T00:00:00+00:00,2025-02-20T20:25:00+00:00,413,shipped,CUST-5802,synthetic,2025-02-19T00:00:00+00:00
78dba465-ddeb-4c95-a767-9d049043d9b8,Auto shipment 1048,68db2e0c-1613-41ae-a22c-4959cbb08fe6,2025-04-22T00:00:00+00:00,2025-04-25T13:13:00+00:00,152,shipped,CUST-7442,synthetic,2025-04-24T00:00:00+00:00
23067abf-efd1-42d2-8de7-278ff9c8ec81,Auto shipment 1049,78b74b5c-e459-4f23-b196-79e2b104375d,2025-02-08T00:00:00+00:00,2025-02-08T20:28:00+00:00,238,shipped,CUST-9888,synthetic,2025-02-07T00:00:00+00:00
471b133c-0ea3-4e1e-90d3-4ff5ab0f55f8,Auto shipment 1050,1c21be0f-7a41-4fd2-98f6-829a3308a50a,2025-06-19T00:00:00+00:00,2025-06-22T16:20:00+00:00,345,shipped,CUST-9472,synthetic,2025-06-21T00:00:00+00:00
f6aa1d35-cb14-4bcd-9de0-587753b5d0a9,Auto shipment 1051,78b74b5c-e459-4f23-b196-79e2b104375d,2025-07-22T00:00:00+00:00,2025-07-25T05:01:00+00:00,188,shipped,CUST-8788,synthetic,2025-07-24T00:00:00+00:00
e7049b2f-8ba8-4d63-a9ec-6a91dd4a4a85,Auto shipment 1052,78b74b5c-e459-4f23-b196-79e2b104375d,2025-09-10T00:00:00+00:00,2025-09-13T22:37:00+00:00,179,shipped,CUST-5223,synthetic,2025-09-12T00:00:00+00:00
632513c9-c8b9-401a-8387-04b827f118f9,Auto shipment 1053,68db2e0c-1613-41ae-a22c-4959cbb08fe6,2025-06-20T00:00:00+00:00,2025-06-20T04:56:00+00:00,162,shipped,CUST-9190,synthetic,2025-06-19T00:00:00+00:00
1d9603ec-c4a2-44db-919f-64e926e8b229,Auto shipment 1054,78b74b5c-e459-4f23-b196-79e2b104375d,2025-05-08T00:00:00+00:00,2025-05-09T20:24:00+00:00,279,shipped,CUST-9315,synthetic,2025-05-08T00:00:00+00:00
f8b56e26-d12b-47b0-824b-434f405b83a7,Auto shipment 1055,1c21be0f-7a41-4fd2-98f6-829a3308a50a,2025-08-29T00:00:00+00:00,2025-08-29T22:44:00+00:00,301,shipped,CUST-9734,synthetic,2025-08-28T00:00:00+00:00
83cf5437-697c-4573-9cfc-f596bff71120,Auto shipment 1056,1c21be0f-7a41-4fd2-98f6-829a3308a50a,2025-04-23T00:00:00+00:00,2025-04-24T21:06:00+00:00,325,shipped,CUST-8953,synthetic,2025-04-23T00:00:00+00:00
181173b3-469a-43d2-bf6a-758107439966,Auto shipment 1057,68db2e0c-1613-41ae-a22c-4959cbb08fe6,2025-05-20T00:00:00+00:00,2025-05-20T13:39:00+00:00,384,shipped,CUST-3777,synthetic,2025-05-19T00:00:00+00:00
665ac5e9-2b66-47e1-ae86-984e65b1cdcc,Auto shipment 1058,78b74b5c-e459-4f23-b196-79e2b104375d,2025-09-11T00:00:00+00:00,2025-09-15T09:56:00+00:00,369,shipped,CUST-2226,synthetic,2025-09-14T00:00:00+00:00
a7f0ed65-766c-4170-a151-5cba20b8a6df,Auto shipment 1059,1c21be0f-7a41-4fd2-98f6-829a3308a50a,2025-09-29T00:00:00+00:00,2025-10-02T02:42:00+00:00,390,shipped,CUST-8489,synthetic,2025-10-01T00:00:00+00:00
4b703f45-f54e-46ce-8e30-ab551110a98d,Auto shipment 1060,78b74b5c-e459-4f23-b196-79e2b104375d,2025-08-28T00:00:00+00:00,2025-08-30T03:53:00+00:00,356,shipped,CUST-5330,synthetic,2025-08-29T00:00:00+00:00
30e9b281-0383-4616-b97b-db34fb660849,Auto shipment 1061,68db2e0c-1613-41ae-a22c-4959cbb08fe6,2025-02-10T00:00:00+00:00,2025-02-11T02:28:00+00:00,296,shipped,CUST-6376,synthetic,2025-02-10T00:00:00+00:00
d700a77c-7c11-4466-bba5-8c5b7b453677,Auto shipment 1062,78b74b5c-e459-4f23-b196-79e2b104375d,2025-09-13T00:00:00+00:00,2025-09-17T21:29:00+00:00,195,shipped,CUST-2575,synthetic,2025-09-16T00:00:00+00:00
97f3ab34-8ba7-4789-a005-02dcfd70be44,Auto shipment 1063,1c21be0f-7a41-4fd2-98f6-829a3308a50a,2024-12-08T00:00:00+00:00,2024-12-11T20:51:00+00:00,446,shipped,CUST-2519,synthetic,2024-12-10T00:00:00+00:00
cb298a34-115e-4e2b-8311-305eacd728fd,Auto shipment 1064,78b74b5c-e459-4f23-b196-79e2b104375d,2025-09-01T00:00:00+00:00,2025-09-02T13:48:00+00:00,183,shipped,CUST-3929,synthetic,2025-09-01T00:00:00+00:00
876bce4c-ba6c-451d-b51e-04058d8afe36,Auto shipment 1065,1c21be0f-7a41-4fd2-98f6-829a3308a50a,2025-10-30T00:00:00+00:00,2025-11-02T13:26:00+00:00,384,shipped,CUST-2936,synthetic,2025-11-01T00:00:00+00:00
54d5eb9d-4e6b-44ad-9996-efe44318781e,Auto shipment 1066,68db2e0c-1613-41ae-a22c-4959cbb08fe6,2025-05-17T00:00:00+00:00,2025-05-18T07:34:00+00:00,407,shipped,CUST-5832,synthetic,2025-05-17T00:00:00+00:00
20a5f471-2680-49ab-aeb8-89ec47bb0993,Auto shipment 1067,78b74b5c-e459-4f23-b196-79e2b104375d,2025-07-31T00:00:00+00:00,2025-08-01T16:31:00+00:00,356,shipped,CUST-7026,synthetic,2025-07-31T00:00:00+00:00
efbde442-286a-43f9-a27e-6ac8e107c18a,Auto shipment 1068,1c21be0f-7a41-4fd2-98f6-829a3308a50a,2025-10-30T00:00:00+00:00,2025-11-01T10:04:00+00:00,385,shipped,CUST-3893,synthetic,2025-10-31T00:00:00+00:00
8e26bf13-041e-4fb8-9f67-5951952358ec,Auto shipment 1069,68db2e0c-1613-41ae-a22c-4959cbb08fe6,2024-11-06T00:00:00+00:00,2024-11-10T04:27:00+00:00,263,shipped,CUST-1264,synthetic,2024-11-09T00:00:00+00:00
0471e878-1c57-4e8e-a678-8cfe043dfb8f,Auto shipment 1070,1c21be0f-7a41-4fd2-98f6-829a3308a50a,2025-07-28T00:00:00+00:00,2025-07-30T09:24:00+00:00,265,shipped,CUST-8335,synthetic,2025-07-29T00:00:00+00:00
ab6a727b-c347-4140-9042-8f0a616982db,Auto shipment 1071,1c21be0f-7a41-4fd2-98f6-829a3308a50a,2025-07-11T00:00:00+00:00,2025-07-15T21:46:00+00:00,230,shipped,CUST-7557,synthetic,2025-07-14T00:00:00+00:00
9850e216-2f89-4f5c-b723-4b94b480be04,Auto shipment 1072,68db2e0c-1613-41ae-a22c-4959cbb08fe6,2025-07-15T00:00:00+00:00,2025-07-18T16:54:00+00:00,126,shipped,CUST-3438,synthetic,2025-07-17T00:00:00+00:00
d577c40c-eb82-459e-9afa-5099a1a26c17,Auto shipment 1073,68db2e0c-1613-41ae-a22c-4959cbb08fe6,2025-02-27T00:00:00+00:00,2025-02-28T16:38:00+00:00,240,shipped,CUST-5679,synthetic,2025-02-27T00:00:00+00:00
66f38a1b-5341-4f87-85c5-711f5a75f2c1,Auto shipment 1074,1c21be0f-7a41-4fd2-98f6-829a3308a50a,2025-06-29T00:00:00+00:00,2025-06-30T21:12:00+00:00,108,shipped,CUST-3737,synthetic,2025-06-29T00:00:00+00:00
0a2b4fc8-104e-4d66-a9a4-5fd72d1820ae,Auto shipment 1075,68db2e0c-1613-41ae-a22c-4959cbb08fe6,2025-02-06T00:00:00+00:00,2025-02-06T19:40:00+00:00,307,shipped,CUST-5788,synthetic,2025-02-05T00:00:00+00:00
c8f741d6-360b-42b8-8cab-b6d49ab08386,Auto shipment 1076,1c21be0f-7a41-4fd2-98f6-829a3308a50a,2025-09-08T00:00:00+00:00,2025-09-12T01:21:00+00:00,452,shipped,CUST-9027,synthetic,2025-09-11T00:00:00+00:00
09fcf4bd-733e-4d04-bc38-d716a636ccd9,Auto shipment 1077,1c21be0f-7a41-4fd2-98f6-829a3308a50a,2025-03-09T00:00:00+00:00,2025-03-13T02:04:00+00:00,315,shipped,CUST-2519,synthetic,2025-03-12T00:00:00+00:00
722d2e3a-bc22-4004-aade-d70694a828a1,Auto shipment 1078,78b74b5c-e459-4f23-b196-79e2b104375d,2025-05-21T00:00:00+00:00,2025-05-22T15:49:00+00:00,404,shipped,CUST-4986,synthetic,2025-05-21T00:00:00+00:00
ec52e5c3-32dd-4393-8687-06872ed066a9,Auto shipment 1079,68db2e0c-1613-41ae-a22c-4959cbb08fe6,2025-04-04T00:00:00+00:00,2025-04-06T02:11:00+00:00,205,shipped,CUST-5065,synthetic,2025-04-05T00:00:00+00:00
23795bf9-862b-44d4-bcbb-6eb19411c234,Auto shipment 1080,78b74b5c-e459-4f23-b196-79e2b104375d,2025-01-22T00:00:00+00:00,2025-01-26T16:14:00+00:00,184,shipped,CUST-3827,synthetic,2025-01-25T00:00:00+00:00
6de3b177-3001-44af-a375-145dde55de97,Auto shipment 1081,1c21be0f-7a41-4fd2-98f6-829a3308a50a,2025-05-31T00:00:00+00:00,2025-06-01T05:08:00+00:00,306,shipped,CUST-4767,synthetic,2025-05-31T00:00:00+00:00
9e56f77b-181f-483c-a06e-cff4f5535735,Auto shipment 1082,1c21be0f-7a41-4fd2-98f6-829a3308a50a,2025-08-03T00:00:00+00:00,2025-08-07T20:57:00+00:00,400,shipped,CUST-2767,synthetic,2025-08-06T00:00:00+00:00
5292d31a-ed47-4616-8912-da000da529d8,Auto shipment 1083,1c21be0f-7a41-4fd2-98f6-829a3308a50a,2025-06-17T00:00:00+00:00,2025-06-17T12:12:00+00:00,250,shipped,CUST-7487,synthetic,2025-06-16T00:00:00+00:00
f056a1be-492a-4044-8981-8151aa5f0f4e,Auto shipment 1084,78b74b5c-e459-4f23-b196-79e2b104375d,2025-07-30T00:00:00+00:00,2025-07-30T13:14:00+00:00,379,shipped,CUST-8645,synthetic,2025-07-29T00:00:00+00:00
a22786e9-a2dc-4aa4-a4b3-875b3e27eb9a,Auto shipment 1085,1c21be0f-7a41-4fd2-98f6-829a3308a50a,2025-06-24T00:00:00+00:00,2025-06-28T11:51:00+00:00,182,shipped,CUST-7334,synthetic,2025-06-27T00:00:00+00:00
4bf0e556-78ba-4486-a257-b5337e7cc928,Auto shipment 1086,1c21be0f-7a41-4fd2-98f6-829a3308a50a,2025-09-28T00:00:00+00:00,2025-09-29T09:06:00+00:00,353,shipped,CUST-8301,synthetic,2025-09-28T00:00:00+00:00
994eb6a9-77e0-4a13-b364-114e029c6dbb,Auto shipment 1087,78b74b5c-e459-4f23-b196-79e2b104375d,2024-12-22T00:00:00+00:00,2024-12-22T00:25:00+00:00,285,shipped,CUST-3786,synthetic,2024-12-21T00:00:00+00:00
17d0fb30-a79d-4909-b910-1d63a123342a,Auto shipment 1088,68db2e0c-1613-41ae-a22c-4959cbb08fe6,2025-09-03T00:00:00+00:00,2025-09-04T06:25:00+00:00,431,shipped,CUST-3741,synthetic,2025-09-03T00:00:00+00:00
ff530fd5-ddd7-4093-9fe8-9b4ace2f5cf9,Auto shipment 1089,1c21be0f-7a41-4fd2-98f6-829a3308a50a,2025-09-18T00:00:00+00:00,2025-09-19T21:24:00+00:00,416,shipped,CUST-3540,synthetic,2025-09-18T00:00:00+00:00
d16e3d21-5d58-4be3-b872-2fbeb26c3d49,Auto shipment 1090,68db2e0c-1613-41ae-a22c-4959cbb08fe6,2025-05-17T00:00:00+00:00,2025-05-17T16:22:00+00:00,407,shipped,CUST-1764,synthetic,2025-05-16T00:00:00+00:00
2f420af6-0e4b-4425-af91-28657adddba5,Auto shipment 1091,68db2e0c-1613-41ae-a22c-4959cbb08fe6,2024-12-15T00:00:00+00:00,2024-12-15T16:44:00+00:00,172,shipped,CUST-9618,synthetic,2024-12-14T00:00:00+00:00
70793c61-0092-4cf5-b158-88a08445c4e2,Auto shipment 1092,1c21be0f-7a41-4fd2-98f6-829a3308a50a,2025-02-06T00:00:00+00:00,2025-02-09T13:18:00+00:00,416,shipped,CUST-1789,synthetic,2025-02-08T00:00:00+00:00
f5e022b3-604a-4485-afe8-60c0bda2bb20,Auto shipment 1093,68db2e0c-1613-41ae-a22c-4959cbb08fe6,2025-05-12T00:00:00+00:00,2025-05-12T02:30:00+00:00,259,shipped,CUST-2703,synthetic,2025-05-11T00:00:00+00:00
8c0f6ee5-4967-46dd-8e70-3d8c8e611152,Auto shipment 1094,68db2e0c-1613-41ae-a22c-4959cbb08fe6,2025-02-14T00:00:00+00:00,2025-02-14T06:41:00+00:00,434,shipped,CUST-5075,synthetic,2025-02-13T00:00:00+00:00
540ef28c-20dd-4923-a479-168a0b2ce62f,Auto shipment 1095,78b74b5c-e459-4f23-b196-79e2b104375d,2025-05-25T00:00:00+00:00,2025-05-27T18:52:00+00:00,195,shipped,CUST-4006,synthetic,2025-05-26T00:00:00+00:00
ac09d93f-720e-49eb-8926-a76aa6dfc17d,Auto shipment 1096,68db2e0c-1613-41ae-a22c-4959cbb08fe6,2025-07-28T00:00:00+00:00,2025-08-01T14:28:00+00:00,153,shipped,CUST-9430,synthetic,2025-07-31T00:00:00+00:00
2f745357-a460-4313-b784-a86d46b7b8a3,Auto shipment 1097,1c21be0f-7a41-4fd2-98f6-829a3308a50a,2025-08-01T00:00:00+00:00,2025-08-05T08:02:00+00:00,182,shipped,CUST-6960,synthetic,2025-08-04T00:00:00+00:00
3ff21e1d-59f3-4ab9-a8eb-95bd037b8a21,Auto shipment 1098,78b74b5c-e459-4f23-b196-79e2b104375d,2025-08-19T00:00:00+00:00,2025-08-19T02:17:00+00:00,321,shipped,CUST-1974,synthetic,2025-08-18T00:00:00+00:00
dcad11ba-f1bf-4ee9-a7b9-68a5bd452b5e,Auto shipment 1099,1c21be0f-7a41-4fd2-98f6-829a3308a50a,2025-08-13T00:00:00+00:00,2025-08-17T06:38:00+00:00,232,shipped,CUST-8571,synthetic,2025-08-16T00:00:00+00:00
e53cba88-5f94-45f2-ba3c-5b203e0a4bb0,Auto shipment 1100,68db2e0c-1613-41ae-a22c-4959cbb08fe6,2025-08-21T00:00:00+00:00,2025-08-24T18:41:00+00:00,183,shipped,CUST-1613,synthetic,2025-08-23T00:00:00+00:00
2c926ffe-0f20-46e2-8ed8-8bc683a31dff,Auto shipment 1101,78b74b5c-e459-4f23-b196-79e2b104375d,2025-06-11T00:00:00+00:00,2025-06-15T01:11:00+00:00,261,shipped,CUST-2964,synthetic,2025-06-14T00:00:00+00:00
4b896378-f256-4e44-999e-d47e1a7853ff,Auto shipment 1102,1c21be0f-7a41-4fd2-98f6-829a3308a50a,2025-05-28T00:00:00+00:00,2025-05-28T22:34:00+00:00,334,shipped,CUST-4413,synthetic,2025-05-27T00:00:00+00:00
577bf599-a0af-40c1-9332-5b083fe45630,Auto shipment 1103,78b74b5c-e459-4f23-b196-79e2b104375d,2025-06-09T00:00:00+00:00,2025-06-12T17:33:00+00:00,204,shipped,CUST-9319,synthetic,2025-06-11T00:00:00+00:00
942bb8e0-cb57-4c29-b711-bbe357b0ea04,Auto shipment 1104,78b74b5c-e459-4f23-b196-79e2b104375d,2025-04-12T00:00:00+00:00,2025-04-13T19:49:00+00:00,119,shipped,CUST-4400,synthetic,2025-04-12T00:00:00+00:00
21a7a1b3-c075-4c8f-a158-decbd0e1fdd7,Auto shipment 1105,1c21be0f-7a41-4fd2-98f6-829a3308a50a,2025-10-14T00:00:00+00:00,2025-10-14T17:33:00+00:00,399,shipped,CUST-2092,synthetic,2025-10-13T00:00:00+00:00
f0ca553e-5daf-4ef4-ba03-1d5738f176b8,Auto shipment 1106,68db2e0c-1613-41ae-a22c-4959cbb08fe6,2025-08-20T00:00:00+00:00,2025-08-20T06:11:00+00:00,177,shipped,CUST-4835,synthetic,2025-08-19T00:00:00+00:00
113b0dd4-291d-49d9-a8c4-aa37b21f0643,Auto shipment 1107,68db2e0c-1613-41ae-a22c-4959cbb08fe6,2025-04-30T00:00:00+00:00,2025-05-01T04:58:00+00:00,150,shipped,CUST-3101,synthetic,2025-04-30T00:00:00+00:00
b77744a4-28ea-40bc-8466-158dc34936a0,Auto shipment 1108,68db2e0c-1613-41ae-a22c-4959cbb08fe6,2025-10-19T00:00:00+00:00,2025-10-21T12:28:00+00:00,223,shipped,CUST-7705,synthetic,2025-10-20T00:00:00+00:00
cca10825-e336-4f10-afbf-56a302f778c1,Auto shipment 1109,78b74b5c-e459-4f23-b196-79e2b104375d,2025-08-01T00:00:00+00:00,2025-08-02T00:17:00+00:00,395,shipped,CUST-7227,synthetic,2025-08-01T00:00:00+00:00
e88efb75-6d8d-46e8-bb01-6a607ba775bd,Auto shipment 1110,1c21be0f-7a41-4fd2-98f6-829a3308a50a,2025-09-17T00:00:00+00:00,2025-09-19T00:26:00+00:00,366,shipped,CUST-5544,synthetic,2025-09-18T00:00:00+00:00
494a2414-9525-43e9-b15e-4b3eb049a88b,Auto shipment 1111,1c21be0f-7a41-4fd2-98f6-829a3308a50a,2025-03-08T00:00:00+00:00,2025-03-08T18:44:00+00:00,308,shipped,CUST-4033,synthetic,2025-03-07T00:00:00+00:00
96ffde87-429b-4ec3-9694-91208ec4c2e8,Auto shipment 1112,78b74b5c-e459-4f23-b196-79e2b104375d,2025-09-06T00:00:00+00:00,2025-09-08T05:08:00+00:00,265,shipped,CUST-7841,synthetic,2025-09-07T00:00:00+00:00
c37e9023-e269-4777-b5cd-130e543d93b6,Auto shipment 1113,1c21be0f-7a41-4fd2-98f6-829a3308a50a,2025-09-12T00:00:00+00:00,2025-09-16T09:01:00+00:00,430,shipped,CUST-7701,synthetic,2025-09-15T00:00:00+00:00
9f62e8bc-aedf-4eb4-b941-6dd58a1f543f,Auto shipment 1114,68db2e0c-1613-41ae-a22c-4959cbb08fe6,2025-07-22T00:00:00+00:00,2025-07-24T02:10:00+00:00,395,shipped,CUST-2294,synthetic,2025-07-23T00:00:00+00:00
4c8c1320-ce3f-4d10-aec0-c2e230a9a48d,Auto shipment 1115,68db2e0c-1613-41ae-a22c-4959cbb08fe6,2025-08-19T00:00:00+00:00,2025-08-22T09:44:00+00:00,349,shipped,CUST-6037,synthetic,2025-08-21T00:00:00+00:00
c052c4f1-e2ad-4ad2-86d1-603c47bf75e8,Auto shipment 1116,78b74b5c-e459-4f23-b196-79e2b104375d,2025-09-16T00:00:00+00:00,2025-09-16T06:50:00+00:00,199,shipped,CUST-1906,synthetic,2025-09-15T00:00:00+00:00
c6c7dc67-ed7d-4be0-b3e2-7510ca67a5fa,Auto shipment 1117,78b74b5c-e459-4f23-b196-79e2b104375d,2025-03-27T00:00:00+00:00,2025-03-31T05:41:00+00:00,282,shipped,CUST-7020,synthetic,2025-03-30T00:00:00+00:00
da587e24-6f4d-43bc-87ae-82ced3ac248a,Auto shipment 1118,1c21be0f-7a41-4fd2-98f6-829a3308a50a,2025-04-20T00:00:00+00:00,2025-04-21T07:18:00+00:00,155,shipped,CUST-9086,synthetic,2025-04-20T00:00:00+00:00
7ed6bf9a-784d-4533-8a84-bf311348bdb1,Auto shipment 1119,1c21be0f-7a41-4fd2-98f6-829a3308a50a,2024-12-26T00:00:00+00:00,2024-12-30T09:42:00+00:00,177,shipped,CUST-7392,synthetic,2024-12-29T00:00:00+00:00
d50b9cd2-d1f5-45ea-8faf-2b4f6daaf574,Auto shipment 1120,78b74b5c-e459-4f23-b196-79e2b104375d,2025-10-01T00:00:00+00:00,2025-10-01T03:30:00+00:00,178,shipped,CUST-9350,synthetic,2025-09-30T00:00:00+00:00
497e0891-3707-4661-8723-8dbe00e00aab,Auto shipment 1121,68db2e0c-1613-41ae-a22c-4959cbb08fe6,2025-02-26T00:00:00+00:00,2025-03-02T17:04:00+00:00,215,shipped,CUST-9109,synthetic,2025-03-01T00:00:00+00:00
3da8c530-4566-4ac1-acc8-071d12440e6e,Auto shipment 1122,78b74b5c-e459-4f23-b196-79e2b104375d,2025-01-11T00:00:00+00:00,2025-01-13T03:55:00+00:00,452,shipped,CUST-4322,synthetic,2025-01-12T00:00:00+00:00
6034f094-87f5-4503-9a0b-ac74fa42d69f,Auto shipment 1123,1c21be0f-7a41-4fd2-98f6-829a3308a50a,2025-02-03T00:00:00+00:00,2025-02-06T19:08:00+00:00,190,shipped,CUST-2494,synthetic,2025-02-05T00:00:00+00:00
0f77dd3c-d5e2-44b3-866e-f813d604b15b,Auto shipment 1124,68db2e0c-1613-41ae-a22c-4959cbb08fe6,2025-05-29T00:00:00+00:00,2025-05-29T09:38:00+00:00,417,shipped,CUST-5316,synthetic,2025-05-28T00:00:00+00:00
d422c0ce-4994-4679-81c3-23c6dfdb0d35,Auto shipment 1125,68db2e0c-1613-41ae-a22c-4959cbb08fe6,2025-05-24T00:00:00+00:00,2025-05-25T12:02:00+00:00,357,shipped,CUST-2712,synthetic,2025-05-24T00:00:00+00:00
6b1a71c8-46c8-4d68-8094-327ee4690355,Auto shipment 1126,78b74b5c-e459-4f23-b196-79e2b104375d,2025-10-30T00:00:00+00:00,2025-10-30T11:31:00+00:00,273,shipped,CUST-7908,synthetic,2025-10-29T00:00:00+00:00
f5588de0-10e5-4b08-a522-5eb73b45ff76,Auto shipment 1127,78b74b5c-e459-4f23-b196-79e2b104375d,2025-08-10T00:00:00+00:00,2025-08-10T12:18:00+00:00,203,shipped,CUST-2102,synthetic,2025-08-09T00:00:00+00:00
2432150a-67c9-4dfb-9de0-8a525d1357cc,Auto shipment 1128,68db2e0c-1613-41ae-a22c-4959cbb08fe6,2025-07-21T00:00:00+00:00,2025-07-24T13:54:00+00:00,298,shipped,CUST-9515,synthetic,2025-07-23T00:00:00+00:00
5c202c98-9d28-4e65-b90b-c2699743b9ba,Auto shipment 1129,1c21be0f-7a41-4fd2-98f6-829a3308a50a,2025-09-22T00:00:00+00:00,2025-09-24T01:27:00+00:00,214,shipped,CUST-3678,synthetic,2025-09-23T00:00:00+00:00
0b8a1790-fa62-4888-b4c6-369d05f4fa6b,Auto shipment 1130,78b74b5c-e459-4f23-b196-79e2b104375d,2025-10-03T00:00:00+00:00,2025-10-07T10:36:00+00:00,186,shipped,CUST-8349,synthetic,2025-10-06T00:00:00+00:00
5672c2de-7924-48ff-bd86-eb911e2b3779,Auto shipment 1131,1c21be0f-7a41-4fd2-98f6-829a3308a50a,2025-08-16T00:00:00+00:00,2025-08-19T09:49:00+00:00,319,shipped,CUST-4238,synthetic,2025-08-18T00:00:00+00:00
2d54a8ed-543f-4e65-8927-3d3c9e44a520,Auto shipment 1132,1c21be0f-7a41-4fd2-98f6-829a3308a50a,2024-12-12T00:00:00+00:00,2024-12-13T13:27:00+00:00,302,shipped,CUST-8772,synthetic,2024-12-12T00:00:00+00:00
e0a48fd9-535e-4477-97e0-680ad210cfbc,Auto shipment 1133,68db2e0c-1613-41ae-a22c-4959cbb08fe6,2025-07-24T00:00:00+00:00,2025-07-26T16:25:00+00:00,374,shipped,CUST-6506,synthetic,2025-07-25T00:00:00+00:00
24745dbb-4381-4b4e-a9c1-59a37b69ef78,Auto shipment 1134,78b74b5c-e459-4f23-b196-79e2b104375d,2025-04-27T00:00:00+00:00,2025-05-01T12:48:00+00:00,137,shipped,CUST-9731,synthetic,2025-04-30T00:00:00+00:00
d50048e5-9abd-4254-9fae-2c558032161f,Auto shipment 1135,68db2e0c-1613-41ae-a22c-4959cbb08fe6,2024-12-06T00:00:00+00:00,2024-12-07T11:01:00+00:00,439,shipped,CUST-1400,synthetic,2024-12-06T00:00:00+00:00
b17c9b2d-829c-4704-bb71-66c60795bd9e,Auto shipment 1136,68db2e0c-1613-41ae-a22c-4959cbb08fe6,2025-01-14T00:00:00+00:00,2025-01-18T05:29:00+00:00,486,shipped,CUST-7250,synthetic,2025-01-17T00:00:00+00:00
0484723d-8133-4a07-a492-7b494104824e,Auto shipment 1137,78b74b5c-e459-4f23-b196-79e2b104375d,2025-02-07T00:00:00+00:00,2025-02-09T08:16:00+00:00,473,shipped,CUST-2574,synthetic,2025-02-08T00:00:00+00:00
9f2ee780-5652-4b13-830f-b8ac53a37e4e,Auto shipment 1138,78b74b5c-e459-4f23-b196-79e2b104375d,2025-02-11T00:00:00+00:00,2025-02-12T21:36:00+00:00,240,shipped,CUST-6274,synthetic,2025-02-11T00:00:00+00:00
eede3ab7-d373-4349-859f-af3ef5823e48,Auto shipment 1139,78b74b5c-e459-4f23-b196-79e2b104375d,2025-09-30T00:00:00+00:00,2025-10-04T20:39:00+00:00,175,shipped,CUST-4197,synthetic,2025-10-03T00:00:00+00:00
4d6edf33-a9ea-4e3d-82a4-eeb67160e9a9,Auto shipment 1140,68db2e0c-1613-41ae-a22c-4959cbb08fe6,2025-01-22T00:00:00+00:00,2025-01-25T04:56:00+00:00,281,shipped,CUST-1990,synthetic,2025-01-24T00:00:00+00:00
204d55bd-4f11-4a3f-a3b9-938d4ca3a896,Auto shipment 1141,68db2e0c-1613-41ae-a22c-4959cbb08fe6,2025-01-05T00:00:00+00:00,2025-01-08T12:31:00+00:00,314,shipped,CUST-7490,synthetic,2025-01-07T00:00:00+00:00
c388c772-0ddf-48ee-af87-c5258b868847,Auto shipment 1142,68db2e0c-1613-41ae-a22c-4959cbb08fe6,2024-12-08T00:00:00+00:00,2024-12-09T14:55:00+00:00,235,shipped,CUST-7014,synthetic,2024-12-08T00:00:00+00:00
43552eae-c14c-476c-9684-81345446cdfd,Auto shipment 1143,1c21be0f-7a41-4fd2-98f6-829a3308a50a,2025-07-02T00:00:00+00:00,2025-07-06T07:05:00+00:00,395,shipped,CUST-2376,synthetic,2025-07-05T00:00:00+00:00
b7bdcc05-8560-4b30-b2b2-ea760fc04afb,Auto shipment 1144,78b74b5c-e459-4f23-b196-79e2b104375d,2025-01-08T00:00:00+00:00,2025-01-12T08:55:00+00:00,166,shipped,CUST-1806,synthetic,2025-01-11T00:00:00+00:00
aa0a5160-0143-4355-802b-f3860845592e,Auto shipment 1145,1c21be0f-7a41-4fd2-98f6-829a3308a50a,2025-03-23T00:00:00+00:00,2025-03-26T05:02:00+00:00,290,shipped,CUST-7220,synthetic,2025-03-25T00:00:00+00:00
8e424901-d06e-46bc-9f69-05c0930a7b27,Auto shipment 1146,78b74b5c-e459-4f23-b196-79e2b104375d,2025-10-05T00:00:00+00:00,2025-10-09T17:58:00+00:00,442,shipped,CUST-7974,synthetic,2025-10-08T00:00:00+00:00
258fec4a-866e-43b3-9110-631ceb30e0ce,Auto shipment 1147,78b74b5c-e459-4f23-b196-79e2b104375d,2025-06-02T00:00:00+00:00,2025-06-06T01:14:00+00:00,236,shipped,CUST-1990,synthetic,2025-06-05T00:00:00+00:00
2d08baab-8c74-414c-a1ef-854fe09b8548,Auto shipment 1148,1c21be0f-7a41-4fd2-98f6-829a3308a50a,2025-03-30T00:00:00+00:00,2025-03-31T17:24:00+00:00,388,shipped,CUST-3252,synthetic,2025-03-30T00:00:00+00:00
01e55f07-8839-4bde-8c3e-fb92232cfdc8,Auto shipment 1149,78b74b5c-e459-4f23-b196-79e2b104375d,2025-10-18T00:00:00+00:00,2025-10-20T16:27:00+00:00,138,shipped,CUST-9853,synthetic,2025-10-19T00:00:00+00:00
6bcccd60-fac6-446b-8a65-25d89c5c2893,Auto shipment 1150,68db2e0c-1613-41ae-a22c-4959cbb08fe6,2025-07-20T00:00:00+00:00,2025-07-23T12:04:00+00:00,153,shipped,CUST-2440,synthetic,2025-07-22T00:00:00+00:00
9597f2dd-4f91-4211-a8df-e674dd88b6cb,Auto shipment 1151,78b74b5c-e459-4f23-b196-79e2b104375d,2025-09-29T00:00:00+00:00,2025-09-29T17:54:00+00:00,268,shipped,CUST-8958,synthetic,2025-09-28T00:00:00+00:00
29e9adf3-5c9f-46e1-a7c5-61a717dc0c4c,Auto shipment 1152,68db2e0c-1613-41ae-a22c-4959cbb08fe6,2025-06-11T00:00:00+00:00,2025-06-11T10:44:00+00:00,433,shipped,CUST-5541,synthetic,2025-06-10T00:00:00+00:00
05d32ac0-1fb0-4d31-b4d6-d0714fa17bfc,Auto shipment 1153,68db2e0c-1613-41ae-a22c-4959cbb08fe6,2025-08-29T00:00:00+00:00,2025-08-29T20:57:00+00:00,468,shipped,CUST-7573,synthetic,2025-08-28T00:00:00+00:00
3b3c67a1-6d3a-4b04-8382-b1259bdb80ec,Auto shipment 1154,68db2e0c-1613-41ae-a22c-4959cbb08fe6,2025-01-18T00:00:00+00:00,2025-01-20T12:55:00+00:00,229,shipped,CUST-2289,synthetic,2025-01-19T00:00:00+00:00
32822b5e-c5e7-4adb-b420-a488f82d92d4,Auto shipment 1155,1c21be0f-7a41-4fd2-98f6-829a3308a50a,2025-09-18T00:00:00+00:00,2025-09-19T09:44:00+00:00,213,shipped,CUST-9191,synthetic,2025-09-18T00:00:00+00:00
21818d39-bf70-42b3-9f78-cf21b84586a2,Auto shipment 1156,68db2e0c-1613-41ae-a22c-4959cbb08fe6,2025-04-24T00:00:00+00:00,2025-04-27T09:17:00+00:00,235,shipped,CUST-2785,synthetic,2025-04-26T00:00:00+00:00
0f0ff5ee-14ef-443b-b708-d1c949b9c8da,Auto shipment 1157,1c21be0f-7a41-4fd2-98f6-829a3308a50a,2024-12-14T00:00:00+00:00,2024-12-18T12:04:00+00:00,409,shipped,CUST-4014,synthetic,2024-12-17T00:00:00+00:00
70182e10-7c4e-49aa-9889-0d35b41bccba,Auto shipment 1158,1c21be0f-7a41-4fd2-98f6-829a3308a50a,2024-12-13T00:00:00+00:00,2024-12-16T07:12:00+00:00,302,shipped,CUST-9536,synthetic,2024-12-15T00:00:00+00:00
2b1ca36a-cc00-4054-971c-f37d34b75862,Auto shipment 1159,78b74b5c-e459-4f23-b196-79e2b104375d,2025-10-12T00:00:00+00:00,2025-10-15T21:44:00+00:00,251,shipped,CUST-1586,synthetic,2025-10-14T00:00:00+00:00
fd12a142-787b-4138-8186-733bdce77f87,Auto shipment 1160,68db2e0c-1613-41ae-a22c-4959cbb08fe6,2024-11-26T00:00:00+00:00,2024-11-28T06:09:00+00:00,192,shipped,CUST-4993,synthetic,2024-11-27T00:00:00+00:00
9c8f10ee-dc12-49fa-9298-cfbab3615d45,Auto shipment 1161,68db2e0c-1613-41ae-a22c-4959cbb08fe6,2025-10-09T00:00:00+00:00,2025-10-13T09:50:00+00:00,428,shipped,CUST-9114,synthetic,2025-10-12T00:00:00+00:00
8e3bc6ce-8cd2-45d8-a2d5-70758de6740f,Auto shipment 1162,68db2e0c-1613-41ae-a22c-4959cbb08fe6,2025-01-06T00:00:00+00:00,2025-01-09T09:21:00+00:00,316,shipped,CUST-8776,synthetic,2025-01-08T00:00:00+00:00
bcf40cbc-0869-4ad5-b010-1bf82d71a693,Auto shipment 1163,1c21be0f-7a41-4fd2-98f6-829a3308a50a,2025-10-14T00:00:00+00:00,2025-10-18T10:50:00+00:00,172,shipped,CUST-3389,synthetic,2025-10-17T00:00:00+00:00
c756819d-d513-4d50-9f7d-1a747a1e6eb8,Auto shipment 1164,68db2e0c-1613-41ae-a22c-4959cbb08fe6,2025-04-24T00:00:00+00:00,2025-04-27T02:58:00+00:00,181,shipped,CUST-2107,synthetic,2025-04-26T00:00:00+00:00
d0255cc5-04af-4d9a-ba70-046a1041b919,Auto shipment 1165,1c21be0f-7a41-4fd2-98f6-829a3308a50a,2025-07-16T00:00:00+00:00,2025-07-16T08:21:00+00:00,403,shipped,CUST-8875,synthetic,2025-07-15T00:00:00+00:00
5470ad5b-22e0-4352-b481-8fc6e8a1cff3,Auto shipment 1166,78b74b5c-e459-4f23-b196-79e2b104375d,2024-11-29T00:00:00+00:00,2024-11-29T02:56:00+00:00,288,shipped,CUST-8613,synthetic,2024-11-28T00:00:00+00:00
b35f163c-22af-4bde-b8ae-fa4a64f60ca9,Auto shipment 1167,1c21be0f-7a41-4fd2-98f6-829a3308a50a,2025-04-16T00:00:00+00:00,2025-04-19T20:50:00+00:00,122,shipped,CUST-2069,synthetic,2025-04-18T00:00:00+00:00
f4be91a0-9555-4b6e-89e3-287f446062dc,Auto shipment 1168,68db2e0c-1613-41ae-a22c-4959cbb08fe6,2025-03-15T00:00:00+00:00,2025-03-17T06:31:00+00:00,100,shipped,CUST-6837,synthetic,2025-03-16T00:00:00+00:00
3c71477b-2a02-4d3f-b633-6f940c75b193,Auto shipment 1169,78b74b5c-e459-4f23-b196-79e2b104375d,2025-05-27T00:00:00+00:00,2025-05-29T03:23:00+00:00,282,shipped,CUST-8956,synthetic,2025-05-28T00:00:00+00:00
6ac35e95-6aaa-40f5-894b-5bd09793ea8a,Auto shipment 1170,78b74b5c-e459-4f23-b196-79e2b104375d,2024-11-19T00:00:00+00:00,2024-11-21T12:02:00+00:00,236,shipped,CUST-3553,synthetic,2024-11-20T00:00:00+00:00
aff27aa7-41af-4c10-b350-2198a312b673,Auto shipment 1171,78b74b5c-e459-4f23-b196-79e2b104375d,2025-08-25T00:00:00+00:00,2025-08-27T03:07:00+00:00,308,shipped,CUST-1592,synthetic,2025-08-26T00:00:00+00:00
0708d4a2-3e56-4d09-8c35-4ef0084681fe,Auto shipment 1172,68db2e0c-1613-41ae-a22c-4959cbb08fe6,2025-05-27T00:00:00+00:00,2025-05-29T19:02:00+00:00,360,shipped,CUST-3598,synthetic,2025-05-28T00:00:00+00:00
313564b7-68ba-41c8-950d-4aed9b252f20,Auto shipment 1173,68db2e0c-1613-41ae-a22c-4959cbb08fe6,2025-02-01T00:00:00+00:00,2025-02-03T15:34:00+00:00,368,shipped,CUST-9249,synthetic,2025-02-02T00:00:00+00:00
fb0bce22-4ddb-4f04-8685-e15b848935c8,Auto shipment 1174,1c21be0f-7a41-4fd2-98f6-829a3308a50a,2025-01-09T00:00:00+00:00,2025-01-10T06:05:00+00:00,210,shipped,CUST-5325,synthetic,2025-01-09T00:00:00+00:00
b8cbc1eb-dc37-4d27-a76a-19c1ebfb3677,Auto shipment 1175,78b74b5c-e459-4f23-b196-79e2b104375d,2025-04-12T00:00:00+00:00,2025-04-12T01:16:00+00:00,247,shipped,CUST-4569,synthetic,2025-04-11T00:00:00+00:00
9655f197-9a1a-4b22-8d97-f20ca1cfc69d,Auto shipment 1176,1c21be0f-7a41-4fd2-98f6-829a3308a50a,2024-12-11T00:00:00+00:00,2024-12-14T21:20:00+00:00,286,shipped,CUST-7204,synthetic,2024-12-13T00:00:00+00:00
e68226a4-e94c-4d9d-bce4-36573f0d0622,Auto shipment 1177,1c21be0f-7a41-4fd2-98f6-829a3308a50a,2025-10-04T00:00:00+00:00,2025-10-08T01:38:00+00:00,289,shipped,CUST-9951,synthetic,2025-10-07T00:00:00+00:00
bfd4966d-04dc-4ca3-880f-7a26b808fe23,Auto shipment 1178,78b74b5c-e459-4f23-b196-79e2b104375d,2025-06-27T00:00:00+00:00,2025-07-01T03:28:00+00:00,432,shipped,CUST-6471,synthetic,2025-06-30T00:00:00+00:00
9f185750-ccc7-4934-a03f-71e9b3072c17,Auto shipment 1179,68db2e0c-1613-41ae-a22c-4959cbb08fe6,2025-01-19T00:00:00+00:00,2025-01-21T13:50:00+00:00,370,shipped,CUST-4594,synthetic,2025-01-20T00:00:00+00:00
a78235b1-62c3-4c25-be39-af4e3139e635,Auto shipment 1180,68db2e0c-1613-41ae-a22c-4959cbb08fe6,2025-05-29T00:00:00+00:00,2025-06-01T16:52:00+00:00,245,shipped,CUST-7303,synthetic,2025-05-31T00:00:00+00:00
a937f481-d2e2-4960-88df-f859313f9636,Auto shipment 1181,78b74b5c-e459-4f23-b196-79e2b104375d,2025-06-22T00:00:00+00:00,2025-06-23T18:19:00+00:00,335,shipped,CUST-2494,synthetic,2025-06-22T00:00:00+00:00
a4264b07-e4b7-4b50-9b1a-fc58ceab08d8,Auto shipment 1182,68db2e0c-1613-41ae-a22c-4959cbb08fe6,2025-10-31T00:00:00+00:00,2025-11-02T19:57:00+00:00,290,shipped,CUST-6334,synthetic,2025-11-01T00:00:00+00:00
715ef3cf-ebf8-4df5-9e83-00149e455448,Auto shipment 1183,1c21be0f-7a41-4fd2-98f6-829a3308a50a,2025-02-22T00:00:00+00:00,2025-02-26T00:35:00+00:00,264,shipped,CUST-2376,synthetic,2025-02-25T00:00:00+00:00
c51917f2-8ee4-4c94-81c6-d90ef7052f04,Auto shipment 1184,1c21be0f-7a41-4fd2-98f6-829a3308a50a,2025-11-04T00:00:00+00:00,2025-11-04T07:48:00+00:00,300,shipped,CUST-2861,synthetic,2025-11-03T00:00:00+00:00
c7833e6c-510e-45c5-bc5a-7b35a6355d58,Auto shipment 1185,68db2e0c-1613-41ae-a22c-4959cbb08fe6,2025-03-04T00:00:00+00:00,2025-03-07T22:24:00+00:00,385,shipped,CUST-5805,synthetic,2025-03-06T00:00:00+00:00
e7a29d5d-d18e-4208-a48c-ba7e707ccbd7,Auto shipment 1186,78b74b5c-e459-4f23-b196-79e2b104375d,2025-07-17T00:00:00+00:00,2025-07-21T07:47:00+00:00,417,shipped,CUST-8742,synthetic,2025-07-20T00:00:00+00:00
c4faec93-96e4-4a21-bf59-a616e1bf0d25,Auto shipment 1187,68db2e0c-1613-41ae-a22c-4959cbb08fe6,2024-12-15T00:00:00+00:00,2024-12-16T05:35:00+00:00,473,shipped,CUST-2731,synthetic,2024-12-15T00:00:00+00:00
04176691-a0e6-4d46-b221-ddb38d073ca1,Auto shipment 1188,68db2e0c-1613-41ae-a22c-4959cbb08fe6,2025-06-16T00:00:00+00:00,2025-06-20T01:25:00+00:00,224,shipped,CUST-5014,synthetic,2025-06-19T00:00:00+00:00
63ea01fa-f86f-45e9-9645-a8b2bee52a27,Auto shipment 1189,78b74b5c-e459-4f23-b196-79e2b104375d,2025-07-01T00:00:00+00:00,2025-07-01T04:38:00+00:00,133,shipped,CUST-9245,synthetic,2025-06-30T00:00:00+00:00
e1120621-c8bd-49f1-b64a-6eec25a79535,Auto shipment 1190,68db2e0c-1613-41ae-a22c-4959cbb08fe6,2025-06-18T00:00:00+00:00,2025-06-18T15:07:00+00:00,319,shipped,CUST-3047,synthetic,2025-06-17T00:00:00+00:00
1d2b5279-298d-4a3f-b6e2-f387c8230921,Auto shipment 1191,78b74b5c-e459-4f23-b196-79e2b104375d,2025-07-06T00:00:00+00:00,2025-07-07T04:48:00+00:00,382,shipped,CUST-1444,synthetic,2025-07-06T00:00:00+00:00
1253d1a2-69d2-43aa-810f-fb343f4631fb,Auto shipment 1192,68db2e0c-1613-41ae-a22c-4959cbb08fe6,2025-04-19T00:00:00+00:00,2025-04-21T03:05:00+00:00,394,shipped,CUST-7511,synthetic,2025-04-20T00:00:00+00:00
c5d98d8f-fc0a-4d92-a97c-6c48b6788d1c,Auto shipment 1193,1c21be0f-7a41-4fd2-98f6-829a3308a50a,2025-07-29T00:00:00+00:00,2025-07-29T04:31:00+00:00,370,shipped,CUST-6086,synthetic,2025-07-28T00:00:00+00:00
3894727b-da20-4b81-8e13-194729fdb4f2,Auto shipment 1194,1c21be0f-7a41-4fd2-98f6-829a3308a50a,2025-03-03T00:00:00+00:00,2025-03-04T12:03:00+00:00,251,shipped,CUST-2975,synthetic,2025-03-03T00:00:00+00:00
39c1ebba-5df4-4463-ae81-0bde2f302d50,Auto shipment 1195,1c21be0f-7a41-4fd2-98f6-829a3308a50a,2025-07-15T00:00:00+00:00,2025-07-16T01:12:00+00:00,483,shipped,CUST-7642,synthetic,2025-07-15T00:00:00+00:00
688f463c-d14c-419e-b71b-6bf7bef3b996,Auto shipment 1196,68db2e0c-1613-41ae-a22c-4959cbb08fe6,2025-09-25T00:00:00+00:00,2025-09-25T19:46:00+00:00,292,shipped,CUST-2189,synthetic,2025-09-24T00:00:00+00:00
407324e0-fdf8-428d-ac43-db5402e61ebc,Auto shipment 1197,1c21be0f-7a41-4fd2-98f6-829a3308a50a,2025-10-12T00:00:00+00:00,2025-10-13T07:11:00+00:00,149,shipped,CUST-9824,synthetic,2025-10-12T00:00:00+00:00
76d946ce-0028-43ca-bc55-a357a482a86b,Auto shipment 1198,1c21be0f-7a41-4fd2-98f6-829a3308a50a,2025-06-15T00:00:00+00:00,2025-06-15T00:46:00+00:00,368,shipped,CUST-2924,synthetic,2025-06-14T00:00:00+00:00
3b0ee190-bf45-4957-b2fb-a0c81cb87579,Auto shipment 1199,1c21be0f-7a41-4fd2-98f6-829a3308a50a,2025-10-26T00:00:00+00:00,2025-10-26T14:53:00+00:00,277,shipped,CUST-5380,synthetic,2025-10-25T00:00:00+00:00
b693c215-bd97-4caf-9c39-50a64c6d32ac,Auto shipment 1200,68db2e0c-1613-41ae-a22c-4959cbb08fe6,2025-01-27T00:00:00+00:00,2025-01-30T02:45:00+00:00,395,shipped,CUST-9318,synthetic,2025-01-29T00:00:00+00:00
798da90a-6b3e-40fa-893c-1e185f59efc9,Auto shipment 1201,1c21be0f-7a41-4fd2-98f6-829a3308a50a,2025-08-31T00:00:00+00:00,2025-09-03T12:29:00+00:00,259,shipped,CUST-9540,synthetic,2025-09-02T00:00:00+00:00
19eff2b2-94d6-4039-8dc0-7e6599a834b9,Auto shipment 1202,1c21be0f-7a41-4fd2-98f6-829a3308a50a,2025-08-26T00:00:00+00:00,2025-08-27T06:37:00+00:00,471,shipped,CUST-4272,synthetic,2025-08-26T00:00:00+00:00
dfbc9ba9-a26e-4497-87fc-35019a05a5fc,Auto shipment 1203,78b74b5c-e459-4f23-b196-79e2b104375d,2025-05-10T00:00:00+00:00,2025-05-10T08:25:00+00:00,366,shipped,CUST-4775,synthetic,2025-05-09T00:00:00+00:00
f0e286e4-4fb4-4f58-a426-0f8ce5fb5eae,Auto shipment 1204,78b74b5c-e459-4f23-b196-79e2b104375d,2025-09-02T00:00:00+00:00,2025-09-02T06:42:00+00:00,377,shipped,CUST-1823,synthetic,2025-09-01T00:00:00+00:00
fe43c068-9ec4-4f01-8b0a-80d64c7174b3,Auto shipment 1205,1c21be0f-7a41-4fd2-98f6-829a3308a50a,2025-06-17T00:00:00+00:00,2025-06-20T01:33:00+00:00,270,shipped,CUST-3089,synthetic,2025-06-19T00:00:00+00:00
4e752054-4778-466d-bdac-b305ffa7df25,Auto shipment 1206,1c21be0f-7a41-4fd2-98f6-829a3308a50a,2025-02-01T00:00:00+00:00,2025-02-03T12:36:00+00:00,396,shipped,CUST-3637,synthetic,2025-02-02T00:00:00+00:00
f7511d53-7627-4bf5-97c9-77f4695633c7,Auto shipment 1207,78b74b5c-e459-4f23-b196-79e2b104375d,2025-04-25T00:00:00+00:00,2025-04-25T22:50:00+00:00,368,shipped,CUST-4184,synthetic,2025-04-24T00:00:00+00:00
48ee5f0a-a09c-47a9-988c-86934e213cb3,Auto shipment 1208,1c21be0f-7a41-4fd2-98f6-829a3308a50a,2025-10-12T00:00:00+00:00,2025-10-12T10:41:00+00:00,175,shipped,CUST-3949,synthetic,2025-10-11T00:00:00+00:00
014ad70a-14bb-41ee-9758-e0ed0989f6f9,Auto shipment 1209,1c21be0f-7a41-4fd2-98f6-829a3308a50a,2025-01-14T00:00:00+00:00,2025-01-16T16:33:00+00:00,373,shipped,CUST-6641,synthetic,2025-01-15T00:00:00+00:00
d088fad4-4282-4d78-aaff-5c18e48ae35a,Auto shipment 1210,78b74b5c-e459-4f23-b196-79e2b104375d,2025-08-13T00:00:00+00:00,2025-08-14T08:33:00+00:00,339,shipped,CUST-9942,synthetic,2025-08-13T00:00:00+00:00
bc151561-a942-44ce-9cb6-a88e20ee25a2,Auto shipment 1211,1c21be0f-7a41-4fd2-98f6-829a3308a50a,2025-01-15T00:00:00+00:00,2025-01-18T14:08:00+00:00,396,shipped,CUST-9070,synthetic,2025-01-17T00:00:00+00:00
5378b890-cfef-46fd-b697-d3d40cc228d2,Auto shipment 1212,78b74b5c-e459-4f23-b196-79e2b104375d,2024-12-29T00:00:00+00:00,2025-01-02T04:54:00+00:00,245,shipped,CUST-9381,synthetic,2025-01-01T00:00:00+00:00
a9c0c922-30e0-4dc2-9051-a9433145b853,Auto shipment 1213,1c21be0f-7a41-4fd2-98f6-829a3308a50a,2025-01-09T00:00:00+00:00,2025-01-12T16:32:00+00:00,119,shipped,CUST-4550,synthetic,2025-01-11T00:00:00+00:00
57adbbae-3f84-441e-a599-015736e0b6a3,Auto shipment 1214,68db2e0c-1613-41ae-a22c-4959cbb08fe6,2025-03-16T00:00:00+00:00,2025-03-18T20:06:00+00:00,352,shipped,CUST-4390,synthetic,2025-03-17T00:00:00+00:00
0fbc0845-9cd1-4f6a-a995-60d40197f508,Auto shipment 1215,68db2e0c-1613-41ae-a22c-4959cbb08fe6,2025-02-11T00:00:00+00:00,2025-02-12T19:35:00+00:00,225,shipped,CUST-9943,synthetic,2025-02-11T00:00:00+00:00
7c3d5980-4374-4430-b459-9e4756500ad9,Auto shipment 1216,1c21be0f-7a41-4fd2-98f6-829a3308a50a,2025-09-17T00:00:00+00:00,2025-09-21T03:52:00+00:00,505,shipped,CUST-1527,synthetic,2025-09-20T00:00:00+00:00
0835585a-5622-44c5-8bb2-d2833e4d9e29,Auto shipment 1217,78b74b5c-e459-4f23-b196-79e2b104375d,2025-03-06T00:00:00+00:00,2025-03-09T13:10:00+00:00,432,shipped,CUST-8137,synthetic,2025-03-08T00:00:00+00:00
851a2447-b352-4a34-800b-e969a7e6862f,Auto shipment 1218,68db2e0c-1613-41ae-a22c-4959cbb08fe6,2025-10-30T00:00:00+00:00,2025-11-03T06:44:00+00:00,199,shipped,CUST-7726,synthetic,2025-11-02T00:00:00+00:00
c6b5664e-730c-44b7-a722-b94a62294b8d,Auto shipment 1219,1c21be0f-7a41-4fd2-98f6-829a3308a50a,2025-10-27T00:00:00+00:00,2025-10-29T22:50:00+00:00,171,shipped,CUST-9935,synthetic,2025-10-28T00:00:00+00:00
5b59a0ce-ef50-4b81-8c93-94b38b019473,Auto shipment 1220,78b74b5c-e459-4f23-b196-79e2b104375d,2024-11-22T00:00:00+00:00,2024-11-23T01:25:00+00:00,405,shipped,CUST-4693,synthetic,2024-11-22T00:00:00+00:00
41549303-a45a-4b90-b46d-8d628d94999b,Auto shipment 1221,1c21be0f-7a41-4fd2-98f6-829a3308a50a,2025-10-03T00:00:00+00:00,2025-10-07T03:42:00+00:00,411,shipped,CUST-7148,synthetic,2025-10-06T00:00:00+00:00
9c9389b7-93ba-4fbe-85f7-8ddcf789ce4b,Auto shipment 1222,78b74b5c-e459-4f23-b196-79e2b104375d,2025-06-26T00:00:00+00:00,2025-06-28T07:20:00+00:00,292,shipped,CUST-1860,synthetic,2025-06-27T00:00:00+00:00
76536185-bd5b-4245-a6ba-225315e4c05b,Auto shipment 1223,1c21be0f-7a41-4fd2-98f6-829a3308a50a,2025-07-26T00:00:00+00:00,2025-07-28T16:36:00+00:00,162,shipped,CUST-9659,synthetic,2025-07-27T00:00:00+00:00
1313c7a6-7a6a-442d-9320-2c9be71848fd,Auto shipment 1224,68db2e0c-1613-41ae-a22c-4959cbb08fe6,2025-08-12T00:00:00+00:00,2025-08-15T01:43:00+00:00,331,shipped,CUST-9185,synthetic,2025-08-14T00:00:00+00:00
9da4b7fd-b7ea-48e4-939a-6fb31cd03a13,Auto shipment 1225,1c21be0f-7a41-4fd2-98f6-829a3308a50a,2025-02-28T00:00:00+00:00,2025-03-02T07:13:00+00:00,191,shipped,CUST-6803,synthetic,2025-03-01T00:00:00+00:00
de0edccf-33a5-4c4b-9e1c-35ee206ae45e,Auto shipment 1226,68db2e0c-1613-41ae-a22c-4959cbb08fe6,2025-04-13T00:00:00+00:00,2025-04-14T10:16:00+00:00,388,shipped,CUST-7951,synthetic,2025-04-13T00:00:00+00:00
5b7ff786-9ffa-4eef-9460-ace26d3086dc,Auto shipment 1227,1c21be0f-7a41-4fd2-98f6-829a3308a50a,2025-10-24T00:00:00+00:00,2025-10-24T22:47:00+00:00,289,shipped,CUST-1637,synthetic,2025-10-23T00:00:00+00:00
cb6fb73f-6cdf-4963-b3b4-f99a4042b07f,Auto shipment 1228,78b74b5c-e459-4f23-b196-79e2b104375d,2024-12-29T00:00:00+00:00,2024-12-30T11:18:00+00:00,177,shipped,CUST-5137,synthetic,2024-12-29T00:00:00+00:00
3e73a547-ca7f-44b8-9543-d2d2e0e4aba6,Auto shipment 1229,78b74b5c-e459-4f23-b196-79e2b104375d,2025-04-09T00:00:00+00:00,2025-04-13T14:54:00+00:00,205,shipped,CUST-4961,synthetic,2025-04-12T00:00:00+00:00
83b753a8-c7d6-4713-a0de-f2f09a4db322,Auto shipment 1230,1c21be0f-7a41-4fd2-98f6-829a3308a50a,2025-06-08T00:00:00+00:00,2025-06-10T15:06:00+00:00,315,shipped,CUST-5071,synthetic,2025-06-09T00:00:00+00:00
2c3d2523-d004-4ce7-ae90-cfa6934e5f8c,Auto shipment 1231,78b74b5c-e459-4f23-b196-79e2b104375d,2024-12-05T00:00:00+00:00,2024-12-05T15:05:00+00:00,419,shipped,CUST-4777,synthetic,2024-12-04T00:00:00+00:00
eb6d7330-e0fe-4401-bd1e-be32546f4f58,Auto shipment 1232,68db2e0c-1613-41ae-a22c-4959cbb08fe6,2025-09-17T00:00:00+00:00,2025-09-21T03:21:00+00:00,283,shipped,CUST-7586,synthetic,2025-09-20T00:00:00+00:00
b2bc3c10-1ced-4c41-856f-d22b21c9d59f,Auto shipment 1233,1c21be0f-7a41-4fd2-98f6-829a3308a50a,2025-08-03T00:00:00+00:00,2025-08-03T05:00:00+00:00,153,shipped,CUST-5146,synthetic,2025-08-02T00:00:00+00:00
2a7728d8-fc35-402b-87fb-946a6e656404,Auto shipment 1234,68db2e0c-1613-41ae-a22c-4959cbb08fe6,2025-09-19T00:00:00+00:00,2025-09-22T08:14:00+00:00,237,shipped,CUST-2900,synthetic,2025-09-21T00:00:00+00:00
313ac947-be56-413f-b837-0f2e61ca29ba,Auto shipment 1235,68db2e0c-1613-41ae-a22c-4959cbb08fe6,2024-11-17T00:00:00+00:00,2024-11-20T10:17:00+00:00,253,shipped,CUST-2810,synthetic,2024-11-19T00:00:00+00:00
054d5bd3-da95-40b3-bbc8-0e56092ec731,Auto shipment 1236,78b74b5c-e459-4f23-b196-79e2b104375d,2025-07-10T00:00:00+00:00,2025-07-11T17:13:00+00:00,464,shipped,CUST-5058,synthetic,2025-07-10T00:00:00+00:00
9d64135d-eb26-42be-8cc8-2a0c9d9c4a05,Auto shipment 1237,68db2e0c-1613-41ae-a22c-4959cbb08fe6,2024-12-30T00:00:00+00:00,2025-01-02T03:55:00+00:00,211,shipped,CUST-6626,synthetic,2025-01-01T00:00:00+00:00
ee8fa50c-ca78-400b-ab48-2b3efbd451af,Auto shipment 1238,1c21be0f-7a41-4fd2-98f6-829a3308a50a,2025-09-28T00:00:00+00:00,2025-10-01T20:20:00+00:00,250,shipped,CUST-8128,synthetic,2025-09-30T00:00:00+00:00
62570a1f-7ec7-47bd-b033-5a4ad60c2d7c,Auto shipment 1239,68db2e0c-1613-41ae-a22c-4959cbb08fe6,2025-05-22T00:00:00+00:00,2025-05-22T09:57:00+00:00,453,shipped,CUST-5593,synthetic,2025-05-21T00:00:00+00:00
ee1c1b78-b3de-4a34-a233-174dd59036f9,Auto shipment 1240,1c21be0f-7a41-4fd2-98f6-829a3308a50a,2025-08-10T00:00:00+00:00,2025-08-10T01:45:00+00:00,266,shipped,CUST-7583,synthetic,2025-08-09T00:00:00+00:00
019947dd-e880-4e09-b378-566db841abe2,Auto shipment 1241,78b74b5c-e459-4f23-b196-79e2b104375d,2025-04-13T00:00:00+00:00,2025-04-17T22:04:00+00:00,86,shipped,CUST-6600,synthetic,2025-04-16T00:00:00+00:00
a9c34e8d-0781-4fe6-bc4c-b0ca157cc9f4,Auto shipment 1242,1c21be0f-7a41-4fd2-98f6-829a3308a50a,2024-12-19T00:00:00+00:00,2024-12-19T05:42:00+00:00,343,shipped,CUST-7413,synthetic,2024-12-18T00:00:00+00:00
a7c38b3e-73f0-4611-a365-83d9ec86c150,Auto shipment 1243,1c21be0f-7a41-4fd2-98f6-829a3308a50a,2025-05-28T00:00:00+00:00,2025-05-29T18:54:00+00:00,142,shipped,CUST-6668,synthetic,2025-05-28T00:00:00+00:00
060f7454-8ef6-4a4d-a93b-b7309fe1cef6,Auto shipment 1244,68db2e0c-1613-41ae-a22c-4959cbb08fe6,2025-02-04T00:00:00+00:00,2025-02-04T15:37:00+00:00,348,shipped,CUST-7849,synthetic,2025-02-03T00:00:00+00:00
1d3d44dd-c5c6-4f20-bc09-c54de4fb6933,Auto shipment 1245,78b74b5c-e459-4f23-b196-79e2b104375d,2025-10-02T00:00:00+00:00,2025-10-05T16:19:00+00:00,239,shipped,CUST-1115,synthetic,2025-10-04T00:00:00+00:00
4218434d-97cc-4a50-832c-1f75e00d439b,Auto shipment 1246,78b74b5c-e459-4f23-b196-79e2b104375d,2025-02-14T00:00:00+00:00,2025-02-14T02:08:00+00:00,265,shipped,CUST-5848,synthetic,2025-02-13T00:00:00+00:00
b287f94a-0a63-4008-b8d7-346247460182,Auto shipment 1247,78b74b5c-e459-4f23-b196-79e2b104375d,2025-03-19T00:00:00+00:00,2025-03-23T02:37:00+00:00,419,shipped,CUST-1389,synthetic,2025-03-22T00:00:00+00:00
adb48e8a-4a35-443b-9d54-b8e7f619915d,Auto shipment 1248,68db2e0c-1613-41ae-a22c-4959cbb08fe6,2025-04-08T00:00:00+00:00,2025-04-11T02:43:00+00:00,451,shipped,CUST-8279,synthetic,2025-04-10T00:00:00+00:00
6ffea9db-9ebe-460a-93d3-8045b6a19943,Auto shipment 1249,1c21be0f-7a41-4fd2-98f6-829a3308a50a,2025-09-26T00:00:00+00:00,2025-09-30T20:44:00+00:00,381,shipped,CUST-5812,synthetic,2025-09-29T00:00:00+00:00
d6bef17e-3338-490e-978a-e2847da43755,Auto shipment 1250,78b74b5c-e459-4f23-b196-79e2b104375d,2025-09-19T00:00:00+00:00,2025-09-19T13:31:00+00:00,407,shipped,CUST-7890,synthetic,2025-09-18T00:00:00+00:00
3089453a-a459-4648-bdef-4f80bec3eb7b,Auto shipment 1251,68db2e0c-1613-41ae-a22c-4959cbb08fe6,2025-04-15T00:00:00+00:00,2025-04-17T21:00:00+00:00,206,shipped,CUST-1792,synthetic,2025-04-16T00:00:00+00:00
328dee4f-a783-402b-ba60-59f820858e61,Auto shipment 1252,1c21be0f-7a41-4fd2-98f6-829a3308a50a,2025-01-12T00:00:00+00:00,2025-01-12T11:58:00+00:00,168,shipped,CUST-7236,synthetic,2025-01-11T00:00:00+00:00
5117f98c-3441-488d-a273-02f4d3e6a685,Auto shipment 1253,78b74b5c-e459-4f23-b196-79e2b104375d,2024-11-27T00:00:00+00:00,2024-12-01T09:51:00+00:00,398,shipped,CUST-6979,synthetic,2024-11-30T00:00:00+00:00
d928e51e-25e1-4136-bd5b-0e96dcf88912,Auto shipment 1254,1c21be0f-7a41-4fd2-98f6-829a3308a50a,2025-02-27T00:00:00+00:00,2025-02-27T15:06:00+00:00,417,shipped,CUST-8783,synthetic,2025-02-26T00:00:00+00:00
9691df5c-3b9b-4876-9d60-161019d277c9,Auto shipment 1255,1c21be0f-7a41-4fd2-98f6-829a3308a50a,2025-09-10T00:00:00+00:00,2025-09-13T05:13:00+00:00,348,shipped,CUST-1556,synthetic,2025-09-12T00:00:00+00:00
17574394-0abf-460c-8df6-df2598daddad,Auto shipment 1256,78b74b5c-e459-4f23-b196-79e2b104375d,2025-03-11T00:00:00+00:00,2025-03-15T08:48:00+00:00,242,shipped,CUST-5284,synthetic,2025-03-14T00:00:00+00:00
93f2979d-a09e-4786-8e91-ddaabd297493,Auto shipment 1257,1c21be0f-7a41-4fd2-98f6-829a3308a50a,2025-07-19T00:00:00+00:00,2025-07-21T04:21:00+00:00,170,shipped,CUST-4600,synthetic,2025-07-20T00:00:00+00:00
e9882d76-3296-4ce1-9753-9fe0e6f6b8a6,Auto shipment 1258,1c21be0f-7a41-4fd2-98f6-829a3308a50a,2025-02-07T00:00:00+00:00,2025-02-09T04:30:00+00:00,431,shipped,CUST-5333,synthetic,2025-02-08T00:00:00+00:00
9fcab8a2-1d2d-485a-a659-22736ec9b108,Auto shipment 1259,68db2e0c-1613-41ae-a22c-4959cbb08fe6,2025-04-17T00:00:00+00:00,2025-04-20T19:40:00+00:00,136,shipped,CUST-5207,synthetic,2025-04-19T00:00:00+00:00
91240ddf-39b2-44e1-bc17-8190da44869d,Auto shipment 1260,78b74b5c-e459-4f23-b196-79e2b104375d,2025-10-03T00:00:00+00:00,2025-10-07T18:11:00+00:00,495,shipped,CUST-7664,synthetic,2025-10-06T00:00:00+00:00
a644feb0-390f-4e6f-ab59-fd21b337333f,Auto shipment 1261,68db2e0c-1613-41ae-a22c-4959cbb08fe6,2025-04-30T00:00:00+00:00,2025-05-03T21:43:00+00:00,331,shipped,CUST-7410,synthetic,2025-05-02T00:00:00+00:00
0b9f0b84-9c36-445a-8450-a57857f60c1c,Auto shipment 1262,68db2e0c-1613-41ae-a22c-4959cbb08fe6,2025-02-11T00:00:00+00:00,2025-02-12T15:40:00+00:00,542,shipped,CUST-7349,synthetic,2025-02-11T00:00:00+00:00
ab362325-44f4-48e7-96b4-732a189b4cee,Auto shipment 1263,68db2e0c-1613-41ae-a22c-4959cbb08fe6,2025-02-07T00:00:00+00:00,2025-02-07T20:46:00+00:00,327,shipped,CUST-3401,synthetic,2025-02-06T00:00:00+00:00
7bb80c88-5776-4139-97c5-d1e6c4ebe505,Auto shipment 1264,68db2e0c-1613-41ae-a22c-4959cbb08fe6,2025-04-10T00:00:00+00:00,2025-04-12T00:06:00+00:00,288,shipped,CUST-6773,synthetic,2025-04-11T00:00:00+00:00
47bb3e6d-1d0a-459d-a21c-fbd8cd45da7d,Auto shipment 1265,78b74b5c-e459-4f23-b196-79e2b104375d,2025-06-16T00:00:00+00:00,2025-06-16T02:47:00+00:00,226,shipped,CUST-8859,synthetic,2025-06-15T00:00:00+00:00
14f2dbb7-3c78-4ce5-80b2-ec97572a369e,Auto shipment 1266,68db2e0c-1613-41ae-a22c-4959cbb08fe6,2025-07-18T00:00:00+00:00,2025-07-18T22:17:00+00:00,297,shipped,CUST-7991,synthetic,2025-07-17T00:00:00+00:00
2bd8e9bc-2f95-43d8-a497-be163001fa7c,Auto shipment 1267,1c21be0f-7a41-4fd2-98f6-829a3308a50a,2025-04-22T00:00:00+00:00,2025-04-24T06:13:00+00:00,286,shipped,CUST-3432,synthetic,2025-04-23T00:00:00+00:00
fcba2721-ef68-4ad3-a501-7dd57eda4bf8,Auto shipment 1268,1c21be0f-7a41-4fd2-98f6-829a3308a50a,2024-11-12T00:00:00+00:00,2024-11-13T12:25:00+00:00,243,shipped,CUST-3354,synthetic,2024-11-12T00:00:00+00:00
ab1cdd1f-b309-4bf8-a6e6-134ea48fb146,Auto shipment 1269,1c21be0f-7a41-4fd2-98f6-829a3308a50a,2025-04-18T00:00:00+00:00,2025-04-19T01:29:00+00:00,272,shipped,CUST-1117,synthetic,2025-04-18T00:00:00+00:00
34b513c3-9c92-4ea1-bc69-ebccd002e109,Auto shipment 1270,1c21be0f-7a41-4fd2-98f6-829a3308a50a,2024-12-25T00:00:00+00:00,2024-12-27T03:26:00+00:00,192,shipped,CUST-5336,synthetic,2024-12-26T00:00:00+00:00
2b350dd2-2ac0-4f36-aea3-501e684e62a4,Auto shipment 1271,78b74b5c-e459-4f23-b196-79e2b104375d,2025-10-08T00:00:00+00:00,2025-10-12T20:55:00+00:00,164,shipped,CUST-9380,synthetic,2025-10-11T00:00:00+00:00
cf591573-d23e-4f3e-92b5-5ad2774aa4fd,Auto shipment 1272,78b74b5c-e459-4f23-b196-79e2b104375d,2025-02-04T00:00:00+00:00,2025-02-05T14:57:00+00:00,316,shipped,CUST-5475,synthetic,2025-02-04T00:00:00+00:00
542cd51e-0aa2-4e8d-87d3-8b09b5a855a3,Auto shipment 1273,1c21be0f-7a41-4fd2-98f6-829a3308a50a,2025-10-14T00:00:00+00:00,2025-10-18T20:10:00+00:00,87,shipped,CUST-7573,synthetic,2025-10-17T00:00:00+00:00
5e0995b6-aa6f-47bb-9dec-7f64a48494db,Auto shipment 1274,78b74b5c-e459-4f23-b196-79e2b104375d,2025-06-11T00:00:00+00:00,2025-06-11T19:04:00+00:00,385,shipped,CUST-9117,synthetic,2025-06-10T00:00:00+00:00
3c40076d-b930-4cf0-8b0d-d027baaf9d24,Auto shipment 1275,1c21be0f-7a41-4fd2-98f6-829a3308a50a,2025-03-16T00:00:00+00:00,2025-03-17T16:12:00+00:00,303,shipped,CUST-5860,synthetic,2025-03-16T00:00:00+00:00
44d3074e-969b-42cd-954a-9cd51f43e792,Auto shipment 1276,1c21be0f-7a41-4fd2-98f6-829a3308a50a,2025-01-19T00:00:00+00:00,2025-01-21T22:04:00+00:00,160,shipped,CUST-3798,synthetic,2025-01-20T00:00:00+00:00
09ecb399-ad6c-4dff-a493-f95e5e53c979,Auto shipment 1277,1c21be0f-7a41-4fd2-98f6-829a3308a50a,2025-03-10T00:00:00+00:00,2025-03-12T11:10:00+00:00,169,shipped,CUST-3236,synthetic,2025-03-11T00:00:00+00:00
c568760f-b3e5-43ab-aa1f-6bca9482f4d0,Auto shipment 1278,78b74b5c-e459-4f23-b196-79e2b104375d,2025-02-27T00:00:00+00:00,2025-03-01T06:16:00+00:00,190,shipped,CUST-4347,synthetic,2025-02-28T00:00:00+00:00
830455cb-2b14-4205-bc3d-f060e8db4573,Auto shipment 1279,68db2e0c-1613-41ae-a22c-4959cbb08fe6,2025-04-14T00:00:00+00:00,2025-04-14T12:45:00+00:00,336,shipped,CUST-2834,synthetic,2025-04-13T00:00:00+00:00
d592abad-7dcf-4039-984a-f61e99377470,Auto shipment 1280,78b74b5c-e459-4f23-b196-79e2b104375d,2024-12-06T00:00:00+00:00,2024-12-06T09:32:00+00:00,152,shipped,CUST-5685,synthetic,2024-12-05T00:00:00+00:00
ac32265d-58a7-4734-be51-d7f68bfb0c0f,Auto shipment 1281,78b74b5c-e459-4f23-b196-79e2b104375d,2025-10-11T00:00:00+00:00,2025-10-15T22:24:00+00:00,415,shipped,CUST-2855,synthetic,2025-10-14T00:00:00+00:00
94f683e0-349a-49f5-8ddb-2bdd1e306fda,Auto shipment 1282,78b74b5c-e459-4f23-b196-79e2b104375d,2025-11-04T00:00:00+00:00,2025-11-05T16:02:00+00:00,177,shipped,CUST-5639,synthetic,2025-11-04T00:00:00+00:00
a5baa932-13d7-42a5-b389-f38e972fc68e,Auto shipment 1283,78b74b5c-e459-4f23-b196-79e2b104375d,2025-10-25T00:00:00+00:00,2025-10-29T13:01:00+00:00,205,shipped,CUST-9634,synthetic,2025-10-28T00:00:00+00:00
e4149874-7edd-4588-8a17-c25ad67cac7f,Auto shipment 1284,78b74b5c-e459-4f23-b196-79e2b104375d,2025-05-05T00:00:00+00:00,2025-05-07T03:07:00+00:00,237,shipped,CUST-6594,synthetic,2025-05-06T00:00:00+00:00
0fe3d80a-b75a-495a-91ad-3029ebf53686,Auto shipment 1285,78b74b5c-e459-4f23-b196-79e2b104375d,2025-06-16T00:00:00+00:00,2025-06-16T08:44:00+00:00,507,shipped,CUST-3765,synthetic,2025-06-15T00:00:00+00:00
841a3551-79a4-488e-91bf-6c47c978ced0,Auto shipment 1286,68db2e0c-1613-41ae-a22c-4959cbb08fe6,2025-03-16T00:00:00+00:00,2025-03-20T03:42:00+00:00,103,shipped,CUST-1072,synthetic,2025-03-19T00:00:00+00:00
196c5eaa-fcc3-4a3d-ac69-249e42743f61,Auto shipment 1287,78b74b5c-e459-4f23-b196-79e2b104375d,2025-03-16T00:00:00+00:00,2025-03-16T14:19:00+00:00,519,shipped,CUST-7766,synthetic,2025-03-15T00:00:00+00:00
a29e7bf3-5bdd-464f-bd5f-f1e087d99c74,Auto shipment 1288,1c21be0f-7a41-4fd2-98f6-829a3308a50a,2024-12-03T00:00:00+00:00,2024-12-03T15:18:00+00:00,327,shipped,CUST-2376,synthetic,2024-12-02T00:00:00+00:00
dcf6e2ce-ca3c-4622-ae6c-f9138fedd0b6,Auto shipment 1289,68db2e0c-1613-41ae-a22c-4959cbb08fe6,2024-11-11T00:00:00+00:00,2024-11-12T04:55:00+00:00,182,shipped,CUST-2366,synthetic,2024-11-11T00:00:00+00:00
7cdea3bd-9019-4e3c-9185-2f3fdd1ab843,Auto shipment 1290,78b74b5c-e459-4f23-b196-79e2b104375d,2025-06-01T00:00:00+00:00,2025-06-04T14:47:00+00:00,325,shipped,CUST-7164,synthetic,2025-06-03T00:00:00+00:00
8dca2696-325f-4bb5-a788-c8cdd62b5bad,Auto shipment 1291,1c21be0f-7a41-4fd2-98f6-829a3308a50a,2025-03-18T00:00:00+00:00,2025-03-18T10:43:00+00:00,417,shipped,CUST-4889,synthetic,2025-03-17T00:00:00+00:00
74eeff3e-4322-4846-a695-d69e773a4d46,Auto shipment 1292,78b74b5c-e459-4f23-b196-79e2b104375d,2025-01-27T00:00:00+00:00,2025-01-28T18:16:00+00:00,504,shipped,CUST-5112,synthetic,2025-01-27T00:00:00+00:00
1053ad74-fb38-4ed7-9b9d-249bcd810a83,Auto shipment 1293,68db2e0c-1613-41ae-a22c-4959cbb08fe6,2025-08-31T00:00:00+00:00,2025-09-04T08:40:00+00:00,194,shipped,CUST-4878,synthetic,2025-09-03T00:00:00+00:00
6a3a84f0-aadf-4ff7-90fb-a4645875856e,Auto shipment 1294,1c21be0f-7a41-4fd2-98f6-829a3308a50a,2025-02-11T00:00:00+00:00,2025-02-14T09:40:00+00:00,189,shipped,CUST-3413,synthetic,2025-02-13T00:00:00+00:00
04c8e4cd-f503-4e19-b55c-c302fc3ebdb8,Auto shipment 1295,78b74b5c-e459-4f23-b196-79e2b104375d,2025-01-16T00:00:00+00:00,2025-01-20T06:04:00+00:00,343,shipped,CUST-6742,synthetic,2025-01-19T00:00:00+00:00
48cb8db0-98e9-4d01-9bd0-8ab68e5e4812,Auto shipment 1296,78b74b5c-e459-4f23-b196-79e2b104375d,2025-03-03T00:00:00+00:00,2025-03-07T10:15:00+00:00,192,shipped,CUST-6905,synthetic,2025-03-06T00:00:00+00:00
1615817a-0761-477e-b748-2310db479e35,Auto shipment 1297,1c21be0f-7a41-4fd2-98f6-829a3308a50a,2025-04-10T00:00:00+00:00,2025-04-12T22:02:00+00:00,323,shipped,CUST-6601,synthetic,2025-04-11T00:00:00+00:00
5ff32a95-ed1b-42d1-a15c-48ed32fead09,Auto shipment 1298,68db2e0c-1613-41ae-a22c-4959cbb08fe6,2025-01-09T00:00:00+00:00,2025-01-10T00:54:00+00:00,340,shipped,CUST-1973,synthetic,2025-01-09T00:00:00+00:00
7712d39d-0b33-4158-9600-91cf4c6063cf,Auto shipment 1299,68db2e0c-1613-41ae-a22c-4959cbb08fe6,2025-05-08T00:00:00+00:00,2025-05-11T21:32:00+00:00,207,shipped,CUST-5925,synthetic,2025-05-10T00:00:00+00:00
5a5d1635-ead4-41c8-9a1e-6d104da800c8,Auto shipment 1300,1c21be0f-7a41-4fd2-98f6-829a3308a50a,2025-04-24T00:00:00+00:00,2025-04-28T19:07:00+00:00,386,shipped,CUST-4747,synthetic,2025-04-27T00:00:00+00:00
0cf90e63-40bc-403d-a874-f85a710c62b7,Auto shipment 1301,68db2e0c-1613-41ae-a22c-4959cbb08fe6,2025-08-04T00:00:00+00:00,2025-08-05T15:25:00+00:00,183,shipped,CUST-1518,synthetic,2025-08-04T00:00:00+00:00
15c43bc4-b31d-4035-8339-cb7bc11f7121,Auto shipment 1302,78b74b5c-e459-4f23-b196-79e2b104375d,2025-04-19T00:00:00+00:00,2025-04-21T19:19:00+00:00,309,shipped,CUST-4248,synthetic,2025-04-20T00:00:00+00:00
825655c0-66bd-4f4d-84fe-58321e2e7818,Auto shipment 1303,1c21be0f-7a41-4fd2-98f6-829a3308a50a,2025-05-23T00:00:00+00:00,2025-05-26T17:10:00+00:00,355,shipped,CUST-9814,synthetic,2025-05-25T00:00:00+00:00
7258e59c-ac02-42e9-a5ef-a2a165a95c26,Auto shipment 1304,78b74b5c-e459-4f23-b196-79e2b104375d,2025-07-09T00:00:00+00:00,2025-07-10T15:12:00+00:00,317,shipped,CUST-1775,synthetic,2025-07-09T00:00:00+00:00
12c21570-0bb4-43cf-b75a-a373403aa9af,Auto shipment 1305,1c21be0f-7a41-4fd2-98f6-829a3308a50a,2025-03-31T00:00:00+00:00,2025-03-31T08:39:00+00:00,506,shipped,CUST-5760,synthetic,2025-03-30T00:00:00+00:00
2b32a748-3533-45fc-a799-e5b108cc5397,Auto shipment 1306,78b74b5c-e459-4f23-b196-79e2b104375d,2024-12-31T00:00:00+00:00,2025-01-01T13:28:00+00:00,444,shipped,CUST-8040,synthetic,2024-12-31T00:00:00+00:00
d2f0f43e-d246-43ac-a504-19035be3a202,Auto shipment 1307,68db2e0c-1613-41ae-a22c-4959cbb08fe6,2025-02-03T00:00:00+00:00,2025-02-05T11:34:00+00:00,424,shipped,CUST-3681,synthetic,2025-02-04T00:00:00+00:00
5ded6ede-0465-4cbb-a010-a5c89bf89eb2,Auto shipment 1308,68db2e0c-1613-41ae-a22c-4959cbb08fe6,2025-06-29T00:00:00+00:00,2025-06-30T01:36:00+00:00,155,shipped,CUST-3810,synthetic,2025-06-29T00:00:00+00:00
03050238-2d19-492a-a007-86f01974c1cf,Auto shipment 1309,78b74b5c-e459-4f23-b196-79e2b104375d,2025-07-13T00:00:00+00:00,2025-07-17T15:41:00+00:00,308,shipped,CUST-5766,synthetic,2025-07-16T00:00:00+00:00
0487988f-fa06-4fa4-90cc-9f8ea0b9ab24,Auto shipment 1310,1c21be0f-7a41-4fd2-98f6-829a3308a50a,2025-06-14T00:00:00+00:00,2025-06-17T10:29:00+00:00,135,shipped,CUST-1412,synthetic,2025-06-16T00:00:00+00:00
e7357967-ac99-43e8-9c6b-cd37b2688148,Auto shipment 1311,1c21be0f-7a41-4fd2-98f6-829a3308a50a,2025-07-13T00:00:00+00:00,2025-07-17T14:45:00+00:00,210,shipped,CUST-5152,synthetic,2025-07-16T00:00:00+00:00
c384bb06-576d-4dc0-98c8-74b98782b062,Auto shipment 1312,68db2e0c-1613-41ae-a22c-4959cbb08fe6,2025-04-14T00:00:00+00:00,2025-04-18T15:56:00+00:00,252,shipped,CUST-2114,synthetic,2025-04-17T00:00:00+00:00
5aaa7234-a018-4b99-83a9-77b2e4ad2d80,Auto shipment 1313,68db2e0c-1613-41ae-a22c-4959cbb08fe6,2025-03-02T00:00:00+00:00,2025-03-05T03:26:00+00:00,122,shipped,CUST-7026,synthetic,2025-03-04T00:00:00+00:00
daaf1366-9265-4c53-9351-a5a1b00a60da,Auto shipment 1314,78b74b5c-e459-4f23-b196-79e2b104375d,2025-09-29T00:00:00+00:00,2025-10-03T08:54:00+00:00,310,shipped,CUST-7262,synthetic,2025-10-02T00:00:00+00:00
37dd78bb-e0aa-45f3-9e87-e2084f16d688,Auto shipment 1315,68db2e0c-1613-41ae-a22c-4959cbb08fe6,2025-03-08T00:00:00+00:00,2025-03-11T12:55:00+00:00,381,shipped,CUST-4978,synthetic,2025-03-10T00:00:00+00:00
d278498c-f840-4376-ac21-1287811fc5c1,Auto shipment 1316,78b74b5c-e459-4f23-b196-79e2b104375d,2024-11-19T00:00:00+00:00,2024-11-22T15:52:00+00:00,131,shipped,CUST-2695,synthetic,2024-11-21T00:00:00+00:00
5bb9eb19-1cf0-497e-b97b-3910f803d415,Auto shipment 1317,1c21be0f-7a41-4fd2-98f6-829a3308a50a,2025-03-15T00:00:00+00:00,2025-03-17T21:56:00+00:00,349,shipped,CUST-2250,synthetic,2025-03-16T00:00:00+00:00
26d9e9d2-74e0-4ede-a0bc-694e004b64f3,Auto shipment 1318,1c21be0f-7a41-4fd2-98f6-829a3308a50a,2025-04-30T00:00:00+00:00,2025-05-02T20:18:00+00:00,220,shipped,CUST-1537,synthetic,2025-05-01T00:00:00+00:00
221c34ec-645d-4dd6-8d8b-aea631436b7e,Auto shipment 1319,78b74b5c-e459-4f23-b196-79e2b104375d,2025-07-31T00:00:00+00:00,2025-08-03T06:30:00+00:00,298,shipped,CUST-3515,synthetic,2025-08-02T00:00:00+00:00
4cf8d907-eee9-4171-93c3-b4362c7192ae,Auto shipment 1320,78b74b5c-e459-4f23-b196-79e2b104375d,2025-03-29T00:00:00+00:00,2025-03-31T11:23:00+00:00,197,shipped,CUST-2221,synthetic,2025-03-30T00:00:00+00:00
b0b2d7e2-ff29-4d35-8d94-5f3ebcf7739e,Auto shipment 1321,68db2e0c-1613-41ae-a22c-4959cbb08fe6,2025-08-30T00:00:00+00:00,2025-08-31T05:06:00+00:00,193,shipped,CUST-8745,synthetic,2025-08-30T00:00:00+00:00
84ece680-8c48-42f7-8190-b1580c2c396c,Auto shipment 1322,1c21be0f-7a41-4fd2-98f6-829a3308a50a,2025-08-16T00:00:00+00:00,2025-08-17T07:55:00+00:00,183,shipped,CUST-5024,synthetic,2025-08-16T00:00:00+00:00
ef26781b-f42b-4d23-8ee3-5afe8ff04fde,Auto shipment 1323,68db2e0c-1613-41ae-a22c-4959cbb08fe6,2025-03-16T00:00:00+00:00,2025-03-20T07:33:00+00:00,373,shipped,CUST-9033,synthetic,2025-03-19T00:00:00+00:00
bd270f7c-99e5-4447-a7c0-705255935a97,Auto shipment 1324,68db2e0c-1613-41ae-a22c-4959cbb08fe6,2025-08-15T00:00:00+00:00,2025-08-16T05:53:00+00:00,287,shipped,CUST-3128,synthetic,2025-08-15T00:00:00+00:00
ec46101a-05b9-4c69-8ed4-bfd22ecd5d45,Auto shipment 1325,1c21be0f-7a41-4fd2-98f6-829a3308a50a,2025-01-27T00:00:00+00:00,2025-01-29T02:08:00+00:00,337,shipped,CUST-1160,synthetic,2025-01-28T00:00:00+00:00
a669b0dd-c057-41cf-a00a-5bf5206437a3,Auto shipment 1326,78b74b5c-e459-4f23-b196-79e2b104375d,2025-08-21T00:00:00+00:00,2025-08-23T02:47:00+00:00,277,shipped,CUST-3353,synthetic,2025-08-22T00:00:00+00:00
e27248d4-be0c-40d0-8b16-84f73c9cd0aa,Auto shipment 1327,68db2e0c-1613-41ae-a22c-4959cbb08fe6,2025-10-19T00:00:00+00:00,2025-10-23T11:26:00+00:00,212,shipped,CUST-8218,synthetic,2025-10-22T00:00:00+00:00
5f89c073-bed1-41a0-bcf2-a962ea083817,Auto shipment 1328,1c21be0f-7a41-4fd2-98f6-829a3308a50a,2025-01-03T00:00:00+00:00,2025-01-05T19:14:00+00:00,261,shipped,CUST-2599,synthetic,2025-01-04T00:00:00+00:00
69832e5a-359d-4c43-8a43-1afac2b0908a,Auto shipment 1329,1c21be0f-7a41-4fd2-98f6-829a3308a50a,2025-09-24T00:00:00+00:00,2025-09-27T04:43:00+00:00,299,shipped,CUST-5112,synthetic,2025-09-26T00:00:00+00:00
72ebb661-1ca8-4607-bcd4-782988684eef,Auto shipment 1330,1c21be0f-7a41-4fd2-98f6-829a3308a50a,2024-12-30T00:00:00+00:00,2025-01-03T05:21:00+00:00,200,shipped,CUST-5572,synthetic,2025-01-02T00:00:00+00:00
85923505-dffd-44cb-b7d6-d99be989d708,Auto shipment 1331,1c21be0f-7a41-4fd2-98f6-829a3308a50a,2025-10-28T00:00:00+00:00,2025-10-31T07:07:00+00:00,257,shipped,CUST-3138,synthetic,2025-10-30T00:00:00+00:00
11ce2c37-0cea-4f9b-a6af-0bfea5eedb74,Auto shipment 1332,78b74b5c-e459-4f23-b196-79e2b104375d,2025-02-01T00:00:00+00:00,2025-02-03T04:24:00+00:00,230,shipped,CUST-1960,synthetic,2025-02-02T00:00:00+00:00
148deadd-3b06-4c0c-b1e8-ea10f3d41b40,Auto shipment 1333,68db2e0c-1613-41ae-a22c-4959cbb08fe6,2025-10-29T00:00:00+00:00,2025-11-02T06:11:00+00:00,139,shipped,CUST-3652,synthetic,2025-11-01T00:00:00+00:00
8835a190-025f-4ff6-987b-3c5c65a45c8d,Auto shipment 1334,78b74b5c-e459-4f23-b196-79e2b104375d,2025-04-29T00:00:00+00:00,2025-05-01T07:03:00+00:00,241,shipped,CUST-9700,synthetic,2025-04-30T00:00:00+00:00
fd9f3227-0509-439e-ad43-cb5ebf390294,Auto shipment 1335,78b74b5c-e459-4f23-b196-79e2b104375d,2025-10-25T00:00:00+00:00,2025-10-26T14:26:00+00:00,379,shipped,CUST-6400,synthetic,2025-10-25T00:00:00+00:00
a911d526-6526-4018-bc61-3f17fde5677d,Auto shipment 1336,1c21be0f-7a41-4fd2-98f6-829a3308a50a,2025-01-22T00:00:00+00:00,2025-01-25T07:12:00+00:00,391,shipped,CUST-9238,synthetic,2025-01-24T00:00:00+00:00
e2e49867-aaaa-4780-8479-4cb1c53396b9,Auto shipment 1337,1c21be0f-7a41-4fd2-98f6-829a3308a50a,2025-03-22T00:00:00+00:00,2025-03-22T00:23:00+00:00,387,shipped,CUST-3410,synthetic,2025-03-21T00:00:00+00:00
d75e5476-c5c1-4502-9c2d-e8b1edb909a8,Auto shipment 1338,68db2e0c-1613-41ae-a22c-4959cbb08fe6,2025-09-25T00:00:00+00:00,2025-09-25T01:50:00+00:00,301,shipped,CUST-4482,synthetic,2025-09-24T00:00:00+00:00
272a44c0-b8fa-4982-86a1-b6b49d19ab76,Auto shipment 1339,1c21be0f-7a41-4fd2-98f6-829a3308a50a,2025-02-07T00:00:00+00:00,2025-02-08T12:11:00+00:00,421,shipped,CUST-6688,synthetic,2025-02-07T00:00:00+00:00
a000aa3b-f329-4b91-a0a7-cbe8dc9c767e,Auto shipment 1340,68db2e0c-1613-41ae-a22c-4959cbb08fe6,2025-04-25T00:00:00+00:00,2025-04-29T20:29:00+00:00,450,shipped,CUST-9615,synthetic,2025-04-28T00:00:00+00:00
1c44d598-6c8d-4f74-b23c-8eedc5f89e6c,Auto shipment 1341,1c21be0f-7a41-4fd2-98f6-829a3308a50a,2025-01-06T00:00:00+00:00,2025-01-08T05:18:00+00:00,131,shipped,CUST-1753,synthetic,2025-01-07T00:00:00+00:00
69cdd9ab-f099-4ae0-b9b6-79e11c25c289,Auto shipment 1342,68db2e0c-1613-41ae-a22c-4959cbb08fe6,2024-12-01T00:00:00+00:00,2024-12-04T11:00:00+00:00,247,shipped,CUST-3113,synthetic,2024-12-03T00:00:00+00:00
0bd821f2-3fb6-4e68-9222-3ec8380a2c4a,Auto shipment 1343,1c21be0f-7a41-4fd2-98f6-829a3308a50a,2025-05-30T00:00:00+00:00,2025-05-31T00:39:00+00:00,416,shipped,CUST-9040,synthetic,2025-05-30T00:00:00+00:00
0acfb0d5-7326-4204-8cca-55e30f9ec7aa,Auto shipment 1344,78b74b5c-e459-4f23-b196-79e2b104375d,2025-07-09T00:00:00+00:00,2025-07-10T08:27:00+00:00,156,shipped,CUST-4942,synthetic,2025-07-09T00:00:00+00:00
4a6e8781-507d-4c0b-b59c-81b49adfb45b,Auto shipment 1345,78b74b5c-e459-4f23-b196-79e2b104375d,2025-08-22T00:00:00+00:00,2025-08-26T02:45:00+00:00,446,shipped,CUST-5706,synthetic,2025-08-25T00:00:00+00:00
79a9b747-855a-476b-b045-d03827200bfd,Auto shipment 1346,1c21be0f-7a41-4fd2-98f6-829a3308a50a,2025-08-04T00:00:00+00:00,2025-08-07T14:41:00+00:00,152,shipped,CUST-4087,synthetic,2025-08-06T00:00:00+00:00
df801666-8677-44a3-9636-b3ed974e0dfe,Auto shipment 1347,1c21be0f-7a41-4fd2-98f6-829a3308a50a,2025-10-23T00:00:00+00:00,2025-10-24T17:16:00+00:00,149,shipped,CUST-5444,synthetic,2025-10-23T00:00:00+00:00
48ecfc8d-a543-41a9-8c54-ebb011b7c24a,Auto shipment 1348,1c21be0f-7a41-4fd2-98f6-829a3308a50a,2025-07-31T00:00:00+00:00,2025-07-31T06:07:00+00:00,399,shipped,CUST-5893,synthetic,2025-07-30T00:00:00+00:00
59926756-ca4c-4a29-bbaa-cfb65803a829,Auto shipment 1349,1c21be0f-7a41-4fd2-98f6-829a3308a50a,2024-12-16T00:00:00+00:00,2024-12-17T22:50:00+00:00,137,shipped,CUST-4937,synthetic,2024-12-16T00:00:00+00:00
e4b34f11-ea10-4343-8d24-fce219a34014,Auto shipment 1350,68db2e0c-1613-41ae-a22c-4959cbb08fe6,2025-09-11T00:00:00+00:00,2025-09-14T20:23:00+00:00,192,shipped,CUST-6549,synthetic,2025-09-13T00:00:00+00:00
5188c574-f571-4d27-823d-5bb975b40473,Auto shipment 1351,78b74b5c-e459-4f23-b196-79e2b104375d,2025-06-26T00:00:00+00:00,2025-06-27T11:20:00+00:00,226,shipped,CUST-2993,synthetic,2025-06-26T00:00:00+00:00
34e56b81-cbed-416f-89f6-1c41e0bc12b8,Auto shipment 1352,1c21be0f-7a41-4fd2-98f6-829a3308a50a,2024-11-20T00:00:00+00:00,2024-11-20T19:47:00+00:00,268,shipped,CUST-5003,synthetic,2024-11-19T00:00:00+00:00
6b1e7f40-f8e6-4daa-aefe-328bc96c1d5b,Auto shipment 1353,1c21be0f-7a41-4fd2-98f6-829a3308a50a,2025-07-23T00:00:00+00:00,2025-07-24T02:53:00+00:00,179,shipped,CUST-9086,synthetic,2025-07-23T00:00:00+00:00
bfef999a-9a4a-4628-a13c-317a846c363e,Auto shipment 1354,78b74b5c-e459-4f23-b196-79e2b104375d,2025-03-29T00:00:00+00:00,2025-03-30T15:05:00+00:00,155,shipped,CUST-2923,synthetic,2025-03-29T00:00:00+00:00
9a9d40e5-9737-4508-a943-c081a1246d3e,Auto shipment 1355,68db2e0c-1613-41ae-a22c-4959cbb08fe6,2025-07-17T00:00:00+00:00,2025-07-21T09:01:00+00:00,270,shipped,CUST-5304,synthetic,2025-07-20T00:00:00+00:00
5467a040-8c40-4ead-915c-5628ffc0a045,Auto shipment 1356,68db2e0c-1613-41ae-a22c-4959cbb08fe6,2025-04-17T00:00:00+00:00,2025-04-18T02:44:00+00:00,296,shipped,CUST-4601,synthetic,2025-04-17T00:00:00+00:00
2c46902c-b76c-4302-8743-19b80479a4c2,Auto shipment 1357,68db2e0c-1613-41ae-a22c-4959cbb08fe6,2025-06-09T00:00:00+00:00,2025-06-13T11:56:00+00:00,498,shipped,CUST-6319,synthetic,2025-06-12T00:00:00+00:00
1102b6f9-f2f1-4fd4-a1f9-d70217bcf2b9,Auto shipment 1358,78b74b5c-e459-4f23-b196-79e2b104375d,2025-09-09T00:00:00+00:00,2025-09-09T01:11:00+00:00,212,shipped,CUST-7703,synthetic,2025-09-08T00:00:00+00:00
67be2e75-1575-4d31-ad33-3e6d7d81e6c3,Auto shipment 1359,1c21be0f-7a41-4fd2-98f6-829a3308a50a,2025-07-28T00:00:00+00:00,2025-07-28T00:26:00+00:00,434,shipped,CUST-5463,synthetic,2025-07-27T00:00:00+00:00
afef788a-bbc4-4ff5-b345-527d4077a1b6,Auto shipment 1360,78b74b5c-e459-4f23-b196-79e2b104375d,2025-06-13T00:00:00+00:00,2025-06-17T12:49:00+00:00,236,shipped,CUST-2892,synthetic,2025-06-16T00:00:00+00:00
fe0ab9c9-a4be-4cdc-8d53-317dde836107,Auto shipment 1361,68db2e0c-1613-41ae-a22c-4959cbb08fe6,2025-07-01T00:00:00+00:00,2025-07-02T22:02:00+00:00,299,shipped,CUST-8712,synthetic,2025-07-01T00:00:00+00:00
9afbb38e-07ca-403f-9646-6f3f501c8361,Auto shipment 1362,78b74b5c-e459-4f23-b196-79e2b104375d,2025-01-24T00:00:00+00:00,2025-01-24T11:10:00+00:00,221,shipped,CUST-3164,synthetic,2025-01-23T00:00:00+00:00
4fa4fc66-f2f3-428d-a990-9a7fc0f86c14,Auto shipment 1363,68db2e0c-1613-41ae-a22c-4959cbb08fe6,2025-01-27T00:00:00+00:00,2025-01-27T01:03:00+00:00,149,shipped,CUST-8363,synthetic,2025-01-26T00:00:00+00:00
4c2b6f45-e0b7-46f1-8857-6f8133b4a02f,Auto shipment 1364,1c21be0f-7a41-4fd2-98f6-829a3308a50a,2025-09-26T00:00:00+00:00,2025-09-29T07:19:00+00:00,173,shipped,CUST-7852,synthetic,2025-09-28T00:00:00+00:00
6d8fc886-5d6f-40c9-912e-f7248de9f441,Auto shipment 1365,78b74b5c-e459-4f23-b196-79e2b104375d,2025-09-08T00:00:00+00:00,2025-09-09T13:40:00+00:00,103,shipped,CUST-1865,synthetic,2025-09-08T00:00:00+00:00
0c1d0bd9-e53f-4a53-a35e-3e220644a16d,Auto shipment 1366,68db2e0c-1613-41ae-a22c-4959cbb08fe6,2025-10-06T00:00:00+00:00,2025-10-10T00:57:00+00:00,157,shipped,CUST-4779,synthetic,2025-10-09T00:00:00+00:00
643b0a82-40f9-451d-b975-e69d36cd21c4,Auto shipment 1367,78b74b5c-e459-4f23-b196-79e2b104375d,2025-01-20T00:00:00+00:00,2025-01-21T07:54:00+00:00,99,shipped,CUST-6468,synthetic,2025-01-20T00:00:00+00:00
6898467b-3ac3-4504-9644-4b11447c1270,Auto shipment 1368,1c21be0f-7a41-4fd2-98f6-829a3308a50a,2025-03-17T00:00:00+00:00,2025-03-17T08:47:00+00:00,352,shipped,CUST-5786,synthetic,2025-03-16T00:00:00+00:00
191dc71f-fec1-43d4-9cb0-38bc4f05a63f,Auto shipment 1369,1c21be0f-7a41-4fd2-98f6-829a3308a50a,2025-05-21T00:00:00+00:00,2025-05-22T21:00:00+00:00,193,shipped,CUST-6475,synthetic,2025-05-21T00:00:00+00:00
5545352f-e127-4416-bd01-6c19f931a108,Auto shipment 1370,78b74b5c-e459-4f23-b196-79e2b104375d,2025-10-15T00:00:00+00:00,2025-10-17T01:15:00+00:00,453,shipped,CUST-4010,synthetic,2025-10-16T00:00:00+00:00
ab1efac3-4f0b-4fb2-b25d-2948792c5ee9,Auto shipment 1371,78b74b5c-e459-4f23-b196-79e2b104375d,2025-06-05T00:00:00+00:00,2025-06-09T09:40:00+00:00,186,shipped,CUST-6302,synthetic,2025-06-08T00:00:00+00:00
e994aff3-6fd3-4c6f-a409-62bda1e147a8,Auto shipment 1372,1c21be0f-7a41-4fd2-98f6-829a3308a50a,2025-10-19T00:00:00+00:00,2025-10-19T14:51:00+00:00,214,shipped,CUST-4440,synthetic,2025-10-18T00:00:00+00:00
d0989aa2-f1df-4469-b508-c2aebc82c069,Auto shipment 1373,68db2e0c-1613-41ae-a22c-4959cbb08fe6,2025-10-11T00:00:00+00:00,2025-10-11T15:38:00+00:00,375,shipped,CUST-6088,synthetic,2025-10-10T00:00:00+00:00
88b0785a-e6c6-4acd-9508-bde74e457719,Auto shipment 1374,78b74b5c-e459-4f23-b196-79e2b104375d,2025-03-17T00:00:00+00:00,2025-03-18T10:36:00+00:00,446,shipped,CUST-2642,synthetic,2025-03-17T00:00:00+00:00
fc284527-e72f-4e18-ac90-a2368d9bc55c,Auto shipment 1375,68db2e0c-1613-41ae-a22c-4959cbb08fe6,2025-10-31T00:00:00+00:00,2025-11-01T18:18:00+00:00,208,shipped,CUST-4911,synthetic,2025-10-31T00:00:00+00:00
06e4164d-ef78-4843-9427-d83635093ff9,Auto shipment 1376,68db2e0c-1613-41ae-a22c-4959cbb08fe6,2024-11-24T00:00:00+00:00,2024-11-28T03:04:00+00:00,249,shipped,CUST-5077,synthetic,2024-11-27T00:00:00+00:00
98048a6c-8563-44af-b926-9c7a66471859,Auto shipment 1377,1c21be0f-7a41-4fd2-98f6-829a3308a50a,2025-05-06T00:00:00+00:00,2025-05-06T00:10:00+00:00,320,shipped,CUST-6329,synthetic,2025-05-05T00:00:00+00:00
98c505a6-112c-4114-b778-ccdb49696961,Auto shipment 1378,1c21be0f-7a41-4fd2-98f6-829a3308a50a,2025-10-02T00:00:00+00:00,2025-10-05T08:37:00+00:00,384,shipped,CUST-1764,synthetic,2025-10-04T00:00:00+00:00
d532fdac-7a7c-41bb-a191-e83163c0877a,Auto shipment 1379,78b74b5c-e459-4f23-b196-79e2b104375d,2025-08-16T00:00:00+00:00,2025-08-19T10:14:00+00:00,131,shipped,CUST-2162,synthetic,2025-08-18T00:00:00+00:00
768e038f-ef0b-402e-84fd-96e66f5d9cf9,Auto shipment 1380,1c21be0f-7a41-4fd2-98f6-829a3308a50a,2025-02-14T00:00:00+00:00,2025-02-15T00:39:00+00:00,73,shipped,CUST-3030,synthetic,2025-02-14T00:00:00+00:00
37a93455-4a65-4987-a385-b0b382645d9c,Auto shipment 1381,1c21be0f-7a41-4fd2-98f6-829a3308a50a,2025-07-06T00:00:00+00:00,2025-07-07T17:34:00+00:00,105,shipped,CUST-5593,synthetic,2025-07-06T00:00:00+00:00
18086c82-dba2-4311-872e-a6b5261007be,Auto shipment 1382,68db2e0c-1613-41ae-a22c-4959cbb08fe6,2025-08-31T00:00:00+00:00,2025-09-04T10:08:00+00:00,149,shipped,CUST-7379,synthetic,2025-09-03T00:00:00+00:00
a3fe62f1-56f7-4fb8-abed-705d25b3cdef,Auto shipment 1383,68db2e0c-1613-41ae-a22c-4959cbb08fe6,2025-09-13T00:00:00+00:00,2025-09-14T05:23:00+00:00,471,shipped,CUST-8214,synthetic,2025-09-13T00:00:00+00:00
36f61e94-92f1-4316-8544-b97d7b427d57,Auto shipment 1384,78b74b5c-e459-4f23-b196-79e2b104375d,2025-11-04T00:00:00+00:00,2025-11-05T15:30:00+00:00,178,shipped,CUST-6564,synthetic,2025-11-04T00:00:00+00:00
17fc85ae-132e-4fd5-a0d2-1b363dfeb43d,Auto shipment 1385,1c21be0f-7a41-4fd2-98f6-829a3308a50a,2025-06-09T00:00:00+00:00,2025-06-12T22:47:00+00:00,226,shipped,CUST-5989,synthetic,2025-06-11T00:00:00+00:00
226c70e3-a978-4d46-8b7c-25e2032d08d4,Auto shipment 1386,78b74b5c-e459-4f23-b196-79e2b104375d,2024-12-29T00:00:00+00:00,2025-01-01T11:04:00+00:00,171,shipped,CUST-6766,synthetic,2024-12-31T00:00:00+00:00
a4720157-e30d-4e9b-b45d-7182bf8414f5,Auto shipment 1387,68db2e0c-1613-41ae-a22c-4959cbb08fe6,2025-01-09T00:00:00+00:00,2025-01-09T05:00:00+00:00,195,shipped,CUST-5997,synthetic,2025-01-08T00:00:00+00:00
330440da-3148-46cd-9325-f91b6915ebbc,Auto shipment 1388,78b74b5c-e459-4f23-b196-79e2b104375d,2025-09-10T00:00:00+00:00,2025-09-10T09:50:00+00:00,479,shipped,CUST-6933,synthetic,2025-09-09T00:00:00+00:00
9938e3dd-79b9-4839-906c-ae4e32a9048f,Auto shipment 1389,68db2e0c-1613-41ae-a22c-4959cbb08fe6,2025-05-03T00:00:00+00:00,2025-05-06T10:33:00+00:00,334,shipped,CUST-4265,synthetic,2025-05-05T00:00:00+00:00
43a9227d-ef7e-46ac-943e-f5ba302f5880,Auto shipment 1390,78b74b5c-e459-4f23-b196-79e2b104375d,2024-11-14T00:00:00+00:00,2024-11-18T01:44:00+00:00,311,shipped,CUST-8532,synthetic,2024-11-17T00:00:00+00:00
73bbaa23-e55d-4f65-9916-1ec86e77c7e0,Auto shipment 1391,68db2e0c-1613-41ae-a22c-4959cbb08fe6,2025-08-29T00:00:00+00:00,2025-08-29T07:16:00+00:00,366,shipped,CUST-1860,synthetic,2025-08-28T00:00:00+00:00
c10c12bd-cf71-4751-a65f-afc933f6dace,Auto shipment 1392,78b74b5c-e459-4f23-b196-79e2b104375d,2025-01-01T00:00:00+00:00,2025-01-05T22:39:00+00:00,187,shipped,CUST-3390,synthetic,2025-01-04T00:00:00+00:00
9c77cc72-48f7-40b5-99c3-747c1a41f2c5,Auto shipment 1393,1c21be0f-7a41-4fd2-98f6-829a3308a50a,2024-11-13T00:00:00+00:00,2024-11-16T13:37:00+00:00,203,shipped,CUST-6386,synthetic,2024-11-15T00:00:00+00:00
cae1f8d6-343e-4af7-941a-bf71e7446d33,Auto shipment 1394,1c21be0f-7a41-4fd2-98f6-829a3308a50a,2025-01-21T00:00:00+00:00,2025-01-21T19:30:00+00:00,363,shipped,CUST-3658,synthetic,2025-01-20T00:00:00+00:00
9098afae-db2d-430c-8ace-0d58a1ba38b9,Auto shipment 1395,78b74b5c-e459-4f23-b196-79e2b104375d,2025-10-13T00:00:00+00:00,2025-10-16T11:30:00+00:00,199,shipped,CUST-9394,synthetic,2025-10-15T00:00:00+00:00
b7a9a403-ef88-4c3d-bcd1-76eb699fcec1,Auto shipment 1396,1c21be0f-7a41-4fd2-98f6-829a3308a50a,2025-02-15T00:00:00+00:00,2025-02-18T15:53:00+00:00,378,shipped,CUST-5747,synthetic,2025-02-17T00:00:00+00:00
c88349a8-ab5d-43c7-992e-2a668df17f67,Auto shipment 1397,68db2e0c-1613-41ae-a22c-4959cbb08fe6,2025-05-28T00:00:00+00:00,2025-05-29T13:39:00+00:00,210,shipped,CUST-4984,synthetic,2025-05-28T00:00:00+00:00
17ccd585-c03e-476b-a9c9-6e19a87177cf,Auto shipment 1398,1c21be0f-7a41-4fd2-98f6-829a3308a50a,2025-02-01T00:00:00+00:00,2025-02-03T17:30:00+00:00,391,shipped,CUST-9133,synthetic,2025-02-02T00:00:00+00:00
4cfa10cd-60dd-465c-bb1a-81e851ac957e,Auto shipment 1399,68db2e0c-1613-41ae-a22c-4959cbb08fe6,2025-06-11T00:00:00+00:00,2025-06-11T16:57:00+00:00,311,shipped,CUST-6921,synthetic,2025-06-10T00:00:00+00:00
43f93cd2-35c8-46f0-b90b-7e60831780c6,Auto shipment 1400,1c21be0f-7a41-4fd2-98f6-829a3308a50a,2025-11-03T00:00:00+00:00,2025-11-04T15:18:00+00:00,456,shipped,CUST-6712,synthetic,2025-11-03T00:00:00+00:00
87d0910c-3b05-4253-a235-b955e58bedec,Auto shipment 1401,68db2e0c-1613-41ae-a22c-4959cbb08fe6,2025-03-05T00:00:00+00:00,2025-03-06T15:42:00+00:00,203,shipped,CUST-1087,synthetic,2025-03-05T00:00:00+00:00
dd7e6954-5e8b-4331-ad08-a75ea8bcc53b,Auto shipment 1402,78b74b5c-e459-4f23-b196-79e2b104375d,2024-11-26T00:00:00+00:00,2024-11-30T13:50:00+00:00,215,shipped,CUST-3255,synthetic,2024-11-29T00:00:00+00:00
1ea1a075-77f1-45bf-9113-d9a3d55ae840,Auto shipment 1403,68db2e0c-1613-41ae-a22c-4959cbb08fe6,2024-11-30T00:00:00+00:00,2024-12-04T14:30:00+00:00,401,shipped,CUST-8132,synthetic,2024-12-03T00:00:00+00:00
1f3f2e59-fd06-40fb-864e-08ad931e1f2f,Auto shipment 1404,1c21be0f-7a41-4fd2-98f6-829a3308a50a,2025-01-07T00:00:00+00:00,2025-01-08T12:49:00+00:00,388,shipped,CUST-3333,synthetic,2025-01-07T00:00:00+00:00
fc884b31-e86e-45ca-af1e-ad004e8fc79e,Auto shipment 1405,68db2e0c-1613-41ae-a22c-4959cbb08fe6,2024-11-18T00:00:00+00:00,2024-11-18T03:09:00+00:00,296,shipped,CUST-4514,synthetic,2024-11-17T00:00:00+00:00
fbf56d51-f55b-4bed-8159-895154b452b5,Auto shipment 1406,78b74b5c-e459-4f23-b196-79e2b104375d,2025-04-07T00:00:00+00:00,2025-04-08T03:26:00+00:00,146,shipped,CUST-2224,synthetic,2025-04-07T00:00:00+00:00
0ece750b-5e83-49dc-8299-304b96106f9b,Auto shipment 1407,68db2e0c-1613-41ae-a22c-4959cbb08fe6,2025-02-11T00:00:00+00:00,2025-02-14T19:47:00+00:00,261,shipped,CUST-3652,synthetic,2025-02-13T00:00:00+00:00
913ec73f-4390-4589-8d3d-93c9d90a14e5,Auto shipment 1408,68db2e0c-1613-41ae-a22c-4959cbb08fe6,2025-03-25T00:00:00+00:00,2025-03-25T12:53:00+00:00,238,shipped,CUST-9973,synthetic,2025-03-24T00:00:00+00:00
6916fc46-c394-450f-9289-daea60d6b300,Auto shipment 1409,78b74b5c-e459-4f23-b196-79e2b104375d,2025-06-15T00:00:00+00:00,2025-06-16T21:09:00+00:00,366,shipped,CUST-2967,synthetic,2025-06-15T00:00:00+00:00
77ed5ae0-2ee7-4dfb-b80a-8a7b8d0e8ddf,Auto shipment 1410,78b74b5c-e459-4f23-b196-79e2b104375d,2025-09-19T00:00:00+00:00,2025-09-22T15:11:00+00:00,335,shipped,CUST-8393,synthetic,2025-09-21T00:00:00+00:00
c43e0570-be4d-4b50-876c-70c4b8a64209,Auto shipment 1411,68db2e0c-1613-41ae-a22c-4959cbb08fe6,2025-09-12T00:00:00+00:00,2025-09-13T15:33:00+00:00,287,shipped,CUST-4962,synthetic,2025-09-12T00:00:00+00:00
d28e216d-0205-4cda-9eb0-3bc777630f9f,Auto shipment 1412,68db2e0c-1613-41ae-a22c-4959cbb08fe6,2025-03-04T00:00:00+00:00,2025-03-06T20:40:00+00:00,318,shipped,CUST-5307,synthetic,2025-03-05T00:00:00+00:00
cf178b5d-fca9-4b1d-b505-0d1f671a328c,Auto shipment 1413,68db2e0c-1613-41ae-a22c-4959cbb08fe6,2024-12-07T00:00:00+00:00,2024-12-07T00:21:00+00:00,144,shipped,CUST-9662,synthetic,2024-12-06T00:00:00+00:00
3deef4f3-ffdd-4a23-9236-9e06ad95d446,Auto shipment 1414,1c21be0f-7a41-4fd2-98f6-829a3308a50a,2025-07-28T00:00:00+00:00,2025-07-29T22:05:00+00:00,321,shipped,CUST-4733,synthetic,2025-07-28T00:00:00+00:00
e9104cc4-d8db-428b-bd0a-9decfcadc00e,Auto shipment 1415,68db2e0c-1613-41ae-a22c-4959cbb08fe6,2024-11-11T00:00:00+00:00,2024-11-14T11:34:00+00:00,202,shipped,CUST-6965,synthetic,2024-11-13T00:00:00+00:00
c998291a-a9f9-4f82-afa2-620c55ee506c,Auto shipment 1416,1c21be0f-7a41-4fd2-98f6-829a3308a50a,2025-10-31T00:00:00+00:00,2025-11-04T07:46:00+00:00,328,shipped,CUST-8668,synthetic,2025-11-03T00:00:00+00:00
f7fbf3e8-044e-48a2-8a9a-07fff4759691,Auto shipment 1417,1c21be0f-7a41-4fd2-98f6-829a3308a50a,2025-01-13T00:00:00+00:00,2025-01-16T19:34:00+00:00,260,shipped,CUST-2534,synthetic,2025-01-15T00:00:00+00:00
41962de1-c60c-494c-9ba9-f5d4b8a747e3,Auto shipment 1418,68db2e0c-1613-41ae-a22c-4959cbb08fe6,2025-01-16T00:00:00+00:00,2025-01-19T22:30:00+00:00,384,shipped,CUST-6228,synthetic,2025-01-18T00:00:00+00:00
69b39f82-aa12-4ef9-b1c4-48ec491deea2,Auto shipment 1419,1c21be0f-7a41-4fd2-98f6-829a3308a50a,2025-09-02T00:00:00+00:00,2025-09-03T09:17:00+00:00,199,shipped,CUST-4507,synthetic,2025-09-02T00:00:00+00:00
4740d03b-610c-44d9-934c-721daa5471ac,Auto shipment 1420,68db2e0c-1613-41ae-a22c-4959cbb08fe6,2025-02-11T00:00:00+00:00,2025-02-14T20:58:00+00:00,149,shipped,CUST-8720,synthetic,2025-02-13T00:00:00+00:00
c548279d-93b5-42b4-b03f-af096485f446,Auto shipment 1421,68db2e0c-1613-41ae-a22c-4959cbb08fe6,2025-02-22T00:00:00+00:00,2025-02-26T11:31:00+00:00,353,shipped,CUST-1772,synthetic,2025-02-25T00:00:00+00:00
61f561ad-0d5e-4660-95b0-7937470eead4,Auto shipment 1422,68db2e0c-1613-41ae-a22c-4959cbb08fe6,2025-09-12T00:00:00+00:00,2025-09-13T12:18:00+00:00,221,shipped,CUST-3212,synthetic,2025-09-12T00:00:00+00:00
3a610ae2-b64a-4d4c-a2f4-adc4dc3b69ff,Auto shipment 1423,78b74b5c-e459-4f23-b196-79e2b104375d,2025-02-11T00:00:00+00:00,2025-02-15T19:08:00+00:00,227,shipped,CUST-6218,synthetic,2025-02-14T00:00:00+00:00
71f3d615-beb5-4f9c-b685-96c9d9e360d6,Auto shipment 1424,78b74b5c-e459-4f23-b196-79e2b104375d,2025-09-21T00:00:00+00:00,2025-09-24T21:45:00+00:00,97,shipped,CUST-6122,synthetic,2025-09-23T00:00:00+00:00
150bb8ed-f508-4a8e-9bc5-8a98b6eab670,Auto shipment 1425,1c21be0f-7a41-4fd2-98f6-829a3308a50a,2025-10-07T00:00:00+00:00,2025-10-08T06:42:00+00:00,240,shipped,CUST-9517,synthetic,2025-10-07T00:00:00+00:00
39368767-f44a-4b12-a864-b1434ea514d1,Auto shipment 1426,1c21be0f-7a41-4fd2-98f6-829a3308a50a,2025-09-16T00:00:00+00:00,2025-09-17T17:01:00+00:00,256,shipped,CUST-2746,synthetic,2025-09-16T00:00:00+00:00
d9be3485-80d2-455f-a710-e642399c1c9f,Auto shipment 1427,1c21be0f-7a41-4fd2-98f6-829a3308a50a,2025-06-13T00:00:00+00:00,2025-06-16T06:14:00+00:00,78,shipped,CUST-6822,synthetic,2025-06-15T00:00:00+00:00
7ee0da61-197e-4960-8ab2-f69b75519e0e,Auto shipment 1428,68db2e0c-1613-41ae-a22c-4959cbb08fe6,2025-01-08T00:00:00+00:00,2025-01-10T21:38:00+00:00,385,shipped,CUST-7372,synthetic,2025-01-09T00:00:00+00:00
e39ef1b8-206b-4c45-ab23-35df9e3d489d,Auto shipment 1429,1c21be0f-7a41-4fd2-98f6-829a3308a50a,2025-03-19T00:00:00+00:00,2025-03-19T09:41:00+00:00,313,shipped,CUST-5739,synthetic,2025-03-18T00:00:00+00:00
b109b74b-9b97-475d-a1da-00d5dce1fbb7,Auto shipment 1430,68db2e0c-1613-41ae-a22c-4959cbb08fe6,2025-06-21T00:00:00+00:00,2025-06-21T07:49:00+00:00,303,shipped,CUST-3936,synthetic,2025-06-20T00:00:00+00:00
2793f981-b91e-4eac-bc21-fd7f5dffe480,Auto shipment 1431,78b74b5c-e459-4f23-b196-79e2b104375d,2025-02-14T00:00:00+00:00,2025-02-17T05:57:00+00:00,169,shipped,CUST-8524,synthetic,2025-02-16T00:00:00+00:00
09780f3b-d4ac-4d09-b908-5e6791c1a66f,Auto shipment 1432,68db2e0c-1613-41ae-a22c-4959cbb08fe6,2025-10-02T00:00:00+00:00,2025-10-04T17:19:00+00:00,338,shipped,CUST-5955,synthetic,2025-10-03T00:00:00+00:00
b7701414-6d14-4893-9ccf-ce005c276114,Auto shipment 1433,1c21be0f-7a41-4fd2-98f6-829a3308a50a,2025-02-26T00:00:00+00:00,2025-02-27T19:44:00+00:00,352,shipped,CUST-7947,synthetic,2025-02-26T00:00:00+00:00
d3f363af-1758-4510-81d8-370a368d76de,Auto shipment 1434,1c21be0f-7a41-4fd2-98f6-829a3308a50a,2024-12-24T00:00:00+00:00,2024-12-27T13:16:00+00:00,204,shipped,CUST-2721,synthetic,2024-12-26T00:00:00+00:00
0cf1d1ff-9d5c-4bb4-8b86-d27acfe040c2,Auto shipment 1435,78b74b5c-e459-4f23-b196-79e2b104375d,2025-06-02T00:00:00+00:00,2025-06-04T22:10:00+00:00,264,shipped,CUST-1971,synthetic,2025-06-03T00:00:00+00:00
1a734658-16d8-4403-b548-a0241ccd2b1d,Auto shipment 1436,68db2e0c-1613-41ae-a22c-4959cbb08fe6,2025-10-25T00:00:00+00:00,2025-10-29T01:36:00+00:00,331,shipped,CUST-8636,synthetic,2025-10-28T00:00:00+00:00
b4ad1adb-e125-434c-bbc8-5b5c4fd58cdd,Auto shipment 1437,1c21be0f-7a41-4fd2-98f6-829a3308a50a,2025-03-29T00:00:00+00:00,2025-03-30T12:33:00+00:00,289,shipped,CUST-5823,synthetic,2025-03-29T00:00:00+00:00
ac14fb5c-1bc6-4708-adc0-334f3d18de43,Auto shipment 1438,1c21be0f-7a41-4fd2-98f6-829a3308a50a,2025-01-14T00:00:00+00:00,2025-01-17T14:47:00+00:00,386,shipped,CUST-5260,synthetic,2025-01-16T00:00:00+00:00
b2aac992-7224-4193-9c13-573a9953aa13,Auto shipment 1439,68db2e0c-1613-41ae-a22c-4959cbb08fe6,2025-05-08T00:00:00+00:00,2025-05-08T19:45:00+00:00,505,shipped,CUST-1662,synthetic,2025-05-07T00:00:00+00:00
dc4322fa-e384-45b9-8ff6-c4d4b7bc947a,Auto shipment 1440,1c21be0f-7a41-4fd2-98f6-829a3308a50a,2025-04-16T00:00:00+00:00,2025-04-18T18:57:00+00:00,81,shipped,CUST-3975,synthetic,2025-04-17T00:00:00+00:00
a6caf175-e446-4b39-9cc2-dafa64cf0fa1,Auto shipment 1441,68db2e0c-1613-41ae-a22c-4959cbb08fe6,2025-06-12T00:00:00+00:00,2025-06-12T17:24:00+00:00,501,shipped,CUST-4313,synthetic,2025-06-11T00:00:00+00:00
9b9d47b0-f1e4-46eb-8192-909ac62e7bac,Auto shipment 1442,1c21be0f-7a41-4fd2-98f6-829a3308a50a,2024-11-11T00:00:00+00:00,2024-11-12T12:35:00+00:00,348,shipped,CUST-2108,synthetic,2024-11-11T00:00:00+00:00
dcd030c7-c818-44ef-9999-17aa683aac67,Auto shipment 1443,68db2e0c-1613-41ae-a22c-4959cbb08fe6,2024-11-25T00:00:00+00:00,2024-11-29T15:37:00+00:00,258,shipped,CUST-5845,synthetic,2024-11-28T00:00:00+00:00
5f456b1c-e659-4d14-90f7-02619737edef,Auto shipment 1444,68db2e0c-1613-41ae-a22c-4959cbb08fe6,2025-06-16T00:00:00+00:00,2025-06-18T19:16:00+00:00,358,shipped,CUST-3113,synthetic,2025-06-17T00:00:00+00:00
e0d50f79-d345-4dd5-8a77-ee62f499736c,Auto shipment 1445,68db2e0c-1613-41ae-a22c-4959cbb08fe6,2025-06-18T00:00:00+00:00,2025-06-19T11:10:00+00:00,175,shipped,CUST-3179,synthetic,2025-06-18T00:00:00+00:00
3cf5bdd2-1218-4bc7-98d5-fb6774280b46,Auto shipment 1446,68db2e0c-1613-41ae-a22c-4959cbb08fe6,2025-09-26T00:00:00+00:00,2025-09-26T00:07:00+00:00,442,shipped,CUST-7177,synthetic,2025-09-25T00:00:00+00:00
e77bf2fb-a841-41f1-9f31-243f02d74d20,Auto shipment 1447,78b74b5c-e459-4f23-b196-79e2b104375d,2025-07-27T00:00:00+00:00,2025-07-27T01:45:00+00:00,348,shipped,CUST-3190,synthetic,2025-07-26T00:00:00+00:00
8afd5d1e-085e-4408-971f-35b76023aa4b,Auto shipment 1448,68db2e0c-1613-41ae-a22c-4959cbb08fe6,2025-08-31T00:00:00+00:00,2025-09-02T17:05:00+00:00,305,shipped,CUST-8229,synthetic,2025-09-01T00:00:00+00:00
d5e33ce5-ac9d-4974-aae2-d1c0dc7111ed,Auto shipment 1449,78b74b5c-e459-4f23-b196-79e2b104375d,2024-12-09T00:00:00+00:00,2024-12-12T12:04:00+00:00,124,shipped,CUST-1014,synthetic,2024-12-11T00:00:00+00:00
619f07a8-7722-449a-b40f-699c5a446176,Auto shipment 1450,68db2e0c-1613-41ae-a22c-4959cbb08fe6,2025-10-27T00:00:00+00:00,2025-10-28T22:32:00+00:00,336,shipped,CUST-4065,synthetic,2025-10-27T00:00:00+00:00
cbd2af61-c4e7-4cca-bb2e-d7f9b0063846,Auto shipment 1451,78b74b5c-e459-4f23-b196-79e2b104375d,2024-11-27T00:00:00+00:00,2024-11-29T21:32:00+00:00,519,shipped,CUST-3483,synthetic,2024-11-28T00:00:00+00:00
7bd8cf7a-449d-40ee-8015-8aeb21b38251,Auto shipment 1452,68db2e0c-1613-41ae-a22c-4959cbb08fe6,2025-10-22T00:00:00+00:00,2025-10-26T07:41:00+00:00,240,shipped,CUST-5256,synthetic,2025-10-25T00:00:00+00:00
2583310c-3474-486d-b1f6-7f52a1ccbc8c,Auto shipment 1453,78b74b5c-e459-4f23-b196-79e2b104375d,2025-07-28T00:00:00+00:00,2025-07-28T00:22:00+00:00,337,shipped,CUST-1057,synthetic,2025-07-27T00:00:00+00:00
7976b175-d80e-4eb8-a7e6-c03bbc15311c,Auto shipment 1454,78b74b5c-e459-4f23-b196-79e2b104375d,2025-07-24T00:00:00+00:00,2025-07-28T15:06:00+00:00,362,shipped,CUST-3326,synthetic,2025-07-27T00:00:00+00:00
867e6959-8ce4-4e55-b0fc-103ea641181d,Auto shipment 1455,78b74b5c-e459-4f23-b196-79e2b104375d,2025-05-30T00:00:00+00:00,2025-05-30T09:01:00+00:00,281,shipped,CUST-8352,synthetic,2025-05-29T00:00:00+00:00
1dc59caa-fd73-4cce-93f6-4caa977eab61,Auto shipment 1456,68db2e0c-1613-41ae-a22c-4959cbb08fe6,2025-01-25T00:00:00+00:00,2025-01-29T10:44:00+00:00,335,shipped,CUST-9008,synthetic,2025-01-28T00:00:00+00:00
65e5ceb3-ca06-4fc0-9e72-1fc8d4ec92cf,Auto shipment 1457,68db2e0c-1613-41ae-a22c-4959cbb08fe6,2024-12-23T00:00:00+00:00,2024-12-24T12:31:00+00:00,191,shipped,CUST-6871,synthetic,2024-12-23T00:00:00+00:00
a4c7a590-2a12-4d9b-88a3-980f91b19fbb,Auto shipment 1458,78b74b5c-e459-4f23-b196-79e2b104375d,2025-06-19T00:00:00+00:00,2025-06-23T17:35:00+00:00,201,shipped,CUST-3367,synthetic,2025-06-22T00:00:00+00:00
522ef0c2-4109-4edc-8723-1181898c42c0,Auto shipment 1459,1c21be0f-7a41-4fd2-98f6-829a3308a50a,2025-05-28T00:00:00+00:00,2025-05-28T02:56:00+00:00,419,shipped,CUST-4828,synthetic,2025-05-27T00:00:00+00:00
cedea4a9-d254-4189-89c9-f9823f534251,Auto shipment 1460,1c21be0f-7a41-4fd2-98f6-829a3308a50a,2025-01-28T00:00:00+00:00,2025-01-28T20:46:00+00:00,235,shipped,CUST-6019,synthetic,2025-01-27T00:00:00+00:00
6276faec-921f-4eff-88a4-cbe080697401,Auto shipment 1461,78b74b5c-e459-4f23-b196-79e2b104375d,2025-10-22T00:00:00+00:00,2025-10-22T21:43:00+00:00,272,shipped,CUST-2659,synthetic,2025-10-21T00:00:00+00:00
33816968-fc5f-4f40-be73-18d2256dacfd,Auto shipment 1462,1c21be0f-7a41-4fd2-98f6-829a3308a50a,2025-09-12T00:00:00+00:00,2025-09-15T07:35:00+00:00,363,shipped,CUST-1968,synthetic,2025-09-14T00:00:00+00:00
34f21a81-2571-4001-8e14-2684e17d4e81,Auto shipment 1463,1c21be0f-7a41-4fd2-98f6-829a3308a50a,2025-09-13T00:00:00+00:00,2025-09-13T16:02:00+00:00,152,shipped,CUST-7810,synthetic,2025-09-12T00:00:00+00:00
c92928a3-bb3d-4e82-8221-222ccf8c9c40,Auto shipment 1464,68db2e0c-1613-41ae-a22c-4959cbb08fe6,2025-07-22T00:00:00+00:00,2025-07-23T20:44:00+00:00,313,shipped,CUST-1315,synthetic,2025-07-22T00:00:00+00:00
fbcd7c30-7c77-4015-b8a0-b1a5ed6e53ec,Auto shipment 1465,1c21be0f-7a41-4fd2-98f6-829a3308a50a,2025-08-10T00:00:00+00:00,2025-08-10T12:06:00+00:00,264,shipped,CUST-7505,synthetic,2025-08-09T00:00:00+00:00
e36de971-9ce2-484b-a795-58e6d1f5ce87,Auto shipment 1466,78b74b5c-e459-4f23-b196-79e2b104375d,2025-06-26T00:00:00+00:00,2025-06-30T10:23:00+00:00,466,shipped,CUST-1536,synthetic,2025-06-29T00:00:00+00:00
c1f0fb08-e079-477c-9a3d-56dff23f4e92,Auto shipment 1467,68db2e0c-1613-41ae-a22c-4959cbb08fe6,2025-08-31T00:00:00+00:00,2025-09-01T21:37:00+00:00,137,shipped,CUST-7123,synthetic,2025-08-31T00:00:00+00:00
fd786fde-13ca-441e-9761-23c8fe6c4060,Auto shipment 1468,78b74b5c-e459-4f23-b196-79e2b104375d,2025-02-08T00:00:00+00:00,2025-02-08T07:09:00+00:00,219,shipped,CUST-7490,synthetic,2025-02-07T00:00:00+00:00
58f7b82c-a4be-4d48-ae4c-049a59c1276a,Auto shipment 1469,68db2e0c-1613-41ae-a22c-4959cbb08fe6,2025-01-02T00:00:00+00:00,2025-01-04T00:43:00+00:00,432,shipped,CUST-5187,synthetic,2025-01-03T00:00:00+00:00
29bff813-d68f-442e-9961-df33585ac18e,Auto shipment 1470,78b74b5c-e459-4f23-b196-79e2b104375d,2025-11-04T00:00:00+00:00,2025-11-06T02:49:00+00:00,244,shipped,CUST-6799,synthetic,2025-11-05T00:00:00+00:00
34c67424-a713-4369-9e1c-02fea111b19e,Auto shipment 1471,78b74b5c-e459-4f23-b196-79e2b104375d,2025-11-06T00:00:00+00:00,2025-11-09T08:25:00+00:00,360,shipped,CUST-8833,synthetic,2025-11-08T00:00:00+00:00
07590797-e79a-4e65-b520-60ccb77c63f3,Auto shipment 1472,78b74b5c-e459-4f23-b196-79e2b104375d,2025-07-22T00:00:00+00:00,2025-07-23T20:06:00+00:00,424,shipped,CUST-8794,synthetic,2025-07-22T00:00:00+00:00
0ffb8592-2644-4058-bfb3-3945ee04116f,Auto shipment 1473,78b74b5c-e459-4f23-b196-79e2b104375d,2024-11-30T00:00:00+00:00,2024-12-01T10:30:00+00:00,152,shipped,CUST-9025,synthetic,2024-11-30T00:00:00+00:00
7c360dc1-5b48-4bae-ac57-338e3a9c0aa9,Auto shipment 1474,1c21be0f-7a41-4fd2-98f6-829a3308a50a,2025-08-10T00:00:00+00:00,2025-08-12T10:57:00+00:00,336,shipped,CUST-6358,synthetic,2025-08-11T00:00:00+00:00
bac39032-8845-4b70-9ec3-9f4e358f42c4,Auto shipment 1475,78b74b5c-e459-4f23-b196-79e2b104375d,2025-06-27T00:00:00+00:00,2025-07-01T18:24:00+00:00,268,shipped,CUST-8328,synthetic,2025-06-30T00:00:00+00:00
be42d1f8-65a7-4b8b-a29d-f9fd096f3d69,Auto shipment 1476,1c21be0f-7a41-4fd2-98f6-829a3308a50a,2025-03-07T00:00:00+00:00,2025-03-10T00:33:00+00:00,166,shipped,CUST-8843,synthetic,2025-03-09T00:00:00+00:00
acb7ffaa-0914-4f59-90c5-1201f00e10dd,Auto shipment 1477,1c21be0f-7a41-4fd2-98f6-829a3308a50a,2025-06-07T00:00:00+00:00,2025-06-07T00:56:00+00:00,296,shipped,CUST-6348,synthetic,2025-06-06T00:00:00+00:00
28eddb65-8e21-4a81-b11a-1f2a80aa2d61,Auto shipment 1478,78b74b5c-e459-4f23-b196-79e2b104375d,2025-09-26T00:00:00+00:00,2025-09-27T20:07:00+00:00,161,shipped,CUST-6499,synthetic,2025-09-26T00:00:00+00:00
545bcab6-c726-4f69-bc52-c834abe1578f,Auto shipment 1479,68db2e0c-1613-41ae-a22c-4959cbb08fe6,2024-12-12T00:00:00+00:00,2024-12-12T21:55:00+00:00,412,shipped,CUST-5678,synthetic,2024-12-11T00:00:00+00:00
c619652d-71d4-4a7a-afa7-7fc69f8e4057,Auto shipment 1480,68db2e0c-1613-41ae-a22c-4959cbb08fe6,2025-01-15T00:00:00+00:00,2025-01-19T11:22:00+00:00,314,shipped,CUST-5433,synthetic,2025-01-18T00:00:00+00:00
3255ee34-c33f-436f-ab24-aa19891a5ec8,Auto shipment 1481,1c21be0f-7a41-4fd2-98f6-829a3308a50a,2025-03-03T00:00:00+00:00,2025-03-06T03:18:00+00:00,142,shipped,CUST-2703,synthetic,2025-03-05T00:00:00+00:00
f1b5db81-4ddb-4bff-a7e9-74c1e5d1b3d8,Auto shipment 1482,68db2e0c-1613-41ae-a22c-4959cbb08fe6,2025-04-17T00:00:00+00:00,2025-04-19T18:43:00+00:00,401,shipped,CUST-3274,synthetic,2025-04-18T00:00:00+00:00
aefa2d00-7eda-4a9f-8dfe-26518a75f69d,Auto shipment 1483,1c21be0f-7a41-4fd2-98f6-829a3308a50a,2024-12-23T00:00:00+00:00,2024-12-26T15:46:00+00:00,135,shipped,CUST-4742,synthetic,2024-12-25T00:00:00+00:00
27a0c4be-7744-4478-b715-28b39ac971ae,Auto shipment 1484,78b74b5c-e459-4f23-b196-79e2b104375d,2025-07-03T00:00:00+00:00,2025-07-04T09:13:00+00:00,354,shipped,CUST-4572,synthetic,2025-07-03T00:00:00+00:00
f54e42d4-0792-490a-8667-2b8398daf1aa,Auto shipment 1485,1c21be0f-7a41-4fd2-98f6-829a3308a50a,2025-08-21T00:00:00+00:00,2025-08-25T01:18:00+00:00,361,shipped,CUST-2776,synthetic,2025-08-24T00:00:00+00:00
d272bf85-39e3-486e-bbe6-cd72eb1c943f,Auto shipment 1486,68db2e0c-1613-41ae-a22c-4959cbb08fe6,2025-07-17T00:00:00+00:00,2025-07-21T17:12:00+00:00,276,shipped,CUST-8732,synthetic,2025-07-20T00:00:00+00:00
ab67c2b3-47a6-4646-aa9c-62f619d48489,Auto shipment 1487,68db2e0c-1613-41ae-a22c-4959cbb08fe6,2025-02-15T00:00:00+00:00,2025-02-18T01:25:00+00:00,386,shipped,CUST-2885,synthetic,2025-02-17T00:00:00+00:00
69c77875-b1c1-4dca-9c73-cf43ee95db3b,Auto shipment 1488,68db2e0c-1613-41ae-a22c-4959cbb08fe6,2025-04-12T00:00:00+00:00,2025-04-13T20:11:00+00:00,443,shipped,CUST-9251,synthetic,2025-04-12T00:00:00+00:00
29f89183-f0e5-4f6b-9858-4b246dc45c3b,Auto shipment 1489,78b74b5c-e459-4f23-b196-79e2b104375d,2025-06-08T00:00:00+00:00,2025-06-12T07:06:00+00:00,363,shipped,CUST-9580,synthetic,2025-06-11T00:00:00+00:00
816dccc8-fc5c-4b04-92d2-e6c831087f46,Auto shipment 1490,78b74b5c-e459-4f23-b196-79e2b104375d,2024-12-10T00:00:00+00:00,2024-12-13T04:54:00+00:00,293,shipped,CUST-7540,synthetic,2024-12-12T00:00:00+00:00
419aa836-39f4-4e50-b9cf-dc98914ec0dc,Auto shipment 1491,78b74b5c-e459-4f23-b196-79e2b104375d,2025-11-05T00:00:00+00:00,2025-11-07T00:34:00+00:00,467,shipped,CUST-1451,synthetic,2025-11-06T00:00:00+00:00
c1eeea0f-3cd5-4a7b-84df-3231473c3bca,Auto shipment 1492,68db2e0c-1613-41ae-a22c-4959cbb08fe6,2025-02-24T00:00:00+00:00,2025-02-24T20:12:00+00:00,151,shipped,CUST-4756,synthetic,2025-02-23T00:00:00+00:00
f995f4cc-15b1-48f6-bb7d-3d2030cd628a,Auto shipment 1493,1c21be0f-7a41-4fd2-98f6-829a3308a50a,2025-05-17T00:00:00+00:00,2025-05-17T18:15:00+00:00,379,shipped,CUST-6837,synthetic,2025-05-16T00:00:00+00:00
652b99ea-4b67-4c1b-a896-1250eb98f9df,Auto shipment 1494,1c21be0f-7a41-4fd2-98f6-829a3308a50a,2024-12-18T00:00:00+00:00,2024-12-19T03:20:00+00:00,229,shipped,CUST-5976,synthetic,2024-12-18T00:00:00+00:00
cbfc713e-a4d2-4b7a-93af-509e5f525193,Auto shipment 1495,1c21be0f-7a41-4fd2-98f6-829a3308a50a,2024-12-03T00:00:00+00:00,2024-12-06T04:51:00+00:00,182,shipped,CUST-5753,synthetic,2024-12-05T00:00:00+00:00
4671efe4-acb8-4d72-aa23-59d822081221,Auto shipment 1496,78b74b5c-e459-4f23-b196-79e2b104375d,2025-10-18T00:00:00+00:00,2025-10-22T16:10:00+00:00,175,shipped,CUST-4035,synthetic,2025-10-21T00:00:00+00:00
68205c92-6019-4044-8944-8223997eac1e,Auto shipment 1497,68db2e0c-1613-41ae-a22c-4959cbb08fe6,2024-12-22T00:00:00+00:00,2024-12-22T09:01:00+00:00,206,shipped,CUST-5661,synthetic,2024-12-21T00:00:00+00:00
cf1b079c-567e-4686-9479-e0e8f5b6ebd0,Auto shipment 1498,78b74b5c-e459-4f23-b196-79e2b104375d,2025-01-13T00:00:00+00:00,2025-01-15T15:45:00+00:00,153,shipped,CUST-6456,synthetic,2025-01-14T00:00:00+00:00
2549693e-6919-4639-9705-8bf7951aef60,Auto shipment 1499,68db2e0c-1613-41ae-a22c-4959cbb08fe6,2024-11-12T00:00:00+00:00,2024-11-16T12:46:00+00:00,237,shipped,CUST-6106,synthetic,2024-11-15T00:00:00+00:00
8cedf80b-32ae-4717-9fab-cf1a359a6873,Auto shipment 1500,68db2e0c-1613-41ae-a22c-4959cbb08fe6,2024-11-10T00:00:00+00:00,2024-11-14T11:54:00+00:00,277,shipped,CUST-2211,synthetic,2024-11-13T00:00:00+00:00
34aec5fd-deca-4d53-bb71-24ed7a009159,Auto shipment 1501,78b74b5c-e459-4f23-b196-79e2b104375d,2025-10-24T00:00:00+00:00,2025-10-28T22:30:00+00:00,433,shipped,CUST-7870,synthetic,2025-10-27T00:00:00+00:00
c4902ea7-7705-4722-b07f-4789fa9cc824,Auto shipment 1502,78b74b5c-e459-4f23-b196-79e2b104375d,2025-04-08T00:00:00+00:00,2025-04-10T02:09:00+00:00,330,shipped,CUST-4386,synthetic,2025-04-09T00:00:00+00:00
fdea3d57-a78a-46ad-a6bd-742a05688028,Auto shipment 1503,78b74b5c-e459-4f23-b196-79e2b104375d,2025-06-01T00:00:00+00:00,2025-06-01T05:30:00+00:00,495,shipped,CUST-2471,synthetic,2025-05-31T00:00:00+00:00
25aa15ae-c9b0-4954-b149-80329b5572a0,Auto shipment 1504,1c21be0f-7a41-4fd2-98f6-829a3308a50a,2024-12-29T00:00:00+00:00,2025-01-02T09:20:00+00:00,201,shipped,CUST-5669,synthetic,2025-01-01T00:00:00+00:00
3bc74ade-79c0-49cd-adbd-d333b0d38ec0,Auto shipment 1505,68db2e0c-1613-41ae-a22c-4959cbb08fe6,2025-06-15T00:00:00+00:00,2025-06-16T11:37:00+00:00,271,shipped,CUST-5066,synthetic,2025-06-15T00:00:00+00:00
efe4c84d-83cf-4f8d-a436-c8f1a9becafe,Auto shipment 1506,78b74b5c-e459-4f23-b196-79e2b104375d,2025-03-01T00:00:00+00:00,2025-03-02T03:21:00+00:00,269,shipped,CUST-5385,synthetic,2025-03-01T00:00:00+00:00
09f03cdf-1ea0-487b-bca9-61bcdc895a8b,Auto shipment 1507,78b74b5c-e459-4f23-b196-79e2b104375d,2025-04-11T00:00:00+00:00,2025-04-12T17:17:00+00:00,310,shipped,CUST-8146,synthetic,2025-04-11T00:00:00+00:00
4e5a0a0f-af20-449b-9d93-f9e66eac18f2,Auto shipment 1508,68db2e0c-1613-41ae-a22c-4959cbb08fe6,2025-10-01T00:00:00+00:00,2025-10-01T10:30:00+00:00,265,shipped,CUST-4728,synthetic,2025-09-30T00:00:00+00:00
1192c1fc-6ca9-422a-9ac7-f3d4387e5e2f,Auto shipment 1509,68db2e0c-1613-41ae-a22c-4959cbb08fe6,2024-12-02T00:00:00+00:00,2024-12-05T01:01:00+00:00,306,shipped,CUST-2445,synthetic,2024-12-04T00:00:00+00:00
cbf8f7c5-0bbb-4dea-af39-1dbc59ebf34a,Auto shipment 1510,1c21be0f-7a41-4fd2-98f6-829a3308a50a,2025-11-06T00:00:00+00:00,2025-11-09T11:33:00+00:00,256,shipped,CUST-1044,synthetic,2025-11-08T00:00:00+00:00
fc4eaa49-e58b-4ef5-8db1-d0170d4f96a6,Auto shipment 1511,78b74b5c-e459-4f23-b196-79e2b104375d,2025-03-06T00:00:00+00:00,2025-03-09T10:22:00+00:00,497,shipped,CUST-9543,synthetic,2025-03-08T00:00:00+00:00
c9e6c43a-17e9-47bb-93d5-91d8ee387696,Auto shipment 1512,78b74b5c-e459-4f23-b196-79e2b104375d,2025-09-06T00:00:00+00:00,2025-09-09T12:19:00+00:00,409,shipped,CUST-9626,synthetic,2025-09-08T00:00:00+00:00
674c8e99-3ac0-4a9b-a8c4-f537206e8ace,Auto shipment 1513,1c21be0f-7a41-4fd2-98f6-829a3308a50a,2024-12-28T00:00:00+00:00,2024-12-29T20:10:00+00:00,134,shipped,CUST-6775,synthetic,2024-12-28T00:00:00+00:00
3c938bce-5af6-4370-8fa2-aa55c3a2e0f7,Auto shipment 1514,78b74b5c-e459-4f23-b196-79e2b104375d,2025-03-07T00:00:00+00:00,2025-03-09T20:32:00+00:00,119,shipped,CUST-9750,synthetic,2025-03-08T00:00:00+00:00
d73bea28-1374-4775-8aa4-1a3ff374633d,Auto shipment 1515,1c21be0f-7a41-4fd2-98f6-829a3308a50a,2025-06-07T00:00:00+00:00,2025-06-07T20:25:00+00:00,534,shipped,CUST-5641,synthetic,2025-06-06T00:00:00+00:00
977223bd-17e6-4570-b967-8298bd73d811,Auto shipment 1516,78b74b5c-e459-4f23-b196-79e2b104375d,2025-06-29T00:00:00+00:00,2025-07-02T20:51:00+00:00,231,shipped,CUST-2854,synthetic,2025-07-01T00:00:00+00:00
cb455fbb-cad3-4dcf-a68d-a690df04bb49,Auto shipment 1517,1c21be0f-7a41-4fd2-98f6-829a3308a50a,2025-02-05T00:00:00+00:00,2025-02-06T19:51:00+00:00,102,shipped,CUST-5223,synthetic,2025-02-05T00:00:00+00:00
c1c2647a-9983-4bf8-8f96-f12648376c0e,Auto shipment 1518,78b74b5c-e459-4f23-b196-79e2b104375d,2025-02-22T00:00:00+00:00,2025-02-24T10:14:00+00:00,350,shipped,CUST-8441,synthetic,2025-02-23T00:00:00+00:00
381f44ac-f045-4bb5-9301-96c7824ff662,Auto shipment 1519,78b74b5c-e459-4f23-b196-79e2b104375d,2025-03-23T00:00:00+00:00,2025-03-23T16:26:00+00:00,130,shipped,CUST-4738,synthetic,2025-03-22T00:00:00+00:00
dfa0125e-dbb8-4e1d-956d-5556cdd0bad6,Auto shipment 1520,78b74b5c-e459-4f23-b196-79e2b104375d,2025-09-04T00:00:00+00:00,2025-09-05T02:46:00+00:00,180,shipped,CUST-6768,synthetic,2025-09-04T00:00:00+00:00
98715b47-bc00-4775-bd20-c8b6bbcb6516,Auto shipment 1521,78b74b5c-e459-4f23-b196-79e2b104375d,2025-05-27T00:00:00+00:00,2025-05-27T03:43:00+00:00,299,shipped,CUST-1765,synthetic,2025-05-26T00:00:00+00:00
4792a589-7d4c-487b-9fa1-ca585b12e7ca,Auto shipment 1522,1c21be0f-7a41-4fd2-98f6-829a3308a50a,2025-11-03T00:00:00+00:00,2025-11-03T10:38:00+00:00,277,shipped,CUST-3736,synthetic,2025-11-02T00:00:00+00:00
89b64a81-54bc-48cd-9337-8227de65d71f,Auto shipment 1523,1c21be0f-7a41-4fd2-98f6-829a3308a50a,2025-05-22T00:00:00+00:00,2025-05-22T08:17:00+00:00,109,shipped,CUST-1275,synthetic,2025-05-21T00:00:00+00:00
6357fe5b-5660-40b4-8b9e-feef31061ecd,Auto shipment 1524,78b74b5c-e459-4f23-b196-79e2b104375d,2025-09-16T00:00:00+00:00,2025-09-19T07:10:00+00:00,357,shipped,CUST-9316,synthetic,2025-09-18T00:00:00+00:00
2058dead-7f8c-4e68-9011-132cf00c170b,Auto shipment 1525,68db2e0c-1613-41ae-a22c-4959cbb08fe6,2025-10-23T00:00:00+00:00,2025-10-27T05:21:00+00:00,274,shipped,CUST-9424,synthetic,2025-10-26T00:00:00+00:00
32d4d601-f235-4ba5-8391-e8477f67a568,Auto shipment 1526,68db2e0c-1613-41ae-a22c-4959cbb08fe6,2025-09-11T00:00:00+00:00,2025-09-11T12:01:00+00:00,342,shipped,CUST-5163,synthetic,2025-09-10T00:00:00+00:00
ae676116-cdca-4c9f-b2b0-7141992b9bd5,Auto shipment 1527,1c21be0f-7a41-4fd2-98f6-829a3308a50a,2025-01-03T00:00:00+00:00,2025-01-07T03:11:00+00:00,416,shipped,CUST-2416,synthetic,2025-01-06T00:00:00+00:00
deecca45-0b13-46b6-8cbd-d67ded809d10,Auto shipment 1528,68db2e0c-1613-41ae-a22c-4959cbb08fe6,2025-01-10T00:00:00+00:00,2025-01-14T09:57:00+00:00,373,shipped,CUST-7902,synthetic,2025-01-13T00:00:00+00:00
5bacd680-e0db-4f10-b761-c2d8ea5ade4c,Auto shipment 1529,68db2e0c-1613-41ae-a22c-4959cbb08fe6,2025-01-21T00:00:00+00:00,2025-01-22T13:10:00+00:00,399,shipped,CUST-3933,synthetic,2025-01-21T00:00:00+00:00
c68b2ded-4253-4e0f-804b-abdd3540c479,Auto shipment 1530,68db2e0c-1613-41ae-a22c-4959cbb08fe6,2025-01-07T00:00:00+00:00,2025-01-07T11:39:00+00:00,344,shipped,CUST-4004,synthetic,2025-01-06T00:00:00+00:00
925f6912-2392-4fba-82d3-f3c6774d76fc,Auto shipment 1531,68db2e0c-1613-41ae-a22c-4959cbb08fe6,2025-02-03T00:00:00+00:00,2025-02-06T22:03:00+00:00,359,shipped,CUST-9812,synthetic,2025-02-05T00:00:00+00:00
4751b6be-2424-486a-aac5-7d2d0e12c021,Auto shipment 1532,68db2e0c-1613-41ae-a22c-4959cbb08fe6,2025-09-26T00:00:00+00:00,2025-09-29T14:05:00+00:00,310,shipped,CUST-3941,synthetic,2025-09-28T00:00:00+00:00
f07aae55-b347-414c-8ed2-a2d5246edd8d,Auto shipment 1533,78b74b5c-e459-4f23-b196-79e2b104375d,2025-03-23T00:00:00+00:00,2025-03-23T20:50:00+00:00,268,shipped,CUST-6869,synthetic,2025-03-22T00:00:00+00:00
367a2ac0-729e-46d0-8ba7-3e173b8b2d02,Auto shipment 1534,68db2e0c-1613-41ae-a22c-4959cbb08fe6,2025-07-27T00:00:00+00:00,2025-07-27T04:17:00+00:00,312,shipped,CUST-8796,synthetic,2025-07-26T00:00:00+00:00
99df4c36-8860-4c5b-81a9-dd698be56bbf,Auto shipment 1535,78b74b5c-e459-4f23-b196-79e2b104375d,2025-05-08T00:00:00+00:00,2025-05-12T02:20:00+00:00,527,shipped,CUST-6084,synthetic,2025-05-11T00:00:00+00:00
cec1fa4d-9b60-47da-9c72-9c1ce932100b,Auto shipment 1536,68db2e0c-1613-41ae-a22c-4959cbb08fe6,2024-12-26T00:00:00+00:00,2024-12-29T12:45:00+00:00,250,shipped,CUST-6388,synthetic,2024-12-28T00:00:00+00:00
13b99d1f-0deb-4d14-9531-19655db1082b,Auto shipment 1537,78b74b5c-e459-4f23-b196-79e2b104375d,2025-10-24T00:00:00+00:00,2025-10-25T15:11:00+00:00,214,shipped,CUST-7044,synthetic,2025-10-24T00:00:00+00:00
1540ddf9-d43f-4004-a738-a006bce9deb7,Auto shipment 1538,1c21be0f-7a41-4fd2-98f6-829a3308a50a,2025-01-31T00:00:00+00:00,2025-02-02T03:01:00+00:00,124,shipped,CUST-3072,synthetic,2025-02-01T00:00:00+00:00
4f71edc1-3cca-469f-b7a6-6a501e33caf1,Auto shipment 1539,68db2e0c-1613-41ae-a22c-4959cbb08fe6,2024-12-23T00:00:00+00:00,2024-12-27T22:24:00+00:00,363,shipped,CUST-4175,synthetic,2024-12-26T00:00:00+00:00
a3f15c4b-a135-449c-94c4-8d5cd1f2488c,Auto shipment 1540,78b74b5c-e459-4f23-b196-79e2b104375d,2025-02-03T00:00:00+00:00,2025-02-07T10:11:00+00:00,181,shipped,CUST-2384,synthetic,2025-02-06T00:00:00+00:00
9230bd4d-e716-40ff-a68e-326760e89836,Auto shipment 1541,1c21be0f-7a41-4fd2-98f6-829a3308a50a,2025-05-28T00:00:00+00:00,2025-06-01T09:01:00+00:00,320,shipped,CUST-1297,synthetic,2025-05-31T00:00:00+00:00
56518b72-b391-4ed6-9a67-0f8b6fafaf41,Auto shipment 1542,78b74b5c-e459-4f23-b196-79e2b104375d,2025-01-14T00:00:00+00:00,2025-01-17T01:58:00+00:00,344,shipped,CUST-8799,synthetic,2025-01-16T00:00:00+00:00
239a3f2a-7518-4f44-8b69-b83f5ba2563d,Auto shipment 1543,78b74b5c-e459-4f23-b196-79e2b104375d,2025-06-24T00:00:00+00:00,2025-06-26T03:36:00+00:00,236,shipped,CUST-2091,synthetic,2025-06-25T00:00:00+00:00
23a1fe18-fdc7-4498-9e6c-34f130ce2931,Auto shipment 1544,68db2e0c-1613-41ae-a22c-4959cbb08fe6,2025-05-28T00:00:00+00:00,2025-05-31T02:36:00+00:00,455,shipped,CUST-7067,synthetic,2025-05-30T00:00:00+00:00
8a475f74-9fe0-4864-b88c-9b1a6cc5372a,Auto shipment 1545,78b74b5c-e459-4f23-b196-79e2b104375d,2025-06-01T00:00:00+00:00,2025-06-03T14:57:00+00:00,257,shipped,CUST-4588,synthetic,2025-06-02T00:00:00+00:00
779c0347-b91f-4e15-838d-16e960856925,Auto shipment 1546,1c21be0f-7a41-4fd2-98f6-829a3308a50a,2025-02-01T00:00:00+00:00,2025-02-04T17:53:00+00:00,179,shipped,CUST-3608,synthetic,2025-02-03T00:00:00+00:00
02a542e6-80f7-4246-87be-791055155b66,Auto shipment 1547,68db2e0c-1613-41ae-a22c-4959cbb08fe6,2025-07-28T00:00:00+00:00,2025-07-29T17:21:00+00:00,129,shipped,CUST-7301,synthetic,2025-07-28T00:00:00+00:00
5e73e4b0-d44f-43ad-955e-32c8035bf2e1,Auto shipment 1548,68db2e0c-1613-41ae-a22c-4959cbb08fe6,2025-07-18T00:00:00+00:00,2025-07-20T10:25:00+00:00,132,shipped,CUST-1964,synthetic,2025-07-19T00:00:00+00:00
f4cb0b95-31e6-429b-a594-3a616415b980,Auto shipment 1549,78b74b5c-e459-4f23-b196-79e2b104375d,2025-10-11T00:00:00+00:00,2025-10-13T07:35:00+00:00,151,shipped,CUST-3418,synthetic,2025-10-12T00:00:00+00:00
5834d2d0-0f4c-4013-adb6-5bbacc24eae3,Auto shipment 1550,78b74b5c-e459-4f23-b196-79e2b104375d,2025-03-10T00:00:00+00:00,2025-03-14T05:30:00+00:00,146,shipped,CUST-9510,synthetic,2025-03-13T00:00:00+00:00
499fbc8d-45fd-43de-b527-63c7f6885774,Auto shipment 1551,68db2e0c-1613-41ae-a22c-4959cbb08fe6,2025-02-06T00:00:00+00:00,2025-02-08T02:27:00+00:00,366,shipped,CUST-2505,synthetic,2025-02-07T00:00:00+00:00
6e024e59-ece3-4dcc-b5fb-cba032cde23f,Auto shipment 1552,1c21be0f-7a41-4fd2-98f6-829a3308a50a,2024-11-13T00:00:00+00:00,2024-11-17T16:36:00+00:00,234,shipped,CUST-7367,synthetic,2024-11-16T00:00:00+00:00
d2d4ab91-b8f9-482f-8582-2c96805ab073,Auto shipment 1553,78b74b5c-e459-4f23-b196-79e2b104375d,2025-10-14T00:00:00+00:00,2025-10-18T06:58:00+00:00,185,shipped,CUST-2712,synthetic,2025-10-17T00:00:00+00:00
babd3728-9b6b-4c9f-bfc4-1be08d9966bc,Auto shipment 1554,68db2e0c-1613-41ae-a22c-4959cbb08fe6,2025-08-16T00:00:00+00:00,2025-08-16T14:53:00+00:00,184,shipped,CUST-1799,synthetic,2025-08-15T00:00:00+00:00
4d040854-c905-4c20-a286-72129cebfd40,Auto shipment 1555,1c21be0f-7a41-4fd2-98f6-829a3308a50a,2025-09-21T00:00:00+00:00,2025-09-21T00:30:00+00:00,211,shipped,CUST-9741,synthetic,2025-09-20T00:00:00+00:00
01fad646-7e37-4b1d-bcc0-fafb9d31af30,Auto shipment 1556,78b74b5c-e459-4f23-b196-79e2b104375d,2025-08-25T00:00:00+00:00,2025-08-29T14:30:00+00:00,404,shipped,CUST-8482,synthetic,2025-08-28T00:00:00+00:00
43e0aba7-2e60-4d74-8ade-ff474f7c1a1e,Auto shipment 1557,1c21be0f-7a41-4fd2-98f6-829a3308a50a,2025-06-05T00:00:00+00:00,2025-06-06T04:03:00+00:00,233,shipped,CUST-3239,synthetic,2025-06-05T00:00:00+00:00
ea58312a-6b27-45c8-a635-d07b830c42b5,Auto shipment 1558,1c21be0f-7a41-4fd2-98f6-829a3308a50a,2025-04-01T00:00:00+00:00,2025-04-03T02:10:00+00:00,202,shipped,CUST-5531,synthetic,2025-04-02T00:00:00+00:00
587048d9-32b7-41a7-bdd5-dbf8abd79dde,Auto shipment 1559,68db2e0c-1613-41ae-a22c-4959cbb08fe6,2025-06-11T00:00:00+00:00,2025-06-13T17:26:00+00:00,413,shipped,CUST-1584,synthetic,2025-06-12T00:00:00+00:00
898e930f-e29e-44b2-a915-4155a0c47bcb,Auto shipment 1560,68db2e0c-1613-41ae-a22c-4959cbb08fe6,2025-05-15T00:00:00+00:00,2025-05-15T20:50:00+00:00,401,shipped,CUST-5240,synthetic,2025-05-14T00:00:00+00:00
6ec1f154-adcc-4836-a257-75ac140748ba,Auto shipment 1561,68db2e0c-1613-41ae-a22c-4959cbb08fe6,2025-04-19T00:00:00+00:00,2025-04-20T04:54:00+00:00,482,shipped,CUST-9507,synthetic,2025-04-19T00:00:00+00:00
d24baa1d-eae0-44ef-9508-5b719ab6d7b0,Auto shipment 1562,1c21be0f-7a41-4fd2-98f6-829a3308a50a,2025-08-21T00:00:00+00:00,2025-08-25T08:11:00+00:00,354,shipped,CUST-8724,synthetic,2025-08-24T00:00:00+00:00
cb68319c-eb00-4cca-8df5-eecd0b0fe026,Auto shipment 1563,68db2e0c-1613-41ae-a22c-4959cbb08fe6,2025-05-08T00:00:00+00:00,2025-05-11T16:12:00+00:00,253,shipped,CUST-6627,synthetic,2025-05-10T00:00:00+00:00
f20315b1-41c9-42b3-9bce-a08595b76f42,Auto shipment 1564,1c21be0f-7a41-4fd2-98f6-829a3308a50a,2024-12-06T00:00:00+00:00,2024-12-07T19:41:00+00:00,257,shipped,CUST-3774,synthetic,2024-12-06T00:00:00+00:00
c6f3832a-2c15-4767-9b86-2e471add8ddb,Auto shipment 1565,1c21be0f-7a41-4fd2-98f6-829a3308a50a,2025-01-04T00:00:00+00:00,2025-01-08T22:11:00+00:00,216,shipped,CUST-2040,synthetic,2025-01-07T00:00:00+00:00
a06329d8-344c-4160-bb6b-fe2d79a51e69,Auto shipment 1566,1c21be0f-7a41-4fd2-98f6-829a3308a50a,2025-03-14T00:00:00+00:00,2025-03-15T15:14:00+00:00,292,shipped,CUST-3991,synthetic,2025-03-14T00:00:00+00:00
02803082-b9bb-4af9-b23f-fd90213282be,Auto shipment 1567,68db2e0c-1613-41ae-a22c-4959cbb08fe6,2025-07-24T00:00:00+00:00,2025-07-24T22:06:00+00:00,109,shipped,CUST-6848,synthetic,2025-07-23T00:00:00+00:00
51bef80c-af50-4331-8562-8440d9fb2a2c,Auto shipment 1568,1c21be0f-7a41-4fd2-98f6-829a3308a50a,2024-11-10T00:00:00+00:00,2024-11-13T21:29:00+00:00,364,shipped,CUST-5186,synthetic,2024-11-12T00:00:00+00:00
22ba6fdd-df59-4882-a6d8-4a82ca0430c1,Auto shipment 1569,78b74b5c-e459-4f23-b196-79e2b104375d,2025-03-27T00:00:00+00:00,2025-03-29T12:47:00+00:00,132,shipped,CUST-2479,synthetic,2025-03-28T00:00:00+00:00
fbdc0145-6d13-4674-be2a-c32c35cea703,Auto shipment 1570,1c21be0f-7a41-4fd2-98f6-829a3308a50a,2025-02-08T00:00:00+00:00,2025-02-11T22:48:00+00:00,115,shipped,CUST-5146,synthetic,2025-02-10T00:00:00+00:00
87d75487-084a-4dfa-8427-9590560dda8a,Auto shipment 1571,68db2e0c-1613-41ae-a22c-4959cbb08fe6,2025-07-26T00:00:00+00:00,2025-07-26T02:51:00+00:00,431,shipped,CUST-8306,synthetic,2025-07-25T00:00:00+00:00
a1c71283-b0e8-4579-8c12-1956048ff8a9,Auto shipment 1572,68db2e0c-1613-41ae-a22c-4959cbb08fe6,2025-01-30T00:00:00+00:00,2025-02-02T19:01:00+00:00,295,shipped,CUST-4413,synthetic,2025-02-01T00:00:00+00:00
ee4aefeb-0233-4d7f-aa96-e169405a7418,Auto shipment 1573,1c21be0f-7a41-4fd2-98f6-829a3308a50a,2025-09-28T00:00:00+00:00,2025-09-30T12:30:00+00:00,135,shipped,CUST-6270,synthetic,2025-09-29T00:00:00+00:00
ca57e804-b638-4af9-b8c0-5114ace8721d,Auto shipment 1574,78b74b5c-e459-4f23-b196-79e2b104375d,2024-12-30T00:00:00+00:00,2024-12-30T00:50:00+00:00,382,shipped,CUST-7765,synthetic,2024-12-29T00:00:00+00:00
e3caa1c0-1e82-42f3-b895-c66cfaa84d7b,Auto shipment 1575,1c21be0f-7a41-4fd2-98f6-829a3308a50a,2025-02-07T00:00:00+00:00,2025-02-08T22:28:00+00:00,320,shipped,CUST-3737,synthetic,2025-02-07T00:00:00+00:00
0888f7d0-9e2c-42a2-ada8-710b4e81dd4b,Auto shipment 1576,1c21be0f-7a41-4fd2-98f6-829a3308a50a,2025-04-14T00:00:00+00:00,2025-04-18T07:52:00+00:00,232,shipped,CUST-5935,synthetic,2025-04-17T00:00:00+00:00
0038e1bb-0147-4ce8-b68d-8a0c3594adbb,Auto shipment 1577,1c21be0f-7a41-4fd2-98f6-829a3308a50a,2025-07-06T00:00:00+00:00,2025-07-07T12:03:00+00:00,425,shipped,CUST-9379,synthetic,2025-07-06T00:00:00+00:00
397f303c-541d-4884-930b-56c942d8391d,Auto shipment 1578,78b74b5c-e459-4f23-b196-79e2b104375d,2025-02-28T00:00:00+00:00,2025-03-03T06:19:00+00:00,409,shipped,CUST-7141,synthetic,2025-03-02T00:00:00+00:00
8eb46bf3-7d1e-4d1f-82cf-a1043d8f7dd4,Auto shipment 1579,1c21be0f-7a41-4fd2-98f6-829a3308a50a,2025-05-04T00:00:00+00:00,2025-05-06T10:16:00+00:00,171,shipped,CUST-6065,synthetic,2025-05-05T00:00:00+00:00
a99d0b9d-46b5-4abf-add4-af4d8bacce37,Auto shipment 1580,78b74b5c-e459-4f23-b196-79e2b104375d,2025-04-12T00:00:00+00:00,2025-04-16T00:06:00+00:00,261,shipped,CUST-8069,synthetic,2025-04-15T00:00:00+00:00
ba358337-d4bb-4c56-b56c-034fccef195b,Auto shipment 1581,1c21be0f-7a41-4fd2-98f6-829a3308a50a,2025-09-05T00:00:00+00:00,2025-09-06T15:44:00+00:00,210,shipped,CUST-6166,synthetic,2025-09-05T00:00:00+00:00
d9c48751-85e4-4d66-9083-8a083be62793,Auto shipment 1582,78b74b5c-e459-4f23-b196-79e2b104375d,2025-07-24T00:00:00+00:00,2025-07-27T08:44:00+00:00,349,shipped,CUST-3181,synthetic,2025-07-26T00:00:00+00:00
35cb86ce-1a86-432c-b350-f88ff6b31154,Auto shipment 1583,78b74b5c-e459-4f23-b196-79e2b104375d,2024-11-28T00:00:00+00:00,2024-11-30T09:13:00+00:00,401,shipped,CUST-6282,synthetic,2024-11-29T00:00:00+00:00
8db1ec4e-cb48-4080-bb5c-56e510400ec0,Auto shipment 1584,78b74b5c-e459-4f23-b196-79e2b104375d,2025-01-17T00:00:00+00:00,2025-01-21T10:48:00+00:00,143,shipped,CUST-6362,synthetic,2025-01-20T00:00:00+00:00
85669144-d738-4d42-ba48-a5d8e29ac10e,Auto shipment 1585,1c21be0f-7a41-4fd2-98f6-829a3308a50a,2025-04-09T00:00:00+00:00,2025-04-10T12:29:00+00:00,217,shipped,CUST-7965,synthetic,2025-04-09T00:00:00+00:00
3a62232a-88c7-4c78-81af-ce582ff29e72,Auto shipment 1586,1c21be0f-7a41-4fd2-98f6-829a3308a50a,2025-08-24T00:00:00+00:00,2025-08-26T08:18:00+00:00,111,shipped,CUST-7841,synthetic,2025-08-25T00:00:00+00:00
76091b0d-2148-4cbd-b8a4-79f5dc2ebdcd,Auto shipment 1587,1c21be0f-7a41-4fd2-98f6-829a3308a50a,2025-09-17T00:00:00+00:00,2025-09-17T14:57:00+00:00,397,shipped,CUST-4552,synthetic,2025-09-16T00:00:00+00:00
3852f1ce-9825-499e-94b2-fbd614270b33,Auto shipment 1588,1c21be0f-7a41-4fd2-98f6-829a3308a50a,2024-12-17T00:00:00+00:00,2024-12-19T12:14:00+00:00,342,shipped,CUST-9165,synthetic,2024-12-18T00:00:00+00:00
f75cc0cb-e642-41f1-aefd-0a8ca1277d37,Auto shipment 1589,78b74b5c-e459-4f23-b196-79e2b104375d,2025-05-28T00:00:00+00:00,2025-05-31T11:39:00+00:00,404,shipped,CUST-1788,synthetic,2025-05-30T00:00:00+00:00
08abd856-b4e9-4785-b2e8-fbd02dcd05f5,Auto shipment 1590,78b74b5c-e459-4f23-b196-79e2b104375d,2025-07-27T00:00:00+00:00,2025-07-29T21:05:00+00:00,305,shipped,CUST-8203,synthetic,2025-07-28T00:00:00+00:00
64cf4600-f00f-4f55-9f70-4a01a610cf1a,Auto shipment 1591,68db2e0c-1613-41ae-a22c-4959cbb08fe6,2025-01-06T00:00:00+00:00,2025-01-06T00:00:00+00:00,468,shipped,CUST-4711,synthetic,2025-01-05T00:00:00+00:00
d2216947-5e83-40f1-8283-98e2631084ab,Auto shipment 1592,68db2e0c-1613-41ae-a22c-4959cbb08fe6,2025-09-05T00:00:00+00:00,2025-09-07T13:55:00+00:00,131,shipped,CUST-9925,synthetic,2025-09-06T00:00:00+00:00
8ddbf844-a430-4bda-a599-7113f30a1391,Auto shipment 1593,1c21be0f-7a41-4fd2-98f6-829a3308a50a,2025-01-11T00:00:00+00:00,2025-01-15T11:42:00+00:00,324,shipped,CUST-4651,synthetic,2025-01-14T00:00:00+00:00
6b64f965-0525-4051-860f-64794e594b77,Auto shipment 1594,78b74b5c-e459-4f23-b196-79e2b104375d,2025-05-31T00:00:00+00:00,2025-06-04T10:42:00+00:00,134,shipped,CUST-6731,synthetic,2025-06-03T00:00:00+00:00
cf9205a7-ffda-43d9-a581-01a22dda7937,Auto shipment 1595,1c21be0f-7a41-4fd2-98f6-829a3308a50a,2025-03-27T00:00:00+00:00,2025-03-28T14:17:00+00:00,171,shipped,CUST-5773,synthetic,2025-03-27T00:00:00+00:00
821d4861-108e-4ae3-93c2-156e9f1f04e1,Auto shipment 1596,68db2e0c-1613-41ae-a22c-4959cbb08fe6,2025-02-09T00:00:00+00:00,2025-02-10T00:05:00+00:00,368,shipped,CUST-2012,synthetic,2025-02-09T00:00:00+00:00
f04581dc-1e5b-447f-a19b-e978c7008d3d,Auto shipment 1597,1c21be0f-7a41-4fd2-98f6-829a3308a50a,2025-04-16T00:00:00+00:00,2025-04-19T16:29:00+00:00,250,shipped,CUST-5681,synthetic,2025-04-18T00:00:00+00:00
7c82c860-803e-48a7-bf64-0e36c4ba1711,Auto shipment 1598,1c21be0f-7a41-4fd2-98f6-829a3308a50a,2024-11-23T00:00:00+00:00,2024-11-25T12:39:00+00:00,306,shipped,CUST-5523,synthetic,2024-11-24T00:00:00+00:00
b8951ad7-0883-4309-9efe-cf72835653c9,Auto shipment 1599,78b74b5c-e459-4f23-b196-79e2b104375d,2025-03-03T00:00:00+00:00,2025-03-05T16:08:00+00:00,292,shipped,CUST-4761,synthetic,2025-03-04T00:00:00+00:00
02bd2ce5-5661-4c8f-8122-9b8f67a3e15d,Auto shipment 1600,78b74b5c-e459-4f23-b196-79e2b104375d,2025-09-19T00:00:00+00:00,2025-09-23T09:20:00+00:00,381,shipped,CUST-8763,synthetic,2025-09-22T00:00:00+00:00
0c42d34f-623c-4894-84a3-9d2f3221473e,Auto shipment 1601,68db2e0c-1613-41ae-a22c-4959cbb08fe6,2025-10-23T00:00:00+00:00,2025-10-26T22:34:00+00:00,298,shipped,CUST-1029,synthetic,2025-10-25T00:00:00+00:00
06fe4630-bc0f-4663-bc14-5e411fc96199,Auto shipment 1602,1c21be0f-7a41-4fd2-98f6-829a3308a50a,2025-10-06T00:00:00+00:00,2025-10-09T21:11:00+00:00,126,shipped,CUST-5120,synthetic,2025-10-08T00:00:00+00:00
01a9e03d-a3b5-42db-93e4-ed008d0eaa5b,Auto shipment 1603,78b74b5c-e459-4f23-b196-79e2b104375d,2025-03-06T00:00:00+00:00,2025-03-07T06:05:00+00:00,159,shipped,CUST-1914,synthetic,2025-03-06T00:00:00+00:00
2beaf1b5-fdf4-4e18-ba78-54858f705e6e,Auto shipment 1604,1c21be0f-7a41-4fd2-98f6-829a3308a50a,2025-08-08T00:00:00+00:00,2025-08-09T11:21:00+00:00,202,shipped,CUST-9212,synthetic,2025-08-08T00:00:00+00:00
98e3e662-cc73-4425-96ae-d8dc77ab9ef8,Auto shipment 1605,1c21be0f-7a41-4fd2-98f6-829a3308a50a,2025-08-05T00:00:00+00:00,2025-08-07T22:47:00+00:00,304,shipped,CUST-8243,synthetic,2025-08-06T00:00:00+00:00
47429609-f483-4f1e-80ce-9a74fd35c386,Auto shipment 1606,78b74b5c-e459-4f23-b196-79e2b104375d,2025-04-24T00:00:00+00:00,2025-04-27T04:17:00+00:00,322,shipped,CUST-1992,synthetic,2025-04-26T00:00:00+00:00
14ca206d-454c-4dba-96d5-1edb975da04a,Auto shipment 1607,68db2e0c-1613-41ae-a22c-4959cbb08fe6,2025-07-22T00:00:00+00:00,2025-07-24T19:14:00+00:00,360,shipped,CUST-3697,synthetic,2025-07-23T00:00:00+00:00
92b6e1be-2945-4368-bab7-d5e1f4cccd1c,Auto shipment 1608,78b74b5c-e459-4f23-b196-79e2b104375d,2025-07-16T00:00:00+00:00,2025-07-19T06:14:00+00:00,341,shipped,CUST-8881,synthetic,2025-07-18T00:00:00+00:00
cdc391a1-422e-44ea-b29f-30280b325ac0,Auto shipment 1609,1c21be0f-7a41-4fd2-98f6-829a3308a50a,2024-12-10T00:00:00+00:00,2024-12-14T09:38:00+00:00,475,shipped,CUST-2343,synthetic,2024-12-13T00:00:00+00:00
86e15865-31fa-4b51-b0d8-262337f5f8aa,Auto shipment 1610,78b74b5c-e459-4f23-b196-79e2b104375d,2025-05-19T00:00:00+00:00,2025-05-23T02:21:00+00:00,298,shipped,CUST-8205,synthetic,2025-05-22T00:00:00+00:00
a0f65db0-9859-464e-a6c2-c669fc9dc574,Auto shipment 1611,68db2e0c-1613-41ae-a22c-4959cbb08fe6,2024-11-12T00:00:00+00:00,2024-11-12T19:25:00+00:00,491,shipped,CUST-1040,synthetic,2024-11-11T00:00:00+00:00
d0e66b4b-d893-46ba-92dc-383e9e9e991d,Auto shipment 1612,1c21be0f-7a41-4fd2-98f6-829a3308a50a,2025-07-13T00:00:00+00:00,2025-07-13T21:01:00+00:00,410,shipped,CUST-3020,synthetic,2025-07-12T00:00:00+00:00
0397076f-f665-460b-9238-c71c5469b576,Auto shipment 1613,78b74b5c-e459-4f23-b196-79e2b104375d,2025-08-08T00:00:00+00:00,2025-08-08T16:26:00+00:00,242,shipped,CUST-1182,synthetic,2025-08-07T00:00:00+00:00
a53bc1c1-dbe1-4907-ba9f-4b7d130ccdc2,Auto shipment 1614,1c21be0f-7a41-4fd2-98f6-829a3308a50a,2025-04-22T00:00:00+00:00,2025-04-22T00:10:00+00:00,262,shipped,CUST-4243,synthetic,2025-04-21T00:00:00+00:00
4cf39f90-0ee7-4831-ba98-478cee4a4002,Auto shipment 1615,1c21be0f-7a41-4fd2-98f6-829a3308a50a,2025-08-06T00:00:00+00:00,2025-08-07T01:32:00+00:00,205,shipped,CUST-5579,synthetic,2025-08-06T00:00:00+00:00
1f7b2b17-a7ba-4213-b561-8986f374410d,Auto shipment 1616,1c21be0f-7a41-4fd2-98f6-829a3308a50a,2025-01-27T00:00:00+00:00,2025-01-28T13:11:00+00:00,481,shipped,CUST-2109,synthetic,2025-01-27T00:00:00+00:00
d0424fb4-28be-4afa-af9c-2890c6b7f825,Auto shipment 1617,68db2e0c-1613-41ae-a22c-4959cbb08fe6,2025-02-28T00:00:00+00:00,2025-03-03T12:48:00+00:00,371,shipped,CUST-6065,synthetic,2025-03-02T00:00:00+00:00
8da7c3aa-2983-41dd-822d-6adf858ae7e8,Auto shipment 1618,68db2e0c-1613-41ae-a22c-4959cbb08fe6,2025-08-29T00:00:00+00:00,2025-09-02T17:40:00+00:00,236,shipped,CUST-6686,synthetic,2025-09-01T00:00:00+00:00
a625aed8-11e4-4f96-8f5c-22ddcacdf146,Auto shipment 1619,1c21be0f-7a41-4fd2-98f6-829a3308a50a,2025-10-29T00:00:00+00:00,2025-10-30T20:58:00+00:00,399,shipped,CUST-1320,synthetic,2025-10-29T00:00:00+00:00
4d92ab4e-cf77-434e-b756-953fc3095f5a,Auto shipment 1620,68db2e0c-1613-41ae-a22c-4959cbb08fe6,2024-11-14T00:00:00+00:00,2024-11-18T12:50:00+00:00,131,shipped,CUST-8388,synthetic,2024-11-17T00:00:00+00:00
7e414838-bad0-4820-bd98-6cf85be64bf1,Auto shipment 1621,1c21be0f-7a41-4fd2-98f6-829a3308a50a,2025-07-26T00:00:00+00:00,2025-07-28T20:13:00+00:00,243,shipped,CUST-4736,synthetic,2025-07-27T00:00:00+00:00
297998e9-9a16-4c0c-bf07-154ab27f535e,Auto shipment 1622,78b74b5c-e459-4f23-b196-79e2b104375d,2025-06-17T00:00:00+00:00,2025-06-20T16:28:00+00:00,371,shipped,CUST-2959,synthetic,2025-06-19T00:00:00+00:00
7740d41a-da41-434f-855b-a5262d9ac061,Auto shipment 1623,78b74b5c-e459-4f23-b196-79e2b104375d,2025-03-27T00:00:00+00:00,2025-03-29T00:24:00+00:00,412,shipped,CUST-3009,synthetic,2025-03-28T00:00:00+00:00
041d3c5b-419b-4b5a-9041-e7e923bbdd6e,Auto shipment 1624,78b74b5c-e459-4f23-b196-79e2b104375d,2025-10-10T00:00:00+00:00,2025-10-12T08:33:00+00:00,318,shipped,CUST-1611,synthetic,2025-10-11T00:00:00+00:00
86204ebe-d7e3-4fd6-b29d-5726ce66aa97,Auto shipment 1625,78b74b5c-e459-4f23-b196-79e2b104375d,2025-05-29T00:00:00+00:00,2025-06-02T16:44:00+00:00,430,shipped,CUST-6184,synthetic,2025-06-01T00:00:00+00:00
e314ca60-e288-47a0-b428-7e0ba4365871,Auto shipment 1626,78b74b5c-e459-4f23-b196-79e2b104375d,2025-08-05T00:00:00+00:00,2025-08-06T01:48:00+00:00,526,shipped,CUST-3230,synthetic,2025-08-05T00:00:00+00:00
425b8efd-9e0d-4673-9220-e8aeac639e64,Auto shipment 1627,1c21be0f-7a41-4fd2-98f6-829a3308a50a,2025-04-29T00:00:00+00:00,2025-04-30T21:23:00+00:00,164,shipped,CUST-1339,synthetic,2025-04-29T00:00:00+00:00
3adc36c5-0681-4f25-91c2-26e813b16e9d,Auto shipment 1628,1c21be0f-7a41-4fd2-98f6-829a3308a50a,2025-07-05T00:00:00+00:00,2025-07-06T09:49:00+00:00,187,shipped,CUST-8277,synthetic,2025-07-05T00:00:00+00:00
03c02721-a594-465b-8389-0c96bdf054fb,Auto shipment 1629,68db2e0c-1613-41ae-a22c-4959cbb08fe6,2025-02-21T00:00:00+00:00,2025-02-24T15:38:00+00:00,157,shipped,CUST-3032,synthetic,2025-02-23T00:00:00+00:00
04df90cc-6e6c-4fea-b5bc-5829e4b7279c,Auto shipment 1630,1c21be0f-7a41-4fd2-98f6-829a3308a50a,2025-03-12T00:00:00+00:00,2025-03-15T22:56:00+00:00,217,shipped,CUST-5175,synthetic,2025-03-14T00:00:00+00:00
22c8d0ca-2dff-4d9c-953d-985e7745dba9,Auto shipment 1631,78b74b5c-e459-4f23-b196-79e2b104375d,2024-11-19T00:00:00+00:00,2024-11-20T04:34:00+00:00,204,shipped,CUST-5932,synthetic,2024-11-19T00:00:00+00:00
6f17e0cb-8ddc-477d-9fb9-c97057c78c41,Auto shipment 1632,1c21be0f-7a41-4fd2-98f6-829a3308a50a,2024-12-20T00:00:00+00:00,2024-12-23T01:13:00+00:00,379,shipped,CUST-5352,synthetic,2024-12-22T00:00:00+00:00
7b974f15-2433-4087-9ecc-8112fdd953b2,Auto shipment 1633,68db2e0c-1613-41ae-a22c-4959cbb08fe6,2025-01-07T00:00:00+00:00,2025-01-07T13:07:00+00:00,166,shipped,CUST-4619,synthetic,2025-01-06T00:00:00+00:00
b4b24f21-a162-49fb-8d86-04f7202578de,Auto shipment 1634,78b74b5c-e459-4f23-b196-79e2b104375d,2025-10-22T00:00:00+00:00,2025-10-26T20:09:00+00:00,264,shipped,CUST-1361,synthetic,2025-10-25T00:00:00+00:00
fd73c449-ec4a-48a5-adf3-a2cd5ad9573e,Auto shipment 1635,1c21be0f-7a41-4fd2-98f6-829a3308a50a,2024-11-15T00:00:00+00:00,2024-11-16T12:44:00+00:00,323,shipped,CUST-5662,synthetic,2024-11-15T00:00:00+00:00
7911772f-d041-44ab-9eeb-8762b99c7547,Auto shipment 1636,1c21be0f-7a41-4fd2-98f6-829a3308a50a,2024-11-25T00:00:00+00:00,2024-11-27T20:24:00+00:00,97,shipped,CUST-6150,synthetic,2024-11-26T00:00:00+00:00
04fa9122-805a-4859-aecc-7b5cf774c570,Auto shipment 1637,68db2e0c-1613-41ae-a22c-4959cbb08fe6,2024-12-18T00:00:00+00:00,2024-12-20T02:40:00+00:00,418,shipped,CUST-1788,synthetic,2024-12-19T00:00:00+00:00
4c85163d-c406-48cc-8d7d-7fb713d2134c,Auto shipment 1638,78b74b5c-e459-4f23-b196-79e2b104375d,2025-02-15T00:00:00+00:00,2025-02-15T07:14:00+00:00,275,shipped,CUST-6848,synthetic,2025-02-14T00:00:00+00:00
d78348ef-9b09-4330-b81b-669e22505c2b,Auto shipment 1639,78b74b5c-e459-4f23-b196-79e2b104375d,2025-05-23T00:00:00+00:00,2025-05-26T15:53:00+00:00,184,shipped,CUST-8327,synthetic,2025-05-25T00:00:00+00:00
7da8b7d6-4d22-4673-ac0c-510f3f01f9be,Auto shipment 1640,1c21be0f-7a41-4fd2-98f6-829a3308a50a,2025-04-16T00:00:00+00:00,2025-04-20T21:10:00+00:00,173,shipped,CUST-6643,synthetic,2025-04-19T00:00:00+00:00
2f02262c-5472-4724-aa51-309306208e4e,Auto shipment 1641,78b74b5c-e459-4f23-b196-79e2b104375d,2025-09-04T00:00:00+00:00,2025-09-04T12:00:00+00:00,162,shipped,CUST-4938,synthetic,2025-09-03T00:00:00+00:00
27785f61-7239-46f4-a4f8-1f97e9c77c7e,Auto shipment 1642,68db2e0c-1613-41ae-a22c-4959cbb08fe6,2025-05-21T00:00:00+00:00,2025-05-22T04:35:00+00:00,212,shipped,CUST-5481,synthetic,2025-05-21T00:00:00+00:00
80cce593-59f7-47dc-89bf-4fcd1d5332cb,Auto shipment 1643,68db2e0c-1613-41ae-a22c-4959cbb08fe6,2025-07-02T00:00:00+00:00,2025-07-03T11:00:00+00:00,457,shipped,CUST-6988,synthetic,2025-07-02T00:00:00+00:00
21905129-0e5d-4edf-80fa-fb83808daf0d,Auto shipment 1644,68db2e0c-1613-41ae-a22c-4959cbb08fe6,2025-06-02T00:00:00+00:00,2025-06-06T04:08:00+00:00,394,shipped,CUST-9310,synthetic,2025-06-05T00:00:00+00:00
3cf1cac7-c9a9-4fbc-8a00-10e1f3ddf60c,Auto shipment 1645,78b74b5c-e459-4f23-b196-79e2b104375d,2025-02-10T00:00:00+00:00,2025-02-12T12:37:00+00:00,288,shipped,CUST-9070,synthetic,2025-02-11T00:00:00+00:00
874cf973-9810-47a7-8f9c-dd412702a383,Auto shipment 1646,68db2e0c-1613-41ae-a22c-4959cbb08fe6,2024-12-14T00:00:00+00:00,2024-12-16T02:55:00+00:00,190,shipped,CUST-2274,synthetic,2024-12-15T00:00:00+00:00
367f1b82-5c04-436d-bd29-044b0b664e5c,Auto shipment 1647,1c21be0f-7a41-4fd2-98f6-829a3308a50a,2025-06-16T00:00:00+00:00,2025-06-18T04:09:00+00:00,347,shipped,CUST-6045,synthetic,2025-06-17T00:00:00+00:00
2a6e94ff-c200-4780-a608-6d26c4969558,Auto shipment 1648,1c21be0f-7a41-4fd2-98f6-829a3308a50a,2024-12-08T00:00:00+00:00,2024-12-09T16:00:00+00:00,392,shipped,CUST-9165,synthetic,2024-12-08T00:00:00+00:00
55ef6e26-a2f2-444a-bcc1-edb90bdfe84b,Auto shipment 1649,68db2e0c-1613-41ae-a22c-4959cbb08fe6,2025-11-09T00:00:00+00:00,2025-11-09T04:38:00+00:00,412,shipped,CUST-3617,synthetic,2025-11-08T00:00:00+00:00
869b4285-e8eb-4691-9950-e1feb48c9084,Auto shipment 1650,78b74b5c-e459-4f23-b196-79e2b104375d,2025-04-30T00:00:00+00:00,2025-04-30T02:21:00+00:00,197,shipped,CUST-8425,synthetic,2025-04-29T00:00:00+00:00
9a8aa868-a852-4469-b9ee-275e27a55e1a,Auto shipment 1651,1c21be0f-7a41-4fd2-98f6-829a3308a50a,2025-02-21T00:00:00+00:00,2025-02-24T22:12:00+00:00,467,shipped,CUST-7865,synthetic,2025-02-23T00:00:00+00:00
23a76884-c968-4dca-ad5a-9ede58f7e83a,Auto shipment 1652,78b74b5c-e459-4f23-b196-79e2b104375d,2025-09-24T00:00:00+00:00,2025-09-27T06:39:00+00:00,331,shipped,CUST-5676,synthetic,2025-09-26T00:00:00+00:00
6bff623e-6822-4480-b325-77cfa117439e,Auto shipment 1653,78b74b5c-e459-4f23-b196-79e2b104375d,2025-07-02T00:00:00+00:00,2025-07-02T16:17:00+00:00,254,shipped,CUST-9537,synthetic,2025-07-01T00:00:00+00:00
b6f91901-1984-49a7-acec-8742d9ddbe46,Auto shipment 1654,78b74b5c-e459-4f23-b196-79e2b104375d,2025-04-27T00:00:00+00:00,2025-04-28T07:54:00+00:00,443,shipped,CUST-6765,synthetic,2025-04-27T00:00:00+00:00
af40cb54-af6f-40b7-9512-2b43e2a9f198,Auto shipment 1655,68db2e0c-1613-41ae-a22c-4959cbb08fe6,2025-08-16T00:00:00+00:00,2025-08-19T22:01:00+00:00,341,shipped,CUST-7898,synthetic,2025-08-18T00:00:00+00:00
f58a5598-9b96-434a-ad14-c18d89078a1d,Auto shipment 1656,1c21be0f-7a41-4fd2-98f6-829a3308a50a,2025-04-03T00:00:00+00:00,2025-04-06T16:23:00+00:00,161,shipped,CUST-2093,synthetic,2025-04-05T00:00:00+00:00
4d835406-e368-4a87-9921-6209c0e3bfd5,Auto shipment 1657,78b74b5c-e459-4f23-b196-79e2b104375d,2025-08-23T00:00:00+00:00,2025-08-23T02:22:00+00:00,389,shipped,CUST-5403,synthetic,2025-08-22T00:00:00+00:00
03eee336-1f20-4cb0-9d22-6d947bd4316f,Auto shipment 1658,68db2e0c-1613-41ae-a22c-4959cbb08fe6,2025-05-06T00:00:00+00:00,2025-05-09T06:40:00+00:00,85,shipped,CUST-7401,synthetic,2025-05-08T00:00:00+00:00
c8e208ce-e3c7-4a05-9ff4-fbeb29630dc0,Auto shipment 1659,1c21be0f-7a41-4fd2-98f6-829a3308a50a,2024-12-28T00:00:00+00:00,2024-12-31T22:51:00+00:00,304,shipped,CUST-6786,synthetic,2024-12-30T00:00:00+00:00
60f202bc-964c-42e1-9f37-7d6a18461291,Auto shipment 1660,1c21be0f-7a41-4fd2-98f6-829a3308a50a,2025-02-17T00:00:00+00:00,2025-02-20T19:35:00+00:00,238,shipped,CUST-9712,synthetic,2025-02-19T00:00:00+00:00
1d1c2753-5d3a-4a53-bbad-3da4403c5d38,Auto shipment 1661,68db2e0c-1613-41ae-a22c-4959cbb08fe6,2025-07-20T00:00:00+00:00,2025-07-21T19:01:00+00:00,461,shipped,CUST-1200,synthetic,2025-07-20T00:00:00+00:00
6db2ee77-34e5-4888-8bff-754865820067,Auto shipment 1662,68db2e0c-1613-41ae-a22c-4959cbb08fe6,2025-05-15T00:00:00+00:00,2025-05-18T03:58:00+00:00,401,shipped,CUST-3879,synthetic,2025-05-17T00:00:00+00:00
3dd14eaa-ccaf-4211-8a39-0889578abb8e,Auto shipment 1663,68db2e0c-1613-41ae-a22c-4959cbb08fe6,2025-06-13T00:00:00+00:00,2025-06-16T20:53:00+00:00,316,shipped,CUST-6709,synthetic,2025-06-15T00:00:00+00:00
2bd15323-b09f-4fb4-9d1e-5c5beb84341c,Auto shipment 1664,1c21be0f-7a41-4fd2-98f6-829a3308a50a,2025-02-18T00:00:00+00:00,2025-02-22T18:11:00+00:00,363,shipped,CUST-5252,synthetic,2025-02-21T00:00:00+00:00
9ddce28e-2b0e-4253-b792-c4fe0c5f267a,Auto shipment 1665,68db2e0c-1613-41ae-a22c-4959cbb08fe6,2024-11-20T00:00:00+00:00,2024-11-23T05:21:00+00:00,231,shipped,CUST-7172,synthetic,2024-11-22T00:00:00+00:00
028359c2-412c-4f97-9eaf-5e2b8fd31ec8,Auto shipment 1666,1c21be0f-7a41-4fd2-98f6-829a3308a50a,2025-04-26T00:00:00+00:00,2025-04-30T08:35:00+00:00,298,shipped,CUST-5400,synthetic,2025-04-29T00:00:00+00:00
8a68d588-cfe9-4d61-844b-627f9141cdcc,Auto shipment 1667,68db2e0c-1613-41ae-a22c-4959cbb08fe6,2025-05-21T00:00:00+00:00,2025-05-23T10:46:00+00:00,370,shipped,CUST-4928,synthetic,2025-05-22T00:00:00+00:00
b6af3dc1-909f-415e-a8f6-916654ab7e43,Auto shipment 1668,78b74b5c-e459-4f23-b196-79e2b104375d,2025-10-12T00:00:00+00:00,2025-10-15T15:10:00+00:00,136,shipped,CUST-8723,synthetic,2025-10-14T00:00:00+00:00
fc6b0577-0d8d-4b7a-bfa8-6723f2267862,Auto shipment 1669,68db2e0c-1613-41ae-a22c-4959cbb08fe6,2024-12-03T00:00:00+00:00,2024-12-05T12:44:00+00:00,324,shipped,CUST-8834,synthetic,2024-12-04T00:00:00+00:00
3ddcd194-9f15-4e8d-aff3-534783bc120c,Auto shipment 1670,68db2e0c-1613-41ae-a22c-4959cbb08fe6,2025-10-10T00:00:00+00:00,2025-10-14T10:23:00+00:00,236,shipped,CUST-9488,synthetic,2025-10-13T00:00:00+00:00
47ba2188-a02d-41a5-8244-c7fc38a0e696,Auto shipment 1671,1c21be0f-7a41-4fd2-98f6-829a3308a50a,2024-11-26T00:00:00+00:00,2024-11-28T06:13:00+00:00,265,shipped,CUST-8466,synthetic,2024-11-27T00:00:00+00:00
25526fc1-fd26-4680-ba11-81d393b376cd,Auto shipment 1672,78b74b5c-e459-4f23-b196-79e2b104375d,2025-08-11T00:00:00+00:00,2025-08-11T07:49:00+00:00,312,shipped,CUST-6802,synthetic,2025-08-10T00:00:00+00:00
e7b01753-8474-42b5-95fc-fbedd11974e3,Auto shipment 1673,1c21be0f-7a41-4fd2-98f6-829a3308a50a,2025-04-17T00:00:00+00:00,2025-04-20T22:03:00+00:00,409,shipped,CUST-4872,synthetic,2025-04-19T00:00:00+00:00
b331286a-47de-47a3-a180-5237e23fedf2,Auto shipment 1674,1c21be0f-7a41-4fd2-98f6-829a3308a50a,2025-09-05T00:00:00+00:00,2025-09-05T17:42:00+00:00,243,shipped,CUST-9514,synthetic,2025-09-04T00:00:00+00:00
d3cb4474-0e25-4199-8f49-a35146ca3bb8,Auto shipment 1675,78b74b5c-e459-4f23-b196-79e2b104375d,2025-05-19T00:00:00+00:00,2025-05-20T15:32:00+00:00,228,shipped,CUST-9934,synthetic,2025-05-19T00:00:00+00:00
c5b55db4-0b3b-44fe-a572-2d4896909afa,Auto shipment 1676,1c21be0f-7a41-4fd2-98f6-829a3308a50a,2024-11-29T00:00:00+00:00,2024-11-29T16:22:00+00:00,397,shipped,CUST-5105,synthetic,2024-11-28T00:00:00+00:00
8f3a9faf-0eb4-462b-976d-a85945a96f7d,Auto shipment 1677,68db2e0c-1613-41ae-a22c-4959cbb08fe6,2025-05-01T00:00:00+00:00,2025-05-03T12:40:00+00:00,404,shipped,CUST-5276,synthetic,2025-05-02T00:00:00+00:00
dfb1356a-8bfc-4fe7-84c0-23c60ec6e9b3,Auto shipment 1678,78b74b5c-e459-4f23-b196-79e2b104375d,2024-12-09T00:00:00+00:00,2024-12-09T12:47:00+00:00,165,shipped,CUST-4865,synthetic,2024-12-08T00:00:00+00:00
660a1cc5-59d0-4a0f-a12e-af0209c3387c,Auto shipment 1679,78b74b5c-e459-4f23-b196-79e2b104375d,2025-07-26T00:00:00+00:00,2025-07-27T00:24:00+00:00,109,shipped,CUST-7152,synthetic,2025-07-26T00:00:00+00:00
51e45856-ca64-42dd-86ac-2f44c4944545,Auto shipment 1680,68db2e0c-1613-41ae-a22c-4959cbb08fe6,2025-02-13T00:00:00+00:00,2025-02-16T01:17:00+00:00,183,shipped,CUST-3117,synthetic,2025-02-15T00:00:00+00:00
2399ffa3-be4f-48da-a165-8b7ecd3bac78,Auto shipment 1681,78b74b5c-e459-4f23-b196-79e2b104375d,2025-04-22T00:00:00+00:00,2025-04-22T16:49:00+00:00,259,shipped,CUST-3075,synthetic,2025-04-21T00:00:00+00:00
88592b26-277c-4925-925c-218560c05893,Auto shipment 1682,68db2e0c-1613-41ae-a22c-4959cbb08fe6,2024-11-07T00:00:00+00:00,2024-11-10T01:40:00+00:00,438,shipped,CUST-7102,synthetic,2024-11-09T00:00:00+00:00
5e8960aa-23dc-4c80-9a1a-1831beb1b3cf,Auto shipment 1683,68db2e0c-1613-41ae-a22c-4959cbb08fe6,2025-01-02T00:00:00+00:00,2025-01-06T14:12:00+00:00,507,shipped,CUST-7845,synthetic,2025-01-05T00:00:00+00:00
ec2e41a4-708d-4458-bf14-cbfd7b37eb14,Auto shipment 1684,78b74b5c-e459-4f23-b196-79e2b104375d,2025-03-07T00:00:00+00:00,2025-03-11T13:22:00+00:00,264,shipped,CUST-9587,synthetic,2025-03-10T00:00:00+00:00
07d4c3c8-9698-4563-aa2b-7646badf8050,Auto shipment 1685,78b74b5c-e459-4f23-b196-79e2b104375d,2025-05-13T00:00:00+00:00,2025-05-17T17:24:00+00:00,426,shipped,CUST-8976,synthetic,2025-05-16T00:00:00+00:00
2a240990-773c-4ec9-8ed4-e6845464e8cb,Auto shipment 1686,68db2e0c-1613-41ae-a22c-4959cbb08fe6,2025-05-06T00:00:00+00:00,2025-05-07T17:19:00+00:00,297,shipped,CUST-6979,synthetic,2025-05-06T00:00:00+00:00
ba2200c3-54f5-4f08-93fb-9f574573b6f2,Auto shipment 1687,68db2e0c-1613-41ae-a22c-4959cbb08fe6,2025-09-11T00:00:00+00:00,2025-09-15T17:09:00+00:00,238,shipped,CUST-2322,synthetic,2025-09-14T00:00:00+00:00
8ac0167e-52d8-4e6e-a8d7-335bc6f2ca32,Auto shipment 1688,68db2e0c-1613-41ae-a22c-4959cbb08fe6,2025-07-05T00:00:00+00:00,2025-07-06T10:06:00+00:00,120,shipped,CUST-8543,synthetic,2025-07-05T00:00:00+00:00
94145fa3-6a24-4120-ba8a-b43d28ee9fee,Auto shipment 1689,68db2e0c-1613-41ae-a22c-4959cbb08fe6,2025-08-15T00:00:00+00:00,2025-08-16T18:43:00+00:00,320,shipped,CUST-3946,synthetic,2025-08-15T00:00:00+00:00
e9f90a2d-cf1d-4f09-8c69-1343b836aab8,Auto shipment 1690,68db2e0c-1613-41ae-a22c-4959cbb08fe6,2025-10-02T00:00:00+00:00,2025-10-05T01:13:00+00:00,358,shipped,CUST-5861,synthetic,2025-10-04T00:00:00+00:00
9f4f0181-2749-4613-8e6e-88f7597ac845,Auto shipment 1691,68db2e0c-1613-41ae-a22c-4959cbb08fe6,2025-04-02T00:00:00+00:00,2025-04-05T02:47:00+00:00,227,shipped,CUST-6613,synthetic,2025-04-04T00:00:00+00:00
ad4cbca5-9243-436c-9685-1a1d29fd65c3,Auto shipment 1692,78b74b5c-e459-4f23-b196-79e2b104375d,2025-02-04T00:00:00+00:00,2025-02-07T11:27:00+00:00,229,shipped,CUST-7327,synthetic,2025-02-06T00:00:00+00:00
0e6bddd3-9209-4184-85b6-94fae8e2759f,Auto shipment 1693,78b74b5c-e459-4f23-b196-79e2b104375d,2025-07-07T00:00:00+00:00,2025-07-08T00:10:00+00:00,183,shipped,CUST-1914,synthetic,2025-07-07T00:00:00+00:00
1ce3fabf-3bf9-4d09-b793-b364080ef2c8,Auto shipment 1694,1c21be0f-7a41-4fd2-98f6-829a3308a50a,2025-04-04T00:00:00+00:00,2025-04-08T05:01:00+00:00,232,shipped,CUST-6560,synthetic,2025-04-07T00:00:00+00:00
acc80f9f-9576-45ab-b3d8-ad1f4b41fb37,Auto shipment 1695,78b74b5c-e459-4f23-b196-79e2b104375d,2025-03-07T00:00:00+00:00,2025-03-07T22:32:00+00:00,310,shipped,CUST-3685,synthetic,2025-03-06T00:00:00+00:00
c9644a49-fbdd-4275-99bc-82e9c8a774df,Auto shipment 1696,1c21be0f-7a41-4fd2-98f6-829a3308a50a,2025-10-06T00:00:00+00:00,2025-10-08T18:14:00+00:00,303,shipped,CUST-7976,synthetic,2025-10-07T00:00:00+00:00
9115b748-8e02-4afe-b117-8ebf4c65d286,Auto shipment 1697,78b74b5c-e459-4f23-b196-79e2b104375d,2025-03-26T00:00:00+00:00,2025-03-30T03:45:00+00:00,510,shipped,CUST-5230,synthetic,2025-03-29T00:00:00+00:00
4b971b57-e3ac-4ae0-aa3f-5f0a528e4b0a,Auto shipment 1698,78b74b5c-e459-4f23-b196-79e2b104375d,2024-11-10T00:00:00+00:00,2024-11-13T17:49:00+00:00,302,shipped,CUST-8645,synthetic,2024-11-12T00:00:00+00:00
29eec643-a2dc-445e-aabe-476e60cec1e1,Auto shipment 1699,68db2e0c-1613-41ae-a22c-4959cbb08fe6,2025-01-22T00:00:00+00:00,2025-01-22T09:48:00+00:00,165,shipped,CUST-8279,synthetic,2025-01-21T00:00:00+00:00
62404f6a-d68e-47ec-b982-a4f8177d47a8,Auto shipment 1700,1c21be0f-7a41-4fd2-98f6-829a3308a50a,2025-06-23T00:00:00+00:00,2025-06-23T13:21:00+00:00,339,shipped,CUST-9360,synthetic,2025-06-22T00:00:00+00:00
f83ebe5e-41a3-4fcc-aebf-0e5a2ad4feeb,Auto shipment 1701,1c21be0f-7a41-4fd2-98f6-829a3308a50a,2024-11-22T00:00:00+00:00,2024-11-24T21:31:00+00:00,325,shipped,CUST-7024,synthetic,2024-11-23T00:00:00+00:00
9c327181-3c5e-404b-b36b-19129d7215e2,Auto shipment 1702,78b74b5c-e459-4f23-b196-79e2b104375d,2025-09-07T00:00:00+00:00,2025-09-10T19:53:00+00:00,200,shipped,CUST-6801,synthetic,2025-09-09T00:00:00+00:00
9b9ef21d-b12d-4fd3-bdf3-725fc0c1b30b,Auto shipment 1703,1c21be0f-7a41-4fd2-98f6-829a3308a50a,2025-01-26T00:00:00+00:00,2025-01-30T16:53:00+00:00,228,shipped,CUST-5230,synthetic,2025-01-29T00:00:00+00:00
8585f136-fcce-488e-987b-6bd653fa8e1a,Auto shipment 1704,1c21be0f-7a41-4fd2-98f6-829a3308a50a,2025-11-01T00:00:00+00:00,2025-11-04T18:28:00+00:00,176,shipped,CUST-4288,synthetic,2025-11-03T00:00:00+00:00
e35c7635-8920-4cae-8b2c-6109b4318f39,Auto shipment 1705,68db2e0c-1613-41ae-a22c-4959cbb08fe6,2025-07-23T00:00:00+00:00,2025-07-26T21:05:00+00:00,346,shipped,CUST-2336,synthetic,2025-07-25T00:00:00+00:00
bebc489e-58b8-4ca2-b7b6-f7af5d39c101,Auto shipment 1706,1c21be0f-7a41-4fd2-98f6-829a3308a50a,2025-08-22T00:00:00+00:00,2025-08-23T15:54:00+00:00,308,shipped,CUST-2570,synthetic,2025-08-22T00:00:00+00:00
e5b70277-554d-4656-a576-8d25b05e7310,Auto shipment 1707,1c21be0f-7a41-4fd2-98f6-829a3308a50a,2024-12-17T00:00:00+00:00,2024-12-19T17:26:00+00:00,261,shipped,CUST-3813,synthetic,2024-12-18T00:00:00+00:00
c0de7dfd-acde-4b22-b7d1-5c4accbe6184,Auto shipment 1708,78b74b5c-e459-4f23-b196-79e2b104375d,2025-02-21T00:00:00+00:00,2025-02-23T10:08:00+00:00,152,shipped,CUST-3466,synthetic,2025-02-22T00:00:00+00:00
61705f6f-8a08-4364-bff0-36de17957361,Auto shipment 1709,68db2e0c-1613-41ae-a22c-4959cbb08fe6,2024-11-11T00:00:00+00:00,2024-11-11T14:27:00+00:00,413,shipped,CUST-5296,synthetic,2024-11-10T00:00:00+00:00
16d10e07-1e18-4b0b-9efd-53b9e7c667c7,Auto shipment 1710,1c21be0f-7a41-4fd2-98f6-829a3308a50a,2025-03-01T00:00:00+00:00,2025-03-05T07:34:00+00:00,174,shipped,CUST-9711,synthetic,2025-03-04T00:00:00+00:00
683f9a22-8cf4-4678-af8d-48caee2320f7,Auto shipment 1711,78b74b5c-e459-4f23-b196-79e2b104375d,2025-10-20T00:00:00+00:00,2025-10-23T17:15:00+00:00,367,shipped,CUST-6634,synthetic,2025-10-22T00:00:00+00:00
f36213cf-3bf4-463f-9d96-ae9e69395774,Auto shipment 1712,68db2e0c-1613-41ae-a22c-4959cbb08fe6,2025-09-09T00:00:00+00:00,2025-09-12T18:56:00+00:00,192,shipped,CUST-5995,synthetic,2025-09-11T00:00:00+00:00
cf091cd9-c8f3-4efe-8eb1-4de493ce7760,Auto shipment 1713,78b74b5c-e459-4f23-b196-79e2b104375d,2025-04-20T00:00:00+00:00,2025-04-21T14:43:00+00:00,450,shipped,CUST-1106,synthetic,2025-04-20T00:00:00+00:00
43e3d0a5-6d14-4c9b-be30-c9dea10ec0f0,Auto shipment 1714,78b74b5c-e459-4f23-b196-79e2b104375d,2025-07-03T00:00:00+00:00,2025-07-05T11:15:00+00:00,213,shipped,CUST-8492,synthetic,2025-07-04T00:00:00+00:00
b7022928-6c7a-406a-bac8-3655328a56f9,Auto shipment 1715,78b74b5c-e459-4f23-b196-79e2b104375d,2024-12-23T00:00:00+00:00,2024-12-23T08:30:00+00:00,273,shipped,CUST-3377,synthetic,2024-12-22T00:00:00+00:00
6f816807-d6e8-44ae-83aa-8dae53868b23,Auto shipment 1716,78b74b5c-e459-4f23-b196-79e2b104375d,2025-09-15T00:00:00+00:00,2025-09-19T07:45:00+00:00,213,shipped,CUST-1248,synthetic,2025-09-18T00:00:00+00:00
a5e52bf2-6e7c-4c65-9d3f-f7ece34d872e,Auto shipment 1717,1c21be0f-7a41-4fd2-98f6-829a3308a50a,2024-11-14T00:00:00+00:00,2024-11-14T13:00:00+00:00,233,shipped,CUST-1475,synthetic,2024-11-13T00:00:00+00:00
aa975b50-4cd3-4934-99c8-0f6c266948dc,Auto shipment 1718,68db2e0c-1613-41ae-a22c-4959cbb08fe6,2025-03-26T00:00:00+00:00,2025-03-30T20:07:00+00:00,306,shipped,CUST-4702,synthetic,2025-03-29T00:00:00+00:00
3f21170c-1cc4-4712-bd18-cf94e063571f,Auto shipment 1719,68db2e0c-1613-41ae-a22c-4959cbb08fe6,2025-08-04T00:00:00+00:00,2025-08-06T03:41:00+00:00,257,shipped,CUST-5952,synthetic,2025-08-05T00:00:00+00:00
a13271c9-8492-44d1-b993-cfe10e536bc3,Auto shipment 1720,68db2e0c-1613-41ae-a22c-4959cbb08fe6,2025-09-23T00:00:00+00:00,2025-09-25T03:34:00+00:00,337,shipped,CUST-5175,synthetic,2025-09-24T00:00:00+00:00
699d78f1-eb99-40b2-8698-df95ee55b279,Auto shipment 1721,68db2e0c-1613-41ae-a22c-4959cbb08fe6,2025-07-04T00:00:00+00:00,2025-07-05T15:06:00+00:00,124,shipped,CUST-7746,synthetic,2025-07-04T00:00:00+00:00
2295c5fd-446f-4943-a07b-94c6d4d970dd,Auto shipment 1722,68db2e0c-1613-41ae-a22c-4959cbb08fe6,2025-11-03T00:00:00+00:00,2025-11-06T15:04:00+00:00,383,shipped,CUST-2790,synthetic,2025-11-05T00:00:00+00:00
0488111a-7fd6-4ead-847a-556294ee5eb5,Auto shipment 1723,68db2e0c-1613-41ae-a22c-4959cbb08fe6,2025-09-08T00:00:00+00:00,2025-09-12T17:22:00+00:00,243,shipped,CUST-4034,synthetic,2025-09-11T00:00:00+00:00
c3ce4c43-6038-4115-a637-d2ae67abfb07,Auto shipment 1724,68db2e0c-1613-41ae-a22c-4959cbb08fe6,2025-01-25T00:00:00+00:00,2025-01-28T10:03:00+00:00,189,shipped,CUST-8804,synthetic,2025-01-27T00:00:00+00:00
50b91808-ce69-4604-8e4e-a6353ee277a5,Auto shipment 1725,78b74b5c-e459-4f23-b196-79e2b104375d,2025-07-28T00:00:00+00:00,2025-07-30T16:35:00+00:00,301,shipped,CUST-3268,synthetic,2025-07-29T00:00:00+00:00
053547de-a044-4cca-a433-e6fd2464ac9b,Auto shipment 1726,1c21be0f-7a41-4fd2-98f6-829a3308a50a,2024-12-11T00:00:00+00:00,2024-12-12T06:30:00+00:00,391,shipped,CUST-7960,synthetic,2024-12-11T00:00:00+00:00
6e9133bf-8481-474d-934f-861aca653d18,Auto shipment 1727,68db2e0c-1613-41ae-a22c-4959cbb08fe6,2024-11-10T00:00:00+00:00,2024-11-14T05:00:00+00:00,445,shipped,CUST-1996,synthetic,2024-11-13T00:00:00+00:00
c94901d8-5eee-42b8-97e5-0695f8da4ef5,Auto shipment 1728,1c21be0f-7a41-4fd2-98f6-829a3308a50a,2024-12-01T00:00:00+00:00,2024-12-04T22:07:00+00:00,371,shipped,CUST-6164,synthetic,2024-12-03T00:00:00+00:00
081fde22-e495-4488-ad8d-e8819934b550,Auto shipment 1729,78b74b5c-e459-4f23-b196-79e2b104375d,2025-03-05T00:00:00+00:00,2025-03-08T18:58:00+00:00,530,shipped,CUST-8157,synthetic,2025-03-07T00:00:00+00:00
31033b46-9bad-4973-9c01-6a6b1010831e,Auto shipment 1730,68db2e0c-1613-41ae-a22c-4959cbb08fe6,2025-06-06T00:00:00+00:00,2025-06-06T19:49:00+00:00,270,shipped,CUST-6615,synthetic,2025-06-05T00:00:00+00:00
aef8d812-6e76-4921-b993-e48203876ac3,Auto shipment 1731,68db2e0c-1613-41ae-a22c-4959cbb08fe6,2025-09-15T00:00:00+00:00,2025-09-15T08:19:00+00:00,339,shipped,CUST-5271,synthetic,2025-09-14T00:00:00+00:00
99501d5c-c7ee-4486-ac1e-6fdc85489a43,Auto shipment 1732,1c21be0f-7a41-4fd2-98f6-829a3308a50a,2025-03-25T00:00:00+00:00,2025-03-25T05:01:00+00:00,245,shipped,CUST-4565,synthetic,2025-03-24T00:00:00+00:00
afaccc6d-ac9d-4e81-bebb-44ac00b8cf8e,Auto shipment 1733,78b74b5c-e459-4f23-b196-79e2b104375d,2025-08-23T00:00:00+00:00,2025-08-27T16:23:00+00:00,350,shipped,CUST-3070,synthetic,2025-08-26T00:00:00+00:00
80fd79df-6807-43c5-b8b9-2452273a0d30,Auto shipment 1734,78b74b5c-e459-4f23-b196-79e2b104375d,2025-10-20T00:00:00+00:00,2025-10-24T11:53:00+00:00,192,shipped,CUST-1055,synthetic,2025-10-23T00:00:00+00:00
d21ab32b-3fbf-480c-a796-2aa39c7f1b34,Auto shipment 1735,78b74b5c-e459-4f23-b196-79e2b104375d,2025-02-14T00:00:00+00:00,2025-02-16T03:05:00+00:00,128,shipped,CUST-4744,synthetic,2025-02-15T00:00:00+00:00
054acf7e-ab2d-4411-a151-40418a2466f1,Auto shipment 1736,78b74b5c-e459-4f23-b196-79e2b104375d,2025-04-10T00:00:00+00:00,2025-04-10T09:23:00+00:00,419,shipped,CUST-1025,synthetic,2025-04-09T00:00:00+00:00
e3d4e064-e9b3-4177-b3e7-417c861b0e35,Auto shipment 1737,1c21be0f-7a41-4fd2-98f6-829a3308a50a,2025-01-21T00:00:00+00:00,2025-01-24T06:39:00+00:00,313,shipped,CUST-5459,synthetic,2025-01-23T00:00:00+00:00
3369decc-0453-43da-9d45-00d3fb3713f7,Auto shipment 1738,1c21be0f-7a41-4fd2-98f6-829a3308a50a,2025-06-01T00:00:00+00:00,2025-06-04T01:34:00+00:00,212,shipped,CUST-7277,synthetic,2025-06-03T00:00:00+00:00
0390085b-410d-49e9-b70e-6cd06dc73a98,Auto shipment 1739,68db2e0c-1613-41ae-a22c-4959cbb08fe6,2025-04-27T00:00:00+00:00,2025-04-28T15:00:00+00:00,342,shipped,CUST-8472,synthetic,2025-04-27T00:00:00+00:00
9bc67837-7d95-44d9-8ede-12043b1c6997,Auto shipment 1740,78b74b5c-e459-4f23-b196-79e2b104375d,2025-09-26T00:00:00+00:00,2025-09-30T14:03:00+00:00,391,shipped,CUST-2081,synthetic,2025-09-29T00:00:00+00:00
3f058a4b-d7f4-4588-bb94-77e1f876a293,Auto shipment 1741,68db2e0c-1613-41ae-a22c-4959cbb08fe6,2025-04-11T00:00:00+00:00,2025-04-12T17:36:00+00:00,291,shipped,CUST-3607,synthetic,2025-04-11T00:00:00+00:00
1fe0f4ab-38a2-4998-a1b3-c73329b4edc0,Auto shipment 1742,68db2e0c-1613-41ae-a22c-4959cbb08fe6,2025-03-31T00:00:00+00:00,2025-04-01T01:49:00+00:00,250,shipped,CUST-4622,synthetic,2025-03-31T00:00:00+00:00
eb5ae4aa-7118-400c-aa92-9459a35e3ac3,Auto shipment 1743,1c21be0f-7a41-4fd2-98f6-829a3308a50a,2025-08-08T00:00:00+00:00,2025-08-09T16:00:00+00:00,327,shipped,CUST-8518,synthetic,2025-08-08T00:00:00+00:00
3f647608-bdb2-4704-aafb-800a198aa9f9,Auto shipment 1744,1c21be0f-7a41-4fd2-98f6-829a3308a50a,2025-03-07T00:00:00+00:00,2025-03-09T15:13:00+00:00,365,shipped,CUST-9719,synthetic,2025-03-08T00:00:00+00:00
d793602c-76e0-40af-9e55-756d798e0912,Auto shipment 1745,68db2e0c-1613-41ae-a22c-4959cbb08fe6,2025-10-28T00:00:00+00:00,2025-11-01T14:53:00+00:00,404,shipped,CUST-8948,synthetic,2025-10-31T00:00:00+00:00
d66ec2e9-11fb-4402-bf34-71fb536153fe,Auto shipment 1746,68db2e0c-1613-41ae-a22c-4959cbb08fe6,2025-03-19T00:00:00+00:00,2025-03-20T00:41:00+00:00,422,shipped,CUST-6585,synthetic,2025-03-19T00:00:00+00:00
31a1372d-d9e3-45d6-9293-24b587312b69,Auto shipment 1747,68db2e0c-1613-41ae-a22c-4959cbb08fe6,2025-07-05T00:00:00+00:00,2025-07-05T22:26:00+00:00,327,shipped,CUST-4525,synthetic,2025-07-04T00:00:00+00:00
2701140b-ee4b-4b1e-b36a-770e0afc7699,Auto shipment 1748,78b74b5c-e459-4f23-b196-79e2b104375d,2025-04-18T00:00:00+00:00,2025-04-20T14:30:00+00:00,420,shipped,CUST-8334,synthetic,2025-04-19T00:00:00+00:00
bf669c18-4510-496d-a45d-c72753958f34,Auto shipment 1749,1c21be0f-7a41-4fd2-98f6-829a3308a50a,2024-12-29T00:00:00+00:00,2024-12-29T02:23:00+00:00,437,shipped,CUST-6645,synthetic,2024-12-28T00:00:00+00:00
205d4d6e-e428-418f-ae18-99f4c2005e50,Auto shipment 1750,68db2e0c-1613-41ae-a22c-4959cbb08fe6,2025-06-20T00:00:00+00:00,2025-06-21T15:08:00+00:00,252,shipped,CUST-8532,synthetic,2025-06-20T00:00:00+00:00
b242395e-a764-4eb0-8038-f10026368ef9,Auto shipment 1751,68db2e0c-1613-41ae-a22c-4959cbb08fe6,2024-12-05T00:00:00+00:00,2024-12-05T10:24:00+00:00,152,shipped,CUST-4569,synthetic,2024-12-04T00:00:00+00:00
76a748f8-20a1-4eb1-91a1-06e976c78a8e,Auto shipment 1752,68db2e0c-1613-41ae-a22c-4959cbb08fe6,2025-04-07T00:00:00+00:00,2025-04-07T20:55:00+00:00,464,shipped,CUST-2434,synthetic,2025-04-06T00:00:00+00:00
8366da50-d65d-43f6-8c22-9d4dc018f25a,Auto shipment 1753,1c21be0f-7a41-4fd2-98f6-829a3308a50a,2025-03-25T00:00:00+00:00,2025-03-27T07:24:00+00:00,310,shipped,CUST-3168,synthetic,2025-03-26T00:00:00+00:00
03f98d13-4644-4788-abc6-424947e9d770,Auto shipment 1754,78b74b5c-e459-4f23-b196-79e2b104375d,2025-06-23T00:00:00+00:00,2025-06-24T12:08:00+00:00,454,shipped,CUST-9160,synthetic,2025-06-23T00:00:00+00:00
60493092-354e-4b3d-b452-4c31e7e6b632,Auto shipment 1755,1c21be0f-7a41-4fd2-98f6-829a3308a50a,2025-02-01T00:00:00+00:00,2025-02-01T15:57:00+00:00,414,shipped,CUST-7904,synthetic,2025-01-31T00:00:00+00:00
34a353e7-3ff7-4d47-8bcd-2e583195bbd9,Auto shipment 1756,78b74b5c-e459-4f23-b196-79e2b104375d,2025-08-10T00:00:00+00:00,2025-08-11T11:01:00+00:00,212,shipped,CUST-5841,synthetic,2025-08-10T00:00:00+00:00
baa47ab8-92c1-4ab1-9884-e1365c929fe9,Auto shipment 1757,68db2e0c-1613-41ae-a22c-4959cbb08fe6,2024-12-04T00:00:00+00:00,2024-12-06T04:57:00+00:00,220,shipped,CUST-2114,synthetic,2024-12-05T00:00:00+00:00
555fe7f6-3ff3-4063-8fa2-586d44ecc04d,Auto shipment 1758,68db2e0c-1613-41ae-a22c-4959cbb08fe6,2025-01-22T00:00:00+00:00,2025-01-26T03:53:00+00:00,405,shipped,CUST-9585,synthetic,2025-01-25T00:00:00+00:00
8b2506fc-2e48-4058-a962-0026aab90db3,Auto shipment 1759,68db2e0c-1613-41ae-a22c-4959cbb08fe6,2025-11-08T00:00:00+00:00,2025-11-09T06:52:00+00:00,207,shipped,CUST-8615,synthetic,2025-11-08T00:00:00+00:00
28d67c75-01a6-4304-b24f-28c83b706aeb,Auto shipment 1760,78b74b5c-e459-4f23-b196-79e2b104375d,2025-10-08T00:00:00+00:00,2025-10-11T00:57:00+00:00,208,shipped,CUST-7956,synthetic,2025-10-10T00:00:00+00:00
6eb793f3-3c56-4842-83dc-a79437574388,Auto shipment 1761,78b74b5c-e459-4f23-b196-79e2b104375d,2025-06-21T00:00:00+00:00,2025-06-21T17:46:00+00:00,387,shipped,CUST-5264,synthetic,2025-06-20T00:00:00+00:00
46a7d7f7-ed63-40d1-b6a0-ce820eaaef52,Auto shipment 1762,68db2e0c-1613-41ae-a22c-4959cbb08fe6,2025-10-25T00:00:00+00:00,2025-10-29T05:15:00+00:00,232,shipped,CUST-1886,synthetic,2025-10-28T00:00:00+00:00
5f09c0ba-d9a0-48ae-8a57-b29bf23ad150,Auto shipment 1763,68db2e0c-1613-41ae-a22c-4959cbb08fe6,2025-01-08T00:00:00+00:00,2025-01-11T11:46:00+00:00,300,shipped,CUST-1948,synthetic,2025-01-10T00:00:00+00:00
db64add2-82fc-4642-91ba-b5efc80691f5,Auto shipment 1764,1c21be0f-7a41-4fd2-98f6-829a3308a50a,2025-06-10T00:00:00+00:00,2025-06-12T11:40:00+00:00,330,shipped,CUST-6789,synthetic,2025-06-11T00:00:00+00:00
48f15aaa-2dbf-4d41-b6cb-3ae563590a32,Auto shipment 1765,78b74b5c-e459-4f23-b196-79e2b104375d,2025-09-24T00:00:00+00:00,2025-09-25T20:13:00+00:00,219,shipped,CUST-6797,synthetic,2025-09-24T00:00:00+00:00
9326adee-5c32-4479-8b20-5ed6f4b85774,Auto shipment 1766,78b74b5c-e459-4f23-b196-79e2b104375d,2024-11-09T00:00:00+00:00,2024-11-13T02:32:00+00:00,261,shipped,CUST-5117,synthetic,2024-11-12T00:00:00+00:00
648df81a-5635-44ca-9eb0-da4accc02f9d,Auto shipment 1767,78b74b5c-e459-4f23-b196-79e2b104375d,2025-01-18T00:00:00+00:00,2025-01-20T00:22:00+00:00,288,shipped,CUST-9824,synthetic,2025-01-19T00:00:00+00:00
a6a20196-1556-4522-b1d2-f09ee62b3794,Auto shipment 1768,1c21be0f-7a41-4fd2-98f6-829a3308a50a,2025-07-18T00:00:00+00:00,2025-07-19T04:17:00+00:00,267,shipped,CUST-7728,synthetic,2025-07-18T00:00:00+00:00
0c8828c5-dbec-4532-b9e5-f4ae7e96697e,Auto shipment 1769,1c21be0f-7a41-4fd2-98f6-829a3308a50a,2025-07-30T00:00:00+00:00,2025-07-30T00:31:00+00:00,210,shipped,CUST-1095,synthetic,2025-07-29T00:00:00+00:00
ce300a9a-3b40-4170-9d0e-62bdca91b441,Auto shipment 1770,1c21be0f-7a41-4fd2-98f6-829a3308a50a,2024-12-05T00:00:00+00:00,2024-12-07T10:32:00+00:00,276,shipped,CUST-2536,synthetic,2024-12-06T00:00:00+00:00
fa1ee4bf-bb63-4e38-8b3d-9ca0e5e372bd,Auto shipment 1771,68db2e0c-1613-41ae-a22c-4959cbb08fe6,2025-02-07T00:00:00+00:00,2025-02-11T03:11:00+00:00,337,shipped,CUST-9442,synthetic,2025-02-10T00:00:00+00:00
5867f65a-e7a3-4ac7-bccc-d8d9f3622482,Auto shipment 1772,1c21be0f-7a41-4fd2-98f6-829a3308a50a,2025-08-22T00:00:00+00:00,2025-08-24T08:20:00+00:00,259,shipped,CUST-2470,synthetic,2025-08-23T00:00:00+00:00
436064a9-1320-4eb0-b39d-dbe033d9a900,Auto shipment 1773,68db2e0c-1613-41ae-a22c-4959cbb08fe6,2025-02-03T00:00:00+00:00,2025-02-04T14:55:00+00:00,306,shipped,CUST-4881,synthetic,2025-02-03T00:00:00+00:00
130fd1f9-df7e-411d-993f-97659a774ecc,Auto shipment 1774,78b74b5c-e459-4f23-b196-79e2b104375d,2025-07-05T00:00:00+00:00,2025-07-05T04:12:00+00:00,115,shipped,CUST-2763,synthetic,2025-07-04T00:00:00+00:00
7e33bc68-7e97-4917-a04b-0e675c3b3ff0,Auto shipment 1775,78b74b5c-e459-4f23-b196-79e2b104375d,2025-10-29T00:00:00+00:00,2025-10-30T12:05:00+00:00,421,shipped,CUST-1558,synthetic,2025-10-29T00:00:00+00:00
ce973ee0-7741-42d2-994b-aa3e68fc4c5e,Auto shipment 1776,68db2e0c-1613-41ae-a22c-4959cbb08fe6,2025-10-13T00:00:00+00:00,2025-10-15T16:04:00+00:00,368,shipped,CUST-3524,synthetic,2025-10-14T00:00:00+00:00
f27adce5-0300-4195-af6e-cfd4ccf6e9c8,Auto shipment 1777,1c21be0f-7a41-4fd2-98f6-829a3308a50a,2025-06-17T00:00:00+00:00,2025-06-19T21:41:00+00:00,314,shipped,CUST-2593,synthetic,2025-06-18T00:00:00+00:00
5484f653-fca2-4898-b685-22eee5e1fda3,Auto shipment 1778,68db2e0c-1613-41ae-a22c-4959cbb08fe6,2025-03-15T00:00:00+00:00,2025-03-17T04:52:00+00:00,509,shipped,CUST-5527,synthetic,2025-03-16T00:00:00+00:00
bc89f14f-c053-46e0-86f9-8a555d3fce7c,Auto shipment 1779,68db2e0c-1613-41ae-a22c-4959cbb08fe6,2025-04-07T00:00:00+00:00,2025-04-09T04:36:00+00:00,181,shipped,CUST-1210,synthetic,2025-04-08T00:00:00+00:00
2f0db4d5-301d-4c78-9413-108136b1e9d0,Auto shipment 1780,78b74b5c-e459-4f23-b196-79e2b104375d,2024-12-17T00:00:00+00:00,2024-12-17T04:40:00+00:00,227,shipped,CUST-7185,synthetic,2024-12-16T00:00:00+00:00
7fc58b77-794c-4e79-9008-10fca502f415,Auto shipment 1781,78b74b5c-e459-4f23-b196-79e2b104375d,2025-04-19T00:00:00+00:00,2025-04-21T22:30:00+00:00,296,shipped,CUST-9715,synthetic,2025-04-20T00:00:00+00:00
248513ee-6ecb-45ba-8a3a-6b2afcf2bf7a,Auto shipment 1782,78b74b5c-e459-4f23-b196-79e2b104375d,2025-10-03T00:00:00+00:00,2025-10-06T22:16:00+00:00,402,shipped,CUST-8125,synthetic,2025-10-05T00:00:00+00:00
e95428fc-4b39-47da-b53a-4251bf14d842,Auto shipment 1783,68db2e0c-1613-41ae-a22c-4959cbb08fe6,2025-04-23T00:00:00+00:00,2025-04-24T21:44:00+00:00,204,shipped,CUST-7874,synthetic,2025-04-23T00:00:00+00:00
aef4158b-8348-44aa-9f88-4d2aaf2f7177,Auto shipment 1784,68db2e0c-1613-41ae-a22c-4959cbb08fe6,2025-08-14T00:00:00+00:00,2025-08-14T01:36:00+00:00,274,shipped,CUST-5141,synthetic,2025-08-13T00:00:00+00:00
c595a46a-57e1-4b7e-9e00-0875cc6f6657,Auto shipment 1785,68db2e0c-1613-41ae-a22c-4959cbb08fe6,2025-05-13T00:00:00+00:00,2025-05-17T02:08:00+00:00,396,shipped,CUST-1523,synthetic,2025-05-16T00:00:00+00:00
cc107bcf-a8d0-4e9a-a542-e289036fe2c3,Auto shipment 1786,78b74b5c-e459-4f23-b196-79e2b104375d,2025-08-09T00:00:00+00:00,2025-08-12T14:19:00+00:00,116,shipped,CUST-3074,synthetic,2025-08-11T00:00:00+00:00
e62504ec-2ee7-4be2-ba28-93b51f118b13,Auto shipment 1787,68db2e0c-1613-41ae-a22c-4959cbb08fe6,2024-12-16T00:00:00+00:00,2024-12-16T15:14:00+00:00,341,shipped,CUST-7808,synthetic,2024-12-15T00:00:00+00:00
19d6f1b5-2c14-45c6-88ea-701b7bf059c7,Auto shipment 1788,68db2e0c-1613-41ae-a22c-4959cbb08fe6,2024-12-15T00:00:00+00:00,2024-12-16T03:28:00+00:00,88,shipped,CUST-1997,synthetic,2024-12-15T00:00:00+00:00
a3451c56-117a-4479-88b2-850d7cec07ef,Auto shipment 1789,1c21be0f-7a41-4fd2-98f6-829a3308a50a,2025-11-05T00:00:00+00:00,2025-11-07T03:50:00+00:00,437,shipped,CUST-8478,synthetic,2025-11-06T00:00:00+00:00
cb2e885d-0129-401a-93bd-514e0ec3b2e7,Auto shipment 1790,1c21be0f-7a41-4fd2-98f6-829a3308a50a,2025-08-29T00:00:00+00:00,2025-08-30T17:43:00+00:00,349,shipped,CUST-7276,synthetic,2025-08-29T00:00:00+00:00
f736ba41-f4ca-4429-928a-52e86d635dc4,Auto shipment 1791,1c21be0f-7a41-4fd2-98f6-829a3308a50a,2025-08-23T00:00:00+00:00,2025-08-26T12:24:00+00:00,187,shipped,CUST-6517,synthetic,2025-08-25T00:00:00+00:00
e57b626e-5c19-48ac-8baf-3f4dc5d94d71,Auto shipment 1792,78b74b5c-e459-4f23-b196-79e2b104375d,2024-12-12T00:00:00+00:00,2024-12-13T01:23:00+00:00,398,shipped,CUST-2147,synthetic,2024-12-12T00:00:00+00:00
9df63005-2fde-47bd-87ee-88ca79dbcd02,Auto shipment 1793,1c21be0f-7a41-4fd2-98f6-829a3308a50a,2025-09-16T00:00:00+00:00,2025-09-18T15:16:00+00:00,230,shipped,CUST-4878,synthetic,2025-09-17T00:00:00+00:00
c90de4b6-b038-43a0-8f5f-305e2b594fdb,Auto shipment 1794,1c21be0f-7a41-4fd2-98f6-829a3308a50a,2024-12-08T00:00:00+00:00,2024-12-11T11:14:00+00:00,474,shipped,CUST-2548,synthetic,2024-12-10T00:00:00+00:00
110a6932-f108-4cda-8837-791d3994d4d9,Auto shipment 1795,68db2e0c-1613-41ae-a22c-4959cbb08fe6,2025-03-27T00:00:00+00:00,2025-03-28T13:01:00+00:00,423,shipped,CUST-5667,synthetic,2025-03-27T00:00:00+00:00
ffe17416-a72e-4f84-82fa-1740631ade25,Auto shipment 1796,78b74b5c-e459-4f23-b196-79e2b104375d,2025-10-20T00:00:00+00:00,2025-10-20T07:34:00+00:00,62,shipped,CUST-1914,synthetic,2025-10-19T00:00:00+00:00
27dc7da8-ac7b-4396-b3b9-2bb7c8e25bb3,Auto shipment 1797,68db2e0c-1613-41ae-a22c-4959cbb08fe6,2025-09-08T00:00:00+00:00,2025-09-12T05:40:00+00:00,339,shipped,CUST-5319,synthetic,2025-09-11T00:00:00+00:00
57f2cf32-9cf8-45f8-b93e-a4dce5c5edbf,Auto shipment 1798,68db2e0c-1613-41ae-a22c-4959cbb08fe6,2025-08-07T00:00:00+00:00,2025-08-10T19:28:00+00:00,127,shipped,CUST-9853,synthetic,2025-08-09T00:00:00+00:00
9381d1a5-176e-4239-8bbc-3d26f95b04f9,Auto shipment 1799,68db2e0c-1613-41ae-a22c-4959cbb08fe6,2024-11-22T00:00:00+00:00,2024-11-26T05:53:00+00:00,161,shipped,CUST-4287,synthetic,2024-11-25T00:00:00+00:00
23e58523-5d5e-466f-bcc1-1e51d9a0b24c,Auto shipment 1800,68db2e0c-1613-41ae-a22c-4959cbb08fe6,2025-01-03T00:00:00+00:00,2025-01-04T16:48:00+00:00,471,shipped,CUST-9825,synthetic,2025-01-03T00:00:00+00:00
49b00c02-a65d-4d26-a9c4-cd2e79a43fae,Auto shipment 1801,68db2e0c-1613-41ae-a22c-4959cbb08fe6,2025-03-31T00:00:00+00:00,2025-03-31T14:40:00+00:00,397,shipped,CUST-8731,synthetic,2025-03-30T00:00:00+00:00
ea0536f1-0566-4e08-8d09-9845467e3c4d,Auto shipment 1802,68db2e0c-1613-41ae-a22c-4959cbb08fe6,2025-08-08T00:00:00+00:00,2025-08-11T05:23:00+00:00,311,shipped,CUST-8333,synthetic,2025-08-10T00:00:00+00:00
6df954a1-6073-42a9-88d1-5f0327ecaf5e,Auto shipment 1803,1c21be0f-7a41-4fd2-98f6-829a3308a50a,2025-09-17T00:00:00+00:00,2025-09-21T12:20:00+00:00,319,shipped,CUST-4540,synthetic,2025-09-20T00:00:00+00:00
67d367f1-66b9-4837-b5ed-3f5322884ffa,Auto shipment 1804,1c21be0f-7a41-4fd2-98f6-829a3308a50a,2025-02-17T00:00:00+00:00,2025-02-18T12:34:00+00:00,256,shipped,CUST-9885,synthetic,2025-02-17T00:00:00+00:00
9065b1a1-d150-49e2-9029-290f989fe902,Auto shipment 1805,78b74b5c-e459-4f23-b196-79e2b104375d,2024-12-18T00:00:00+00:00,2024-12-21T11:18:00+00:00,309,shipped,CUST-3953,synthetic,2024-12-20T00:00:00+00:00
ecccc5b2-b66c-41de-a967-8a1d6d5a2f2a,Auto shipment 1806,1c21be0f-7a41-4fd2-98f6-829a3308a50a,2025-10-04T00:00:00+00:00,2025-10-05T05:38:00+00:00,176,shipped,CUST-5579,synthetic,2025-10-04T00:00:00+00:00
cf44b354-ded2-4922-af31-0b67113b41ab,Auto shipment 1807,68db2e0c-1613-41ae-a22c-4959cbb08fe6,2025-09-16T00:00:00+00:00,2025-09-20T02:01:00+00:00,264,shipped,CUST-4970,synthetic,2025-09-19T00:00:00+00:00
6cb28390-95cb-488c-80aa-a57f54e39ab0,Auto shipment 1808,78b74b5c-e459-4f23-b196-79e2b104375d,2025-02-19T00:00:00+00:00,2025-02-22T08:42:00+00:00,191,shipped,CUST-8304,synthetic,2025-02-21T00:00:00+00:00
05c5348d-1391-43c2-9bfa-b2475ddd7164,Auto shipment 1809,78b74b5c-e459-4f23-b196-79e2b104375d,2025-02-17T00:00:00+00:00,2025-02-20T02:12:00+00:00,214,shipped,CUST-8263,synthetic,2025-02-19T00:00:00+00:00
58b020a7-8fbd-428f-8389-6ebad4f4048f,Auto shipment 1810,1c21be0f-7a41-4fd2-98f6-829a3308a50a,2025-07-30T00:00:00+00:00,2025-07-30T22:19:00+00:00,319,shipped,CUST-4405,synthetic,2025-07-29T00:00:00+00:00
08faf9fc-aec5-4b84-8002-cdb54bd38c6a,Auto shipment 1811,68db2e0c-1613-41ae-a22c-4959cbb08fe6,2024-11-11T00:00:00+00:00,2024-11-11T13:42:00+00:00,384,shipped,CUST-9166,synthetic,2024-11-10T00:00:00+00:00
e42b8a2c-30f1-4b89-8c72-9c231a0e8bc6,Auto shipment 1812,68db2e0c-1613-41ae-a22c-4959cbb08fe6,2025-10-01T00:00:00+00:00,2025-10-02T09:56:00+00:00,179,shipped,CUST-6250,synthetic,2025-10-01T00:00:00+00:00
be896063-809e-4091-a341-7d26f5e1e45f,Auto shipment 1813,68db2e0c-1613-41ae-a22c-4959cbb08fe6,2024-12-28T00:00:00+00:00,2024-12-29T00:37:00+00:00,404,shipped,CUST-7029,synthetic,2024-12-28T00:00:00+00:00
764758ed-330e-461f-a0bc-f17ff9356278,Auto shipment 1814,78b74b5c-e459-4f23-b196-79e2b104375d,2025-09-07T00:00:00+00:00,2025-09-08T13:25:00+00:00,307,shipped,CUST-6782,synthetic,2025-09-07T00:00:00+00:00
45e25a2f-ec6e-4467-9b4a-2992f4166320,Auto shipment 1815,68db2e0c-1613-41ae-a22c-4959cbb08fe6,2025-05-06T00:00:00+00:00,2025-05-07T16:37:00+00:00,429,shipped,CUST-5296,synthetic,2025-05-06T00:00:00+00:00
f84d00c7-4842-4087-b73e-4492b2b25acb,Auto shipment 1816,68db2e0c-1613-41ae-a22c-4959cbb08fe6,2025-03-06T00:00:00+00:00,2025-03-10T11:26:00+00:00,315,shipped,CUST-9805,synthetic,2025-03-09T00:00:00+00:00
713736e8-7621-41d8-a5b4-2ebb8a666786,Auto shipment 1817,78b74b5c-e459-4f23-b196-79e2b104375d,2025-06-13T00:00:00+00:00,2025-06-16T09:41:00+00:00,222,shipped,CUST-7852,synthetic,2025-06-15T00:00:00+00:00
3b9b0c00-74fe-443e-ba28-2ae5f7b15ea9,Auto shipment 1818,68db2e0c-1613-41ae-a22c-4959cbb08fe6,2025-01-08T00:00:00+00:00,2025-01-11T08:43:00+00:00,195,shipped,CUST-9925,synthetic,2025-01-10T00:00:00+00:00
96432660-1140-495c-bbdc-7c7fb6411d08,Auto shipment 1819,78b74b5c-e459-4f23-b196-79e2b104375d,2024-12-17T00:00:00+00:00,2024-12-18T07:39:00+00:00,106,shipped,CUST-3136,synthetic,2024-12-17T00:00:00+00:00
67af96ed-6651-489a-b782-787347196d65,Auto shipment 1820,78b74b5c-e459-4f23-b196-79e2b104375d,2025-03-21T00:00:00+00:00,2025-03-23T12:40:00+00:00,280,shipped,CUST-1776,synthetic,2025-03-22T00:00:00+00:00
eb06ffb0-e7cf-4905-a491-73080ee86544,Auto shipment 1821,1c21be0f-7a41-4fd2-98f6-829a3308a50a,2024-11-17T00:00:00+00:00,2024-11-18T21:08:00+00:00,120,shipped,CUST-4718,synthetic,2024-11-17T00:00:00+00:00
85b5095a-5218-4195-8f62-b097e85f813b,Auto shipment 1822,68db2e0c-1613-41ae-a22c-4959cbb08fe6,2025-07-09T00:00:00+00:00,2025-07-11T19:00:00+00:00,391,shipped,CUST-8415,synthetic,2025-07-10T00:00:00+00:00
2e0150a1-59bd-4029-af81-ced4b30385fa,Auto shipment 1823,1c21be0f-7a41-4fd2-98f6-829a3308a50a,2025-02-05T00:00:00+00:00,2025-02-05T08:13:00+00:00,479,shipped,CUST-4454,synthetic,2025-02-04T00:00:00+00:00
0e58fbdd-84ab-41ee-bd8a-3f67c122566b,Auto shipment 1824,1c21be0f-7a41-4fd2-98f6-829a3308a50a,2025-07-30T00:00:00+00:00,2025-08-03T04:20:00+00:00,269,shipped,CUST-4630,synthetic,2025-08-02T00:00:00+00:00
727545eb-560a-4791-ad6f-03b5bae01f61,Auto shipment 1825,68db2e0c-1613-41ae-a22c-4959cbb08fe6,2025-02-07T00:00:00+00:00,2025-02-07T13:28:00+00:00,326,shipped,CUST-1174,synthetic,2025-02-06T00:00:00+00:00
bcb75346-eb46-40e1-a422-1675c40a4958,Auto shipment 1826,68db2e0c-1613-41ae-a22c-4959cbb08fe6,2025-08-11T00:00:00+00:00,2025-08-14T11:47:00+00:00,160,shipped,CUST-5074,synthetic,2025-08-13T00:00:00+00:00
b607c5bd-4968-4af2-af18-ffdebde40790,Auto shipment 1827,78b74b5c-e459-4f23-b196-79e2b104375d,2024-12-14T00:00:00+00:00,2024-12-15T01:52:00+00:00,224,shipped,CUST-8163,synthetic,2024-12-14T00:00:00+00:00
5f08b8b3-57a9-468a-a0eb-a02b38fc29f5,Auto shipment 1828,78b74b5c-e459-4f23-b196-79e2b104375d,2025-10-13T00:00:00+00:00,2025-10-14T20:51:00+00:00,326,shipped,CUST-4562,synthetic,2025-10-13T00:00:00+00:00
d60ee1c8-8577-48b2-8d8b-4f567e4cb489,Auto shipment 1829,78b74b5c-e459-4f23-b196-79e2b104375d,2025-07-17T00:00:00+00:00,2025-07-21T03:54:00+00:00,400,shipped,CUST-1754,synthetic,2025-07-20T00:00:00+00:00
32e02232-e890-4653-9d65-9484e8ade17b,Auto shipment 1830,1c21be0f-7a41-4fd2-98f6-829a3308a50a,2025-02-07T00:00:00+00:00,2025-02-08T14:40:00+00:00,187,shipped,CUST-5496,synthetic,2025-02-07T00:00:00+00:00
d8597987-2f7a-4853-a18f-0f15150391e6,Auto shipment 1831,1c21be0f-7a41-4fd2-98f6-829a3308a50a,2025-09-17T00:00:00+00:00,2025-09-19T12:46:00+00:00,280,shipped,CUST-3789,synthetic,2025-09-18T00:00:00+00:00
c262490f-2b51-486f-90ed-f9fd9f8ea2d8,Auto shipment 1832,78b74b5c-e459-4f23-b196-79e2b104375d,2025-10-11T00:00:00+00:00,2025-10-15T04:22:00+00:00,287,shipped,CUST-7510,synthetic,2025-10-14T00:00:00+00:00
b5006cad-e27f-46a8-91ad-77c5bbfc5a4d,Auto shipment 1833,68db2e0c-1613-41ae-a22c-4959cbb08fe6,2025-02-08T00:00:00+00:00,2025-02-10T06:57:00+00:00,194,shipped,CUST-6339,synthetic,2025-02-09T00:00:00+00:00
7bc58263-e501-41c1-8502-9951daea18dc,Auto shipment 1834,68db2e0c-1613-41ae-a22c-4959cbb08fe6,2025-07-15T00:00:00+00:00,2025-07-18T09:00:00+00:00,245,shipped,CUST-3128,synthetic,2025-07-17T00:00:00+00:00
29c3781d-2f74-412c-b4f6-f1cc72a22bee,Auto shipment 1835,68db2e0c-1613-41ae-a22c-4959cbb08fe6,2025-09-15T00:00:00+00:00,2025-09-16T21:16:00+00:00,412,shipped,CUST-7085,synthetic,2025-09-15T00:00:00+00:00
92a69342-6acc-4e90-8dc4-fb4a6a6f7e1a,Auto shipment 1836,68db2e0c-1613-41ae-a22c-4959cbb08fe6,2025-01-03T00:00:00+00:00,2025-01-03T11:14:00+00:00,228,shipped,CUST-2921,synthetic,2025-01-02T00:00:00+00:00
c581f550-3e5e-41c8-8e3e-7faad9ee445b,Auto shipment 1837,1c21be0f-7a41-4fd2-98f6-829a3308a50a,2025-08-07T00:00:00+00:00,2025-08-10T22:12:00+00:00,118,shipped,CUST-1244,synthetic,2025-08-09T00:00:00+00:00
25e408c4-74ed-4137-a4cb-10b335356089,Auto shipment 1838,68db2e0c-1613-41ae-a22c-4959cbb08fe6,2025-09-13T00:00:00+00:00,2025-09-14T05:53:00+00:00,459,shipped,CUST-8014,synthetic,2025-09-13T00:00:00+00:00
12064f65-6018-4bc3-bd18-80679957e89f,Auto shipment 1839,1c21be0f-7a41-4fd2-98f6-829a3308a50a,2025-05-08T00:00:00+00:00,2025-05-10T01:44:00+00:00,277,shipped,CUST-8757,synthetic,2025-05-09T00:00:00+00:00
3ab328e4-13fb-46b5-b3e4-73bac738c867,Auto shipment 1840,1c21be0f-7a41-4fd2-98f6-829a3308a50a,2025-05-31T00:00:00+00:00,2025-06-04T00:27:00+00:00,252,shipped,CUST-7515,synthetic,2025-06-03T00:00:00+00:00
406b7e0d-fabc-4fd7-ac84-dcfd95e6729e,Auto shipment 1841,1c21be0f-7a41-4fd2-98f6-829a3308a50a,2025-05-27T00:00:00+00:00,2025-05-30T05:10:00+00:00,392,shipped,CUST-6669,synthetic,2025-05-29T00:00:00+00:00
d3ceaa1d-37c2-4274-938e-6520261ae59f,Auto shipment 1842,78b74b5c-e459-4f23-b196-79e2b104375d,2025-06-10T00:00:00+00:00,2025-06-14T14:47:00+00:00,235,shipped,CUST-3333,synthetic,2025-06-13T00:00:00+00:00
ef70ab81-6a1a-46fe-83e0-438ed1f9a485,Auto shipment 1843,1c21be0f-7a41-4fd2-98f6-829a3308a50a,2025-02-02T00:00:00+00:00,2025-02-06T09:57:00+00:00,91,shipped,CUST-7829,synthetic,2025-02-05T00:00:00+00:00
7472e694-8b2f-4f99-8872-05edd9592275,Auto shipment 1844,1c21be0f-7a41-4fd2-98f6-829a3308a50a,2025-11-05T00:00:00+00:00,2025-11-08T11:46:00+00:00,182,shipped,CUST-8442,synthetic,2025-11-07T00:00:00+00:00
74c673c1-853e-4f22-8c20-d702ea7d911f,Auto shipment 1845,68db2e0c-1613-41ae-a22c-4959cbb08fe6,2025-06-11T00:00:00+00:00,2025-06-11T12:10:00+00:00,173,shipped,CUST-7996,synthetic,2025-06-10T00:00:00+00:00
64d59628-377e-47b1-8147-3e692f6077fc,Auto shipment 1846,68db2e0c-1613-41ae-a22c-4959cbb08fe6,2025-07-31T00:00:00+00:00,2025-08-02T19:20:00+00:00,317,shipped,CUST-1247,synthetic,2025-08-01T00:00:00+00:00
7a949c98-a091-4531-aac0-4700568c69e4,Auto shipment 1847,78b74b5c-e459-4f23-b196-79e2b104375d,2024-12-17T00:00:00+00:00,2024-12-20T19:58:00+00:00,284,shipped,CUST-7833,synthetic,2024-12-19T00:00:00+00:00
f3673007-a7aa-4e74-9234-b556065dd9c6,Auto shipment 1848,68db2e0c-1613-41ae-a22c-4959cbb08fe6,2025-08-06T00:00:00+00:00,2025-08-09T07:55:00+00:00,139,shipped,CUST-9796,synthetic,2025-08-08T00:00:00+00:00
605c06e9-6dc0-41e7-965a-805e867d1612,Auto shipment 1849,78b74b5c-e459-4f23-b196-79e2b104375d,2024-11-17T00:00:00+00:00,2024-11-18T03:28:00+00:00,363,shipped,CUST-2268,synthetic,2024-11-17T00:00:00+00:00
715e61e7-d091-4d63-9cf2-01c2541bfab8,Auto shipment 1850,78b74b5c-e459-4f23-b196-79e2b104375d,2025-09-28T00:00:00+00:00,2025-10-02T13:01:00+00:00,126,shipped,CUST-5768,synthetic,2025-10-01T00:00:00+00:00
b9e71fa5-2d13-4036-ba94-be6222749568,Auto shipment 1851,68db2e0c-1613-41ae-a22c-4959cbb08fe6,2025-07-17T00:00:00+00:00,2025-07-18T08:36:00+00:00,82,shipped,CUST-3257,synthetic,2025-07-17T00:00:00+00:00
27311a14-ddcb-4c63-8e77-cdbdb21ca60b,Auto shipment 1852,1c21be0f-7a41-4fd2-98f6-829a3308a50a,2024-11-22T00:00:00+00:00,2024-11-24T04:08:00+00:00,112,shipped,CUST-3210,synthetic,2024-11-23T00:00:00+00:00
c9a8b141-d541-4c82-a6c2-77c570bc1e62,Auto shipment 1853,78b74b5c-e459-4f23-b196-79e2b104375d,2025-02-15T00:00:00+00:00,2025-02-17T07:17:00+00:00,359,shipped,CUST-3355,synthetic,2025-02-16T00:00:00+00:00
26f305a7-8b7a-4c87-8b40-3a299a3e6d9f,Auto shipment 1854,78b74b5c-e459-4f23-b196-79e2b104375d,2025-09-07T00:00:00+00:00,2025-09-09T05:23:00+00:00,172,shipped,CUST-1093,synthetic,2025-09-08T00:00:00+00:00
5def1127-453a-4ed1-9446-d184e5cdbaa3,Auto shipment 1855,68db2e0c-1613-41ae-a22c-4959cbb08fe6,2025-03-16T00:00:00+00:00,2025-03-20T21:27:00+00:00,429,shipped,CUST-6201,synthetic,2025-03-19T00:00:00+00:00
53bc4836-e7eb-42e1-a9f9-56f46fc4c1af,Auto shipment 1856,1c21be0f-7a41-4fd2-98f6-829a3308a50a,2025-03-29T00:00:00+00:00,2025-04-01T17:45:00+00:00,164,shipped,CUST-8936,synthetic,2025-03-31T00:00:00+00:00
c4f3333f-ddb9-416c-8e92-87fe2c7aefb3,Auto shipment 1857,1c21be0f-7a41-4fd2-98f6-829a3308a50a,2024-12-02T00:00:00+00:00,2024-12-05T21:22:00+00:00,439,shipped,CUST-1205,synthetic,2024-12-04T00:00:00+00:00
f6b107b3-e9de-4c11-8239-0502fd328a09,Auto shipment 1858,1c21be0f-7a41-4fd2-98f6-829a3308a50a,2025-11-07T00:00:00+00:00,2025-11-09T18:39:00+00:00,150,shipped,CUST-9671,synthetic,2025-11-08T00:00:00+00:00
038a31f9-b142-47c7-8c29-4da5c3f06c59,Auto shipment 1859,1c21be0f-7a41-4fd2-98f6-829a3308a50a,2025-06-11T00:00:00+00:00,2025-06-13T15:46:00+00:00,371,shipped,CUST-3440,synthetic,2025-06-12T00:00:00+00:00
23b87158-7000-4f82-bdf1-21716469b9ef,Auto shipment 1860,68db2e0c-1613-41ae-a22c-4959cbb08fe6,2025-08-25T00:00:00+00:00,2025-08-25T19:34:00+00:00,363,shipped,CUST-6903,synthetic,2025-08-24T00:00:00+00:00
2de89e48-62ab-48d9-82fd-0a09f39ad937,Auto shipment 1861,68db2e0c-1613-41ae-a22c-4959cbb08fe6,2025-01-16T00:00:00+00:00,2025-01-18T21:43:00+00:00,427,shipped,CUST-9860,synthetic,2025-01-17T00:00:00+00:00
10c74d83-b10a-491a-b724-882ef860c64e,Auto shipment 1862,1c21be0f-7a41-4fd2-98f6-829a3308a50a,2025-01-20T00:00:00+00:00,2025-01-22T09:27:00+00:00,151,shipped,CUST-4167,synthetic,2025-01-21T00:00:00+00:00
0fb7e06e-8ebc-406e-a728-636adf3e0f53,Auto shipment 1863,1c21be0f-7a41-4fd2-98f6-829a3308a50a,2025-05-28T00:00:00+00:00,2025-06-01T08:16:00+00:00,305,shipped,CUST-1225,synthetic,2025-05-31T00:00:00+00:00
9bfd09c0-44c2-4a99-9868-c28824b706b8,Auto shipment 1864,68db2e0c-1613-41ae-a22c-4959cbb08fe6,2025-03-08T00:00:00+00:00,2025-03-10T17:44:00+00:00,171,shipped,CUST-8748,synthetic,2025-03-09T00:00:00+00:00
efe99328-9fb4-4e3b-beab-f35ced1aa649,Auto shipment 1865,1c21be0f-7a41-4fd2-98f6-829a3308a50a,2025-05-14T00:00:00+00:00,2025-05-16T10:47:00+00:00,226,shipped,CUST-9363,synthetic,2025-05-15T00:00:00+00:00
b6982e3f-c223-4fc1-8bf2-7c8ffa5df2f7,Auto shipment 1866,68db2e0c-1613-41ae-a22c-4959cbb08fe6,2025-08-30T00:00:00+00:00,2025-09-02T19:51:00+00:00,402,shipped,CUST-4343,synthetic,2025-09-01T00:00:00+00:00
1b0b2392-5605-46b2-bd7a-4ea66b7211e2,Auto shipment 1867,68db2e0c-1613-41ae-a22c-4959cbb08fe6,2025-05-28T00:00:00+00:00,2025-05-31T22:39:00+00:00,410,shipped,CUST-8070,synthetic,2025-05-30T00:00:00+00:00
70a95e83-7e53-44c5-9b6b-b929cd42e102,Auto shipment 1868,78b74b5c-e459-4f23-b196-79e2b104375d,2025-06-21T00:00:00+00:00,2025-06-22T18:38:00+00:00,291,shipped,CUST-9379,synthetic,2025-06-21T00:00:00+00:00
2d1d15f8-6149-4f9f-abc4-e441c729f6ad,Auto shipment 1869,1c21be0f-7a41-4fd2-98f6-829a3308a50a,2025-04-02T00:00:00+00:00,2025-04-04T16:10:00+00:00,225,shipped,CUST-6709,synthetic,2025-04-03T00:00:00+00:00
7cd45197-6f1a-47d6-b60c-ad9cba4cccdc,Auto shipment 1870,1c21be0f-7a41-4fd2-98f6-829a3308a50a,2025-01-25T00:00:00+00:00,2025-01-26T19:01:00+00:00,274,shipped,CUST-4546,synthetic,2025-01-25T00:00:00+00:00
07cdf93f-e877-4f18-a6df-262c725edee3,Auto shipment 1871,1c21be0f-7a41-4fd2-98f6-829a3308a50a,2025-09-30T00:00:00+00:00,2025-10-04T11:16:00+00:00,416,shipped,CUST-9608,synthetic,2025-10-03T00:00:00+00:00
8eaba5c6-2b00-4859-bc0a-80eb1aa73205,Auto shipment 1872,1c21be0f-7a41-4fd2-98f6-829a3308a50a,2025-04-16T00:00:00+00:00,2025-04-18T11:48:00+00:00,178,shipped,CUST-7276,synthetic,2025-04-17T00:00:00+00:00
51d42435-978a-47df-bfc3-822b74210636,Auto shipment 1873,1c21be0f-7a41-4fd2-98f6-829a3308a50a,2025-05-12T00:00:00+00:00,2025-05-15T21:33:00+00:00,311,shipped,CUST-8280,synthetic,2025-05-14T00:00:00+00:00
91160ada-d043-4ba5-8abb-8d672e60845f,Auto shipment 1874,78b74b5c-e459-4f23-b196-79e2b104375d,2025-10-25T00:00:00+00:00,2025-10-27T05:34:00+00:00,209,shipped,CUST-5419,synthetic,2025-10-26T00:00:00+00:00
189b1a52-080f-4740-96e6-bf686be6ad3f,Auto shipment 1875,78b74b5c-e459-4f23-b196-79e2b104375d,2025-10-28T00:00:00+00:00,2025-10-31T13:01:00+00:00,152,shipped,CUST-1091,synthetic,2025-10-30T00:00:00+00:00
623e9dc5-e355-40ae-8a67-584d7cb99217,Auto shipment 1876,68db2e0c-1613-41ae-a22c-4959cbb08fe6,2025-08-09T00:00:00+00:00,2025-08-11T16:44:00+00:00,329,shipped,CUST-1710,synthetic,2025-08-10T00:00:00+00:00
0e8e0817-5afb-4216-9295-0bfc5be424e2,Auto shipment 1877,78b74b5c-e459-4f23-b196-79e2b104375d,2025-03-19T00:00:00+00:00,2025-03-23T20:22:00+00:00,283,shipped,CUST-8471,synthetic,2025-03-22T00:00:00+00:00
857e5c13-b4b4-4094-963f-a7c0914b56f4,Auto shipment 1878,1c21be0f-7a41-4fd2-98f6-829a3308a50a,2025-10-25T00:00:00+00:00,2025-10-29T10:24:00+00:00,314,shipped,CUST-7595,synthetic,2025-10-28T00:00:00+00:00
f85fbdf5-169e-4eb3-bd43-d29781b54800,Auto shipment 1879,68db2e0c-1613-41ae-a22c-4959cbb08fe6,2024-12-02T00:00:00+00:00,2024-12-02T12:05:00+00:00,312,shipped,CUST-7823,synthetic,2024-12-01T00:00:00+00:00
f112a7c8-b17e-43e2-9863-6edb8eb6e589,Auto shipment 1880,68db2e0c-1613-41ae-a22c-4959cbb08fe6,2025-01-27T00:00:00+00:00,2025-01-31T22:11:00+00:00,173,shipped,CUST-3496,synthetic,2025-01-30T00:00:00+00:00
8b6ec0bf-7424-41a9-a4bd-02ac1f36ea03,Auto shipment 1881,68db2e0c-1613-41ae-a22c-4959cbb08fe6,2025-01-29T00:00:00+00:00,2025-02-02T16:34:00+00:00,345,shipped,CUST-7429,synthetic,2025-02-01T00:00:00+00:00
7f9dacfe-38b5-4775-9779-884afb732f5a,Auto shipment 1882,78b74b5c-e459-4f23-b196-79e2b104375d,2024-12-01T00:00:00+00:00,2024-12-02T17:05:00+00:00,328,shipped,CUST-2665,synthetic,2024-12-01T00:00:00+00:00
9bb814e9-1f41-430d-a24c-d58983e7478f,Auto shipment 1883,78b74b5c-e459-4f23-b196-79e2b104375d,2025-07-04T00:00:00+00:00,2025-07-08T02:38:00+00:00,116,shipped,CUST-4462,synthetic,2025-07-07T00:00:00+00:00
f8f1b1d2-9ace-416d-b58c-9f3abcd2a3a6,Auto shipment 1884,68db2e0c-1613-41ae-a22c-4959cbb08fe6,2025-05-30T00:00:00+00:00,2025-06-01T07:49:00+00:00,225,shipped,CUST-1165,synthetic,2025-05-31T00:00:00+00:00
ad8620a4-4175-4779-83fe-bf5749d6afdc,Auto shipment 1885,68db2e0c-1613-41ae-a22c-4959cbb08fe6,2024-12-28T00:00:00+00:00,2024-12-30T13:26:00+00:00,373,shipped,CUST-5624,synthetic,2024-12-29T00:00:00+00:00
1e98ac26-306e-4676-913f-6ec4d6f3791d,Auto shipment 1886,1c21be0f-7a41-4fd2-98f6-829a3308a50a,2025-10-12T00:00:00+00:00,2025-10-15T15:11:00+00:00,101,shipped,CUST-1926,synthetic,2025-10-14T00:00:00+00:00
9755625a-ee61-4ebc-ac84-9fa245686afd,Auto shipment 1887,68db2e0c-1613-41ae-a22c-4959cbb08fe6,2025-01-20T00:00:00+00:00,2025-01-21T12:52:00+00:00,129,shipped,CUST-9455,synthetic,2025-01-20T00:00:00+00:00
602a05d4-3d1f-40b0-a7aa-889a1853ba5c,Auto shipment 1888,78b74b5c-e459-4f23-b196-79e2b104375d,2024-12-24T00:00:00+00:00,2024-12-28T18:05:00+00:00,341,shipped,CUST-9490,synthetic,2024-12-27T00:00:00+00:00
76be11a9-7faf-406a-9722-38d09e62072e,Auto shipment 1889,68db2e0c-1613-41ae-a22c-4959cbb08fe6,2025-05-10T00:00:00+00:00,2025-05-12T18:49:00+00:00,360,shipped,CUST-6477,synthetic,2025-05-11T00:00:00+00:00
49143c7f-3143-4f24-a6b6-8cf19c6092b3,Auto shipment 1890,68db2e0c-1613-41ae-a22c-4959cbb08fe6,2025-03-15T00:00:00+00:00,2025-03-18T07:07:00+00:00,314,shipped,CUST-5062,synthetic,2025-03-17T00:00:00+00:00
e9bdd8cc-a148-409d-bf01-40af0cb965da,Auto shipment 1891,68db2e0c-1613-41ae-a22c-4959cbb08fe6,2025-11-01T00:00:00+00:00,2025-11-05T16:47:00+00:00,373,shipped,CUST-5371,synthetic,2025-11-04T00:00:00+00:00
67cd5c41-9f3d-4ad0-86b4-09c4cfc3b6c5,Auto shipment 1892,78b74b5c-e459-4f23-b196-79e2b104375d,2025-03-12T00:00:00+00:00,2025-03-14T05:41:00+00:00,115,shipped,CUST-1898,synthetic,2025-03-13T00:00:00+00:00
f3713ecb-0078-4a98-967f-229995b3d144,Auto shipment 1893,78b74b5c-e459-4f23-b196-79e2b104375d,2025-06-18T00:00:00+00:00,2025-06-20T12:04:00+00:00,248,shipped,CUST-1061,synthetic,2025-06-19T00:00:00+00:00
18952ec3-5d30-4359-ac0b-ff99c74258ce,Auto shipment 1894,1c21be0f-7a41-4fd2-98f6-829a3308a50a,2025-06-09T00:00:00+00:00,2025-06-12T17:56:00+00:00,177,shipped,CUST-8711,synthetic,2025-06-11T00:00:00+00:00
282b3298-d7c9-45a9-b66b-92926ef11c57,Auto shipment 1895,68db2e0c-1613-41ae-a22c-4959cbb08fe6,2025-08-22T00:00:00+00:00,2025-08-25T10:12:00+00:00,257,shipped,CUST-7135,synthetic,2025-08-24T00:00:00+00:00
5e66f8ba-03bd-48f8-98e0-9d6c06f132d9,Auto shipment 1896,78b74b5c-e459-4f23-b196-79e2b104375d,2024-12-04T00:00:00+00:00,2024-12-07T19:08:00+00:00,228,shipped,CUST-3039,synthetic,2024-12-06T00:00:00+00:00
ad6a6382-ce6c-4848-b5c5-b7f9fbb69f69,Auto shipment 1897,78b74b5c-e459-4f23-b196-79e2b104375d,2025-01-17T00:00:00+00:00,2025-01-21T15:52:00+00:00,350,shipped,CUST-4535,synthetic,2025-01-20T00:00:00+00:00
317e08bd-e0b7-4b94-a600-71287856e9a8,Auto shipment 1898,1c21be0f-7a41-4fd2-98f6-829a3308a50a,2025-10-29T00:00:00+00:00,2025-10-30T19:29:00+00:00,183,shipped,CUST-7194,synthetic,2025-10-29T00:00:00+00:00
89ec07fa-9125-434c-a786-f17dd94da703,Auto shipment 1899,1c21be0f-7a41-4fd2-98f6-829a3308a50a,2024-12-23T00:00:00+00:00,2024-12-26T02:33:00+00:00,367,shipped,CUST-4602,synthetic,2024-12-25T00:00:00+00:00
29bd3eaf-d911-4ebf-9bea-fc6dcdaf7ec7,Auto shipment 1900,78b74b5c-e459-4f23-b196-79e2b104375d,2025-05-31T00:00:00+00:00,2025-06-04T21:22:00+00:00,310,shipped,CUST-4342,synthetic,2025-06-03T00:00:00+00:00
24c49db2-f573-4d9b-a32d-5ed9263e9f89,Auto shipment 1901,78b74b5c-e459-4f23-b196-79e2b104375d,2025-04-21T00:00:00+00:00,2025-04-25T18:35:00+00:00,418,shipped,CUST-4955,synthetic,2025-04-24T00:00:00+00:00
e17878c3-1975-4c5b-880c-5245c32e256b,Auto shipment 1902,1c21be0f-7a41-4fd2-98f6-829a3308a50a,2025-07-08T00:00:00+00:00,2025-07-09T18:07:00+00:00,105,shipped,CUST-7257,synthetic,2025-07-08T00:00:00+00:00
f1936371-35da-44db-b800-93eca0f6d549,Auto shipment 1903,1c21be0f-7a41-4fd2-98f6-829a3308a50a,2025-09-05T00:00:00+00:00,2025-09-08T18:06:00+00:00,400,shipped,CUST-9368,synthetic,2025-09-07T00:00:00+00:00
1c78f706-7f69-4d2e-970d-6a20e6d2da32,Auto shipment 1904,68db2e0c-1613-41ae-a22c-4959cbb08fe6,2025-09-13T00:00:00+00:00,2025-09-14T21:08:00+00:00,362,shipped,CUST-4020,synthetic,2025-09-13T00:00:00+00:00
6886ea4c-2d53-49ba-a21e-5203014a8f0c,Auto shipment 1905,78b74b5c-e459-4f23-b196-79e2b104375d,2025-04-10T00:00:00+00:00,2025-04-13T20:35:00+00:00,268,shipped,CUST-9837,synthetic,2025-04-12T00:00:00+00:00
5871c09f-182e-4baf-98ab-e6f504119896,Auto shipment 1906,1c21be0f-7a41-4fd2-98f6-829a3308a50a,2025-08-17T00:00:00+00:00,2025-08-18T08:21:00+00:00,309,shipped,CUST-1430,synthetic,2025-08-17T00:00:00+00:00
7d209da1-5d22-4031-aa7a-cd4ceb92e614,Auto shipment 1907,78b74b5c-e459-4f23-b196-79e2b104375d,2025-01-25T00:00:00+00:00,2025-01-26T15:06:00+00:00,369,shipped,CUST-5859,synthetic,2025-01-25T00:00:00+00:00
0f4cb82e-b915-4a77-8ecd-98247215a22b,Auto shipment 1908,68db2e0c-1613-41ae-a22c-4959cbb08fe6,2025-10-22T00:00:00+00:00,2025-10-24T15:15:00+00:00,437,shipped,CUST-6818,synthetic,2025-10-23T00:00:00+00:00
d3448662-88f3-44e4-8ffc-938aeed6060e,Auto shipment 1909,68db2e0c-1613-41ae-a22c-4959cbb08fe6,2025-10-05T00:00:00+00:00,2025-10-08T09:19:00+00:00,273,shipped,CUST-9223,synthetic,2025-10-07T00:00:00+00:00
d7d45cc3-fb6b-4e5a-83bb-66393b51cb65,Auto shipment 1910,1c21be0f-7a41-4fd2-98f6-829a3308a50a,2025-06-11T00:00:00+00:00,2025-06-14T05:42:00+00:00,394,shipped,CUST-9711,synthetic,2025-06-13T00:00:00+00:00
b3fd1294-034e-4c95-bf4e-2310a07c97ec,Auto shipment 1911,78b74b5c-e459-4f23-b196-79e2b104375d,2025-10-07T00:00:00+00:00,2025-10-11T17:28:00+00:00,382,shipped,CUST-4446,synthetic,2025-10-10T00:00:00+00:00
3a4633b6-292d-4dff-b1a2-0cc5a8780c2f,Auto shipment 1912,1c21be0f-7a41-4fd2-98f6-829a3308a50a,2025-06-22T00:00:00+00:00,2025-06-25T05:44:00+00:00,262,shipped,CUST-8380,synthetic,2025-06-24T00:00:00+00:00
a1f0c264-1c72-4412-af2c-fb6be0462785,Auto shipment 1913,78b74b5c-e459-4f23-b196-79e2b104375d,2025-07-12T00:00:00+00:00,2025-07-15T11:09:00+00:00,153,shipped,CUST-9026,synthetic,2025-07-14T00:00:00+00:00
b7131553-c896-44a1-b72e-d0518d06eb93,Auto shipment 1914,68db2e0c-1613-41ae-a22c-4959cbb08fe6,2025-10-01T00:00:00+00:00,2025-10-02T00:41:00+00:00,414,shipped,CUST-1365,synthetic,2025-10-01T00:00:00+00:00
78a89734-98c5-4aa3-b315-7ba41b90b32e,Auto shipment 1915,68db2e0c-1613-41ae-a22c-4959cbb08fe6,2025-06-06T00:00:00+00:00,2025-06-08T03:16:00+00:00,434,shipped,CUST-5924,synthetic,2025-06-07T00:00:00+00:00
bec56054-34c4-4ae2-b541-2f87ea1193bd,Auto shipment 1916,68db2e0c-1613-41ae-a22c-4959cbb08fe6,2024-11-26T00:00:00+00:00,2024-11-30T13:21:00+00:00,402,shipped,CUST-2794,synthetic,2024-11-29T00:00:00+00:00
0694b832-5a97-4823-a5c1-55b1227fba40,Auto shipment 1917,1c21be0f-7a41-4fd2-98f6-829a3308a50a,2025-08-26T00:00:00+00:00,2025-08-26T07:42:00+00:00,318,shipped,CUST-5820,synthetic,2025-08-25T00:00:00+00:00
1302f2c0-6ab3-4b07-96b5-b52de23b7828,Auto shipment 1918,68db2e0c-1613-41ae-a22c-4959cbb08fe6,2025-05-19T00:00:00+00:00,2025-05-23T02:35:00+00:00,460,shipped,CUST-9650,synthetic,2025-05-22T00:00:00+00:00
fb4472d1-79ed-4498-9bfc-d4e9f0daabb8,Auto shipment 1919,1c21be0f-7a41-4fd2-98f6-829a3308a50a,2025-09-16T00:00:00+00:00,2025-09-18T08:33:00+00:00,199,shipped,CUST-3249,synthetic,2025-09-17T00:00:00+00:00
0b242e3f-974d-4769-ad1c-821fe398f9e0,Auto shipment 1920,1c21be0f-7a41-4fd2-98f6-829a3308a50a,2025-07-04T00:00:00+00:00,2025-07-05T06:46:00+00:00,264,shipped,CUST-9073,synthetic,2025-07-04T00:00:00+00:00
6e2700af-229b-4df8-bb24-4a0203b68976,Auto shipment 1921,1c21be0f-7a41-4fd2-98f6-829a3308a50a,2025-04-23T00:00:00+00:00,2025-04-25T00:04:00+00:00,262,shipped,CUST-8842,synthetic,2025-04-24T00:00:00+00:00
4c6e1f46-2d60-4154-9998-e7a3e362719e,Auto shipment 1922,78b74b5c-e459-4f23-b196-79e2b104375d,2025-03-02T00:00:00+00:00,2025-03-04T04:24:00+00:00,302,shipped,CUST-1974,synthetic,2025-03-03T00:00:00+00:00
f1560707-9882-4b56-b481-ee0f74d498e2,Auto shipment 1923,1c21be0f-7a41-4fd2-98f6-829a3308a50a,2024-11-06T00:00:00+00:00,2024-11-10T03:24:00+00:00,145,shipped,CUST-5029,synthetic,2024-11-09T00:00:00+00:00
2d33c75f-23dc-4a98-82f1-bff182577184,Auto shipment 1924,68db2e0c-1613-41ae-a22c-4959cbb08fe6,2025-04-30T00:00:00+00:00,2025-05-03T04:49:00+00:00,302,shipped,CUST-2049,synthetic,2025-05-02T00:00:00+00:00
e04f0449-4ef2-4a0f-8f82-8462d4291acd,Auto shipment 1925,1c21be0f-7a41-4fd2-98f6-829a3308a50a,2024-12-15T00:00:00+00:00,2024-12-15T07:49:00+00:00,367,shipped,CUST-1488,synthetic,2024-12-14T00:00:00+00:00
5210574a-a16b-4d31-afbc-3eadea7fb33b,Auto shipment 1926,68db2e0c-1613-41ae-a22c-4959cbb08fe6,2025-06-11T00:00:00+00:00,2025-06-14T16:50:00+00:00,374,shipped,CUST-5031,synthetic,2025-06-13T00:00:00+00:00
f58457d7-af98-48d2-a187-bcc4bfadec6d,Auto shipment 1927,68db2e0c-1613-41ae-a22c-4959cbb08fe6,2025-01-24T00:00:00+00:00,2025-01-24T06:12:00+00:00,215,shipped,CUST-3653,synthetic,2025-01-23T00:00:00+00:00
9dfd65e4-4fb6-494b-9949-b53dee1d8707,Auto shipment 1928,1c21be0f-7a41-4fd2-98f6-829a3308a50a,2025-01-18T00:00:00+00:00,2025-01-19T01:15:00+00:00,261,shipped,CUST-4679,synthetic,2025-01-18T00:00:00+00:00
d4d5fb43-debc-4fb0-872d-3b0b3849856a,Auto shipment 1929,68db2e0c-1613-41ae-a22c-4959cbb08fe6,2025-07-22T00:00:00+00:00,2025-07-24T00:24:00+00:00,383,shipped,CUST-2518,synthetic,2025-07-23T00:00:00+00:00
2eb9b1ac-385c-4533-911a-43cfa81f4867,Auto shipment 1930,1c21be0f-7a41-4fd2-98f6-829a3308a50a,2025-08-22T00:00:00+00:00,2025-08-26T06:52:00+00:00,292,shipped,CUST-7967,synthetic,2025-08-25T00:00:00+00:00
cf6d3a6d-9804-4ba5-93d2-70a82aac1bf9,Auto shipment 1931,68db2e0c-1613-41ae-a22c-4959cbb08fe6,2025-03-22T00:00:00+00:00,2025-03-22T10:22:00+00:00,108,shipped,CUST-9055,synthetic,2025-03-21T00:00:00+00:00
6bece75a-6016-47be-81f9-5eff15f435ea,Auto shipment 1932,78b74b5c-e459-4f23-b196-79e2b104375d,2025-08-30T00:00:00+00:00,2025-09-02T10:16:00+00:00,146,shipped,CUST-2212,synthetic,2025-09-01T00:00:00+00:00
10f64c64-18e2-43a3-89d2-ecb94127c70f,Auto shipment 1933,68db2e0c-1613-41ae-a22c-4959cbb08fe6,2025-06-21T00:00:00+00:00,2025-06-21T09:01:00+00:00,440,shipped,CUST-3020,synthetic,2025-06-20T00:00:00+00:00
3eb4b422-e124-49aa-8d8a-b22d16442d9c,Auto shipment 1934,78b74b5c-e459-4f23-b196-79e2b104375d,2025-07-31T00:00:00+00:00,2025-08-01T07:38:00+00:00,353,shipped,CUST-3065,synthetic,2025-07-31T00:00:00+00:00
182ef5b3-014f-4281-9437-c8e71cace1e2,Auto shipment 1935,68db2e0c-1613-41ae-a22c-4959cbb08fe6,2025-09-03T00:00:00+00:00,2025-09-05T00:43:00+00:00,394,shipped,CUST-7310,synthetic,2025-09-04T00:00:00+00:00
0b743fe2-4846-4f4b-af91-1eab7001be2c,Auto shipment 1936,68db2e0c-1613-41ae-a22c-4959cbb08fe6,2024-11-29T00:00:00+00:00,2024-12-01T09:57:00+00:00,215,shipped,CUST-8242,synthetic,2024-11-30T00:00:00+00:00
52a473f1-89e2-4889-92ba-1720b03ff72a,Auto shipment 1937,1c21be0f-7a41-4fd2-98f6-829a3308a50a,2024-11-26T00:00:00+00:00,2024-11-26T09:34:00+00:00,368,shipped,CUST-3893,synthetic,2024-11-25T00:00:00+00:00
89063329-c0e1-40d8-866b-df348142154a,Auto shipment 1938,1c21be0f-7a41-4fd2-98f6-829a3308a50a,2025-04-01T00:00:00+00:00,2025-04-03T15:44:00+00:00,331,shipped,CUST-5277,synthetic,2025-04-02T00:00:00+00:00
e6e277d1-9c89-40e1-82cd-00e3e6abb474,Auto shipment 1939,68db2e0c-1613-41ae-a22c-4959cbb08fe6,2025-02-15T00:00:00+00:00,2025-02-18T06:30:00+00:00,232,shipped,CUST-2987,synthetic,2025-02-17T00:00:00+00:00
b709fc6b-25ea-4be8-ba87-59a6253c6f2b,Auto shipment 1940,78b74b5c-e459-4f23-b196-79e2b104375d,2025-05-05T00:00:00+00:00,2025-05-07T02:28:00+00:00,163,shipped,CUST-8186,synthetic,2025-05-06T00:00:00+00:00
51668b9c-3d46-4093-a05f-2eea7d61cc9d,Auto shipment 1941,78b74b5c-e459-4f23-b196-79e2b104375d,2025-01-29T00:00:00+00:00,2025-01-30T02:49:00+00:00,296,shipped,CUST-8773,synthetic,2025-01-29T00:00:00+00:00
9713da5a-64d8-44d2-a30e-a520cfe04212,Auto shipment 1942,68db2e0c-1613-41ae-a22c-4959cbb08fe6,2025-09-16T00:00:00+00:00,2025-09-16T04:32:00+00:00,202,shipped,CUST-4963,synthetic,2025-09-15T00:00:00+00:00
8dd88795-463e-4206-a363-5ab8bfc32dc3,Auto shipment 1943,1c21be0f-7a41-4fd2-98f6-829a3308a50a,2025-04-09T00:00:00+00:00,2025-04-12T10:02:00+00:00,229,shipped,CUST-6535,synthetic,2025-04-11T00:00:00+00:00
c22ceb7f-ef26-4cf8-8ee9-bbf9ec31d278,Auto shipment 1944,1c21be0f-7a41-4fd2-98f6-829a3308a50a,2025-06-12T00:00:00+00:00,2025-06-13T09:17:00+00:00,136,shipped,CUST-3867,synthetic,2025-06-12T00:00:00+00:00
4f31894a-3aed-4232-87b4-5d555592c04a,Auto shipment 1945,1c21be0f-7a41-4fd2-98f6-829a3308a50a,2025-01-24T00:00:00+00:00,2025-01-28T04:22:00+00:00,263,shipped,CUST-6022,synthetic,2025-01-27T00:00:00+00:00
f9335ce1-a97b-42ba-903f-5a265f87faa6,Auto shipment 1946,68db2e0c-1613-41ae-a22c-4959cbb08fe6,2025-06-03T00:00:00+00:00,2025-06-03T01:12:00+00:00,447,shipped,CUST-5436,synthetic,2025-06-02T00:00:00+00:00
5542bf3c-826c-432e-96d0-24c9320d836d,Auto shipment 1947,1c21be0f-7a41-4fd2-98f6-829a3308a50a,2025-07-31T00:00:00+00:00,2025-08-01T21:30:00+00:00,102,shipped,CUST-3209,synthetic,2025-07-31T00:00:00+00:00
4a286309-cbad-4819-b4e3-cdfc5221bce5,Auto shipment 1948,68db2e0c-1613-41ae-a22c-4959cbb08fe6,2025-01-28T00:00:00+00:00,2025-02-01T12:26:00+00:00,404,shipped,CUST-7011,synthetic,2025-01-31T00:00:00+00:00
23decae7-ec5d-469f-a4ae-9b482e75db75,Auto shipment 1949,1c21be0f-7a41-4fd2-98f6-829a3308a50a,2025-07-16T00:00:00+00:00,2025-07-19T03:46:00+00:00,239,shipped,CUST-5180,synthetic,2025-07-18T00:00:00+00:00
592041f2-57bc-4b3c-941e-866f1541d34c,Auto shipment 1950,68db2e0c-1613-41ae-a22c-4959cbb08fe6,2025-05-15T00:00:00+00:00,2025-05-16T20:58:00+00:00,369,shipped,CUST-2090,synthetic,2025-05-15T00:00:00+00:00
feb3a426-6436-4695-92f7-f421622bf753,Auto shipment 1951,68db2e0c-1613-41ae-a22c-4959cbb08fe6,2025-09-30T00:00:00+00:00,2025-10-04T22:57:00+00:00,309,shipped,CUST-5262,synthetic,2025-10-03T00:00:00+00:00
0c567686-a5a5-49db-b4a6-571a8b9eb0a7,Auto shipment 1952,68db2e0c-1613-41ae-a22c-4959cbb08fe6,2025-06-13T00:00:00+00:00,2025-06-16T14:48:00+00:00,416,shipped,CUST-6331,synthetic,2025-06-15T00:00:00+00:00
6e6559e1-b8a4-41ac-b3d5-5d9133a6d342,Auto shipment 1953,78b74b5c-e459-4f23-b196-79e2b104375d,2024-12-15T00:00:00+00:00,2024-12-16T05:23:00+00:00,258,shipped,CUST-7368,synthetic,2024-12-15T00:00:00+00:00
dee102e6-d89e-45a7-b8bd-f1abbfb14077,Auto shipment 1954,1c21be0f-7a41-4fd2-98f6-829a3308a50a,2025-03-10T00:00:00+00:00,2025-03-13T11:40:00+00:00,422,shipped,CUST-4784,synthetic,2025-03-12T00:00:00+00:00
8921b990-3deb-4316-ab96-0fc0beca3a5f,Auto shipment 1955,78b74b5c-e459-4f23-b196-79e2b104375d,2025-02-28T00:00:00+00:00,2025-03-02T21:50:00+00:00,380,shipped,CUST-9597,synthetic,2025-03-01T00:00:00+00:00
7f5f551b-4c95-4019-961d-7c2988ccac47,Auto shipment 1956,68db2e0c-1613-41ae-a22c-4959cbb08fe6,2024-12-09T00:00:00+00:00,2024-12-11T09:30:00+00:00,118,shipped,CUST-9365,synthetic,2024-12-10T00:00:00+00:00
6571389a-ffdd-429d-a780-cecf7d890399,Auto shipment 1957,1c21be0f-7a41-4fd2-98f6-829a3308a50a,2025-05-28T00:00:00+00:00,2025-05-30T15:23:00+00:00,282,shipped,CUST-9219,synthetic,2025-05-29T00:00:00+00:00
3918e214-6180-47e9-a811-2c37979e8f24,Auto shipment 1958,1c21be0f-7a41-4fd2-98f6-829a3308a50a,2025-10-14T00:00:00+00:00,2025-10-14T14:39:00+00:00,124,shipped,CUST-1801,synthetic,2025-10-13T00:00:00+00:00
6fb74dce-f3ca-4f63-978a-297f82ea8ac9,Auto shipment 1959,78b74b5c-e459-4f23-b196-79e2b104375d,2025-04-06T00:00:00+00:00,2025-04-10T16:36:00+00:00,194,shipped,CUST-9061,synthetic,2025-04-09T00:00:00+00:00
342899e6-7d07-4eb9-859a-25c59a091c43,Auto shipment 1960,1c21be0f-7a41-4fd2-98f6-829a3308a50a,2025-06-08T00:00:00+00:00,2025-06-12T21:50:00+00:00,153,shipped,CUST-1616,synthetic,2025-06-11T00:00:00+00:00
36b05d2e-0416-45dd-8d72-ba90a9392886,Auto shipment 1961,68db2e0c-1613-41ae-a22c-4959cbb08fe6,2025-06-07T00:00:00+00:00,2025-06-08T18:37:00+00:00,160,shipped,CUST-6476,synthetic,2025-06-07T00:00:00+00:00
68d95b24-9b88-48f4-bd74-781d90c4991f,Auto shipment 1962,68db2e0c-1613-41ae-a22c-4959cbb08fe6,2024-11-27T00:00:00+00:00,2024-11-29T15:38:00+00:00,400,shipped,CUST-1030,synthetic,2024-11-28T00:00:00+00:00
c6f5681c-5e45-48c6-b682-943e3809460a,Auto shipment 1963,1c21be0f-7a41-4fd2-98f6-829a3308a50a,2025-01-14T00:00:00+00:00,2025-01-18T04:28:00+00:00,376,shipped,CUST-1988,synthetic,2025-01-17T00:00:00+00:00
b491e3d5-8e88-44e3-9dd6-69eec0cd2cf9,Auto shipment 1964,78b74b5c-e459-4f23-b196-79e2b104375d,2025-11-08T00:00:00+00:00,2025-11-08T01:07:00+00:00,249,shipped,CUST-3613,synthetic,2025-11-07T00:00:00+00:00
65c5d1a0-49da-4ae4-bbde-5628383c5b3e,Auto shipment 1965,78b74b5c-e459-4f23-b196-79e2b104375d,2025-07-05T00:00:00+00:00,2025-07-07T06:40:00+00:00,269,shipped,CUST-8132,synthetic,2025-07-06T00:00:00+00:00
fdaeed7c-eb32-482e-8adc-db276ba0a2b3,Auto shipment 1966,1c21be0f-7a41-4fd2-98f6-829a3308a50a,2025-09-29T00:00:00+00:00,2025-10-03T12:10:00+00:00,130,shipped,CUST-8311,synthetic,2025-10-02T00:00:00+00:00
b10e4eea-b8ba-4a20-8d6a-57bdfc0375aa,Auto shipment 1967,78b74b5c-e459-4f23-b196-79e2b104375d,2025-02-05T00:00:00+00:00,2025-02-06T00:41:00+00:00,170,shipped,CUST-3618,synthetic,2025-02-05T00:00:00+00:00
3339db47-1da3-4c4b-9f86-03bf94573616,Auto shipment 1968,78b74b5c-e459-4f23-b196-79e2b104375d,2024-12-06T00:00:00+00:00,2024-12-08T04:20:00+00:00,414,shipped,CUST-5865,synthetic,2024-12-07T00:00:00+00:00
784ddb59-d901-488d-969a-dbab68e63e61,Auto shipment 1969,1c21be0f-7a41-4fd2-98f6-829a3308a50a,2025-04-05T00:00:00+00:00,2025-04-07T01:52:00+00:00,176,shipped,CUST-4531,synthetic,2025-04-06T00:00:00+00:00
266745f0-932f-490f-a2d9-db123b342666,Auto shipment 1970,1c21be0f-7a41-4fd2-98f6-829a3308a50a,2025-08-05T00:00:00+00:00,2025-08-07T07:06:00+00:00,451,shipped,CUST-2991,synthetic,2025-08-06T00:00:00+00:00
d2eddb69-e0aa-49f7-9cc4-490f2257ae10,Auto shipment 1971,1c21be0f-7a41-4fd2-98f6-829a3308a50a,2025-07-13T00:00:00+00:00,2025-07-16T21:55:00+00:00,289,shipped,CUST-3681,synthetic,2025-07-15T00:00:00+00:00
6c3c476b-847f-4f44-8b13-726d84a5cc9c,Auto shipment 1972,1c21be0f-7a41-4fd2-98f6-829a3308a50a,2025-05-11T00:00:00+00:00,2025-05-11T16:01:00+00:00,165,shipped,CUST-9567,synthetic,2025-05-10T00:00:00+00:00
0b273bfa-f2f7-4565-9b39-752d48f5d6e2,Auto shipment 1973,1c21be0f-7a41-4fd2-98f6-829a3308a50a,2025-10-27T00:00:00+00:00,2025-10-28T13:00:00+00:00,249,shipped,CUST-9001,synthetic,2025-10-27T00:00:00+00:00
074dc3bf-830d-4767-89d1-6d586168555d,Auto shipment 1974,1c21be0f-7a41-4fd2-98f6-829a3308a50a,2025-04-23T00:00:00+00:00,2025-04-25T17:34:00+00:00,283,shipped,CUST-8619,synthetic,2025-04-24T00:00:00+00:00
0a94be7d-acf0-4540-aac6-c5dac633f6b2,Auto shipment 1975,1c21be0f-7a41-4fd2-98f6-829a3308a50a,2025-01-01T00:00:00+00:00,2025-01-04T10:28:00+00:00,376,shipped,CUST-9644,synthetic,2025-01-03T00:00:00+00:00
fdc7323e-292d-44d4-bbc3-afa10e57fdad,Auto shipment 1976,78b74b5c-e459-4f23-b196-79e2b104375d,2025-09-07T00:00:00+00:00,2025-09-08T04:04:00+00:00,522,shipped,CUST-4119,synthetic,2025-09-07T00:00:00+00:00
114a4a58-b344-4b65-a726-4834519bada0,Auto shipment 1977,1c21be0f-7a41-4fd2-98f6-829a3308a50a,2025-04-21T00:00:00+00:00,2025-04-22T13:55:00+00:00,238,shipped,CUST-9927,synthetic,2025-04-21T00:00:00+00:00
23e3dbf3-3ede-4748-8f55-23851cf837b7,Auto shipment 1978,68db2e0c-1613-41ae-a22c-4959cbb08fe6,2025-03-25T00:00:00+00:00,2025-03-29T07:03:00+00:00,262,shipped,CUST-2189,synthetic,2025-03-28T00:00:00+00:00
5f12bffe-3502-486c-af9f-f58da005f2d5,Auto shipment 1979,78b74b5c-e459-4f23-b196-79e2b104375d,2025-02-19T00:00:00+00:00,2025-02-19T21:13:00+00:00,310,shipped,CUST-1465,synthetic,2025-02-18T00:00:00+00:00
7ebc4637-dba0-4b0b-a13e-a9ad8c897d4d,Auto shipment 1980,1c21be0f-7a41-4fd2-98f6-829a3308a50a,2025-04-26T00:00:00+00:00,2025-04-26T05:13:00+00:00,360,shipped,CUST-6356,synthetic,2025-04-25T00:00:00+00:00
5b1f9582-d438-482e-8386-2f78329e0511,Auto shipment 1981,68db2e0c-1613-41ae-a22c-4959cbb08fe6,2025-02-06T00:00:00+00:00,2025-02-10T06:40:00+00:00,406,shipped,CUST-5719,synthetic,2025-02-09T00:00:00+00:00
d8d2aaf3-82fa-4a3d-92e7-afe3585dfe8e,Auto shipment 1982,1c21be0f-7a41-4fd2-98f6-829a3308a50a,2025-06-04T00:00:00+00:00,2025-06-05T17:23:00+00:00,343,shipped,CUST-1860,synthetic,2025-06-04T00:00:00+00:00
5f5ed11c-7276-4687-a2cb-2429b4188af2,Auto shipment 1983,68db2e0c-1613-41ae-a22c-4959cbb08fe6,2025-05-24T00:00:00+00:00,2025-05-24T19:17:00+00:00,292,shipped,CUST-1618,synthetic,2025-05-23T00:00:00+00:00
b10360e3-acf9-466d-b215-26dfc77c5662,Auto shipment 1984,1c21be0f-7a41-4fd2-98f6-829a3308a50a,2025-11-02T00:00:00+00:00,2025-11-06T02:54:00+00:00,152,shipped,CUST-1548,synthetic,2025-11-05T00:00:00+00:00
97f26017-dba3-42c0-8917-475768a93f45,Auto shipment 1985,78b74b5c-e459-4f23-b196-79e2b104375d,2025-09-10T00:00:00+00:00,2025-09-11T21:48:00+00:00,339,shipped,CUST-3937,synthetic,2025-09-10T00:00:00+00:00
43166168-3982-49cb-ae43-41b6d501461d,Auto shipment 1986,78b74b5c-e459-4f23-b196-79e2b104375d,2025-10-13T00:00:00+00:00,2025-10-15T03:14:00+00:00,157,shipped,CUST-1204,synthetic,2025-10-14T00:00:00+00:00
fb572c49-5234-4d3f-8cf7-8be0955323e8,Auto shipment 1987,68db2e0c-1613-41ae-a22c-4959cbb08fe6,2024-12-08T00:00:00+00:00,2024-12-12T12:20:00+00:00,364,shipped,CUST-3835,synthetic,2024-12-11T00:00:00+00:00
e592503a-7dc6-4cc2-9aef-9d3ce6f48339,Auto shipment 1988,78b74b5c-e459-4f23-b196-79e2b104375d,2025-02-27T00:00:00+00:00,2025-02-27T04:42:00+00:00,389,shipped,CUST-6729,synthetic,2025-02-26T00:00:00+00:00
93228742-8fbc-4d4d-a7df-b5fc289e4785,Auto shipment 1989,1c21be0f-7a41-4fd2-98f6-829a3308a50a,2025-09-02T00:00:00+00:00,2025-09-04T12:43:00+00:00,144,shipped,CUST-2595,synthetic,2025-09-03T00:00:00+00:00
c67b1ecb-c39c-4770-9bd2-cfd192cd5d18,Auto shipment 1990,68db2e0c-1613-41ae-a22c-4959cbb08fe6,2025-08-22T00:00:00+00:00,2025-08-23T00:28:00+00:00,287,shipped,CUST-3908,synthetic,2025-08-22T00:00:00+00:00
6d620159-cff7-4967-8f8c-c45826860fef,Auto shipment 1991,78b74b5c-e459-4f23-b196-79e2b104375d,2025-01-09T00:00:00+00:00,2025-01-12T07:34:00+00:00,143,shipped,CUST-7392,synthetic,2025-01-11T00:00:00+00:00
8bf059e2-b540-490b-9bfb-519e57be4edd,Auto shipment 1992,78b74b5c-e459-4f23-b196-79e2b104375d,2025-08-14T00:00:00+00:00,2025-08-15T12:52:00+00:00,145,shipped,CUST-3999,synthetic,2025-08-14T00:00:00+00:00
9e6fd26e-3a49-46dd-8343-98d0f682614b,Auto shipment 1993,1c21be0f-7a41-4fd2-98f6-829a3308a50a,2025-06-28T00:00:00+00:00,2025-06-30T12:30:00+00:00,285,shipped,CUST-7714,synthetic,2025-06-29T00:00:00+00:00
fce61e0f-646f-4eaa-b3de-665c9bab825e,Auto shipment 1994,68db2e0c-1613-41ae-a22c-4959cbb08fe6,2025-01-31T00:00:00+00:00,2025-01-31T07:29:00+00:00,232,shipped,CUST-5994,synthetic,2025-01-30T00:00:00+00:00
78580628-dc42-419b-8965-40ad63819842,Auto shipment 1995,68db2e0c-1613-41ae-a22c-4959cbb08fe6,2025-05-26T00:00:00+00:00,2025-05-26T15:03:00+00:00,409,shipped,CUST-2469,synthetic,2025-05-25T00:00:00+00:00
a71270ee-36f9-464f-a2c8-7ab0a519fc6c,Auto shipment 1996,78b74b5c-e459-4f23-b196-79e2b104375d,2025-06-28T00:00:00+00:00,2025-06-29T06:42:00+00:00,470,shipped,CUST-6600,synthetic,2025-06-28T00:00:00+00:00
c9096bad-21d7-4bc1-9d27-2b353625cbb2,Auto shipment 1997,78b74b5c-e459-4f23-b196-79e2b104375d,2025-06-06T00:00:00+00:00,2025-06-09T01:21:00+00:00,280,shipped,CUST-1911,synthetic,2025-06-08T00:00:00+00:00
71ea07ae-f1c4-4ce9-bc10-8445d3661762,Auto shipment 1998,78b74b5c-e459-4f23-b196-79e2b104375d,2025-03-09T00:00:00+00:00,2025-03-12T11:49:00+00:00,213,shipped,CUST-8379,synthetic,2025-03-11T00:00:00+00:00
a153a347-a823-4f70-afa7-349381333503,Auto shipment 1999,1c21be0f-7a41-4fd2-98f6-829a3308a50a,2024-12-28T00:00:00+00:00,2024-12-30T02:25:00+00:00,150,shipped,CUST-7325,synthetic,2024-12-29T00:00:00+00:00
cd93fbc5-88e4-445f-88f8-2e03f3d66efc,Auto shipment 2000,78b74b5c-e459-4f23-b196-79e2b104375d,2025-08-22T00:00:00+00:00,2025-08-22T08:28:00+00:00,154,shipped,CUST-9316,synthetic,2025-08-21T00:00:00+00:00
76da0a33-de79-4be3-848c-ae87eb87ac95,Auto shipment 2001,1c21be0f-7a41-4fd2-98f6-829a3308a50a,2025-09-17T00:00:00+00:00,2025-09-20T09:01:00+00:00,148,shipped,CUST-8540,synthetic,2025-09-19T00:00:00+00:00
dc843d54-2166-4cc7-9398-345848e79e9f,Auto shipment 2002,1c21be0f-7a41-4fd2-98f6-829a3308a50a,2025-05-08T00:00:00+00:00,2025-05-08T17:57:00+00:00,221,shipped,CUST-7929,synthetic,2025-05-07T00:00:00+00:00
a82219db-dc30-44be-baca-b5e3954cb84b,Auto shipment 2003,68db2e0c-1613-41ae-a22c-4959cbb08fe6,2025-10-30T00:00:00+00:00,2025-10-31T20:04:00+00:00,339,shipped,CUST-1791,synthetic,2025-10-30T00:00:00+00:00
1bebb7a1-8a17-4531-93ac-068590364d5f,Auto shipment 2004,78b74b5c-e459-4f23-b196-79e2b104375d,2025-03-28T00:00:00+00:00,2025-03-29T01:11:00+00:00,396,shipped,CUST-2215,synthetic,2025-03-28T00:00:00+00:00
402d1fa2-44e3-4d29-b139-381ad430a5d8,Auto shipment 2005,78b74b5c-e459-4f23-b196-79e2b104375d,2025-09-25T00:00:00+00:00,2025-09-25T21:08:00+00:00,338,shipped,CUST-6354,synthetic,2025-09-24T00:00:00+00:00
a3c640b2-21e8-4c34-a2be-71517a18b5bc,Auto shipment 2006,1c21be0f-7a41-4fd2-98f6-829a3308a50a,2025-04-07T00:00:00+00:00,2025-04-08T05:43:00+00:00,169,shipped,CUST-2827,synthetic,2025-04-07T00:00:00+00:00
3de40b05-d0a5-4962-a47a-1d49d548a9d6,Auto shipment 2007,1c21be0f-7a41-4fd2-98f6-829a3308a50a,2025-01-12T00:00:00+00:00,2025-01-12T14:07:00+00:00,266,shipped,CUST-5423,synthetic,2025-01-11T00:00:00+00:00
4b872580-a8d8-44f7-860a-a9e0cdf2e990,Auto shipment 2008,68db2e0c-1613-41ae-a22c-4959cbb08fe6,2024-12-07T00:00:00+00:00,2024-12-07T04:15:00+00:00,196,shipped,CUST-2467,synthetic,2024-12-06T00:00:00+00:00
555627f1-b47c-4653-9f29-77a6245d56d8,Auto shipment 2009,68db2e0c-1613-41ae-a22c-4959cbb08fe6,2025-04-15T00:00:00+00:00,2025-04-19T03:35:00+00:00,298,shipped,CUST-9356,synthetic,2025-04-18T00:00:00+00:00
2e5775b3-a106-4404-9194-d1bc2b1d1c3f,Auto shipment 2010,68db2e0c-1613-41ae-a22c-4959cbb08fe6,2024-12-11T00:00:00+00:00,2024-12-15T00:19:00+00:00,396,shipped,CUST-2918,synthetic,2024-12-14T00:00:00+00:00
b1cca4e1-9605-48eb-b5fe-2e64df739462,Auto shipment 2011,1c21be0f-7a41-4fd2-98f6-829a3308a50a,2025-02-17T00:00:00+00:00,2025-02-20T21:38:00+00:00,244,shipped,CUST-2430,synthetic,2025-02-19T00:00:00+00:00
17d79398-e552-4e66-a3fa-a5e05c1b303b,Auto shipment 2012,78b74b5c-e459-4f23-b196-79e2b104375d,2025-05-08T00:00:00+00:00,2025-05-11T14:43:00+00:00,453,shipped,CUST-4940,synthetic,2025-05-10T00:00:00+00:00
1e1f2727-1174-459f-a176-3da3db8cefb4,Auto shipment 2013,78b74b5c-e459-4f23-b196-79e2b104375d,2025-02-03T00:00:00+00:00,2025-02-06T07:33:00+00:00,302,shipped,CUST-4761,synthetic,2025-02-05T00:00:00+00:00
4cf65a9c-5b8f-45c9-a2e0-b94e52c47119,Auto shipment 2014,68db2e0c-1613-41ae-a22c-4959cbb08fe6,2025-06-23T00:00:00+00:00,2025-06-24T19:42:00+00:00,476,shipped,CUST-5144,synthetic,2025-06-23T00:00:00+00:00
10e156f0-fe34-4d2b-9a58-c330cd1c437c,Auto shipment 2015,68db2e0c-1613-41ae-a22c-4959cbb08fe6,2025-10-23T00:00:00+00:00,2025-10-23T19:26:00+00:00,196,shipped,CUST-3731,synthetic,2025-10-22T00:00:00+00:00
4c56eb52-d3e8-4e41-ab24-d668cf3b0577,Auto shipment 2016,78b74b5c-e459-4f23-b196-79e2b104375d,2025-07-12T00:00:00+00:00,2025-07-16T07:46:00+00:00,468,shipped,CUST-2440,synthetic,2025-07-15T00:00:00+00:00
369d7700-9068-4da9-b6b2-3552cb657fb4,Auto shipment 2017,1c21be0f-7a41-4fd2-98f6-829a3308a50a,2025-10-17T00:00:00+00:00,2025-10-20T02:30:00+00:00,212,shipped,CUST-2859,synthetic,2025-10-19T00:00:00+00:00
df7fea3e-75db-4c5c-86c9-9525b292a172,Auto shipment 2018,1c21be0f-7a41-4fd2-98f6-829a3308a50a,2025-03-19T00:00:00+00:00,2025-03-22T07:46:00+00:00,375,shipped,CUST-6613,synthetic,2025-03-21T00:00:00+00:00
3ad9dfb7-2dbc-4f45-8ef8-4f2a621d78ee,Auto shipment 2019,1c21be0f-7a41-4fd2-98f6-829a3308a50a,2025-09-05T00:00:00+00:00,2025-09-07T07:13:00+00:00,304,shipped,CUST-7725,synthetic,2025-09-06T00:00:00+00:00
25dc66be-4e83-4041-805e-1381b21aadac,Auto shipment 2020,68db2e0c-1613-41ae-a22c-4959cbb08fe6,2025-02-24T00:00:00+00:00,2025-02-25T08:30:00+00:00,126,shipped,CUST-7482,synthetic,2025-02-24T00:00:00+00:00
cc7ea916-b947-497f-b153-0aba0c51609d,Auto shipment 2021,68db2e0c-1613-41ae-a22c-4959cbb08fe6,2025-06-12T00:00:00+00:00,2025-06-13T10:11:00+00:00,414,shipped,CUST-2452,synthetic,2025-06-12T00:00:00+00:00
59ec8444-c142-4197-9bb6-c9fe9680aaad,Auto shipment 2022,1c21be0f-7a41-4fd2-98f6-829a3308a50a,2025-05-25T00:00:00+00:00,2025-05-27T12:10:00+00:00,136,shipped,CUST-4940,synthetic,2025-05-26T00:00:00+00:00
56f1e6bf-8c23-4785-bcbc-e35baabfc9a0,Auto shipment 2023,78b74b5c-e459-4f23-b196-79e2b104375d,2025-10-24T00:00:00+00:00,2025-10-26T05:13:00+00:00,346,shipped,CUST-2400,synthetic,2025-10-25T00:00:00+00:00
0690fd16-72b9-456e-9e19-a068d51c2610,Auto shipment 2024,78b74b5c-e459-4f23-b196-79e2b104375d,2025-10-31T00:00:00+00:00,2025-10-31T08:46:00+00:00,443,shipped,CUST-4593,synthetic,2025-10-30T00:00:00+00:00
b09a9284-873a-42c7-a087-4669602b9c28,Auto shipment 2025,1c21be0f-7a41-4fd2-98f6-829a3308a50a,2024-11-23T00:00:00+00:00,2024-11-23T19:37:00+00:00,304,shipped,CUST-7998,synthetic,2024-11-22T00:00:00+00:00
dbb8c2a4-f420-4eb1-9943-aff08ab7ef1c,Auto shipment 2026,78b74b5c-e459-4f23-b196-79e2b104375d,2025-04-09T00:00:00+00:00,2025-04-13T14:57:00+00:00,189,shipped,CUST-4552,synthetic,2025-04-12T00:00:00+00:00
98352604-c61c-4449-8517-4d4e598c9220,Auto shipment 2027,78b74b5c-e459-4f23-b196-79e2b104375d,2025-07-11T00:00:00+00:00,2025-07-11T17:39:00+00:00,226,shipped,CUST-8214,synthetic,2025-07-10T00:00:00+00:00
2594a5f3-5c5d-4f53-b9e0-e893fc884826,Auto shipment 2028,68db2e0c-1613-41ae-a22c-4959cbb08fe6,2025-07-11T00:00:00+00:00,2025-07-15T22:22:00+00:00,318,shipped,CUST-2029,synthetic,2025-07-14T00:00:00+00:00
0316deff-7621-444d-98ba-89ce06e9fb17,Auto shipment 2029,78b74b5c-e459-4f23-b196-79e2b104375d,2025-07-11T00:00:00+00:00,2025-07-13T10:53:00+00:00,255,shipped,CUST-6253,synthetic,2025-07-12T00:00:00+00:00
289020fc-c638-44f7-a12f-7dc8ca24bab4,Auto shipment 2030,1c21be0f-7a41-4fd2-98f6-829a3308a50a,2025-04-19T00:00:00+00:00,2025-04-21T05:21:00+00:00,248,shipped,CUST-8151,synthetic,2025-04-20T00:00:00+00:00
556f4edd-5c23-4d4c-b380-03c0a300f5e2,Auto shipment 2031,68db2e0c-1613-41ae-a22c-4959cbb08fe6,2025-05-27T00:00:00+00:00,2025-05-31T12:10:00+00:00,491,shipped,CUST-8369,synthetic,2025-05-30T00:00:00+00:00
3e75a655-a28c-4e10-986f-d76db26b1224,Auto shipment 2032,78b74b5c-e459-4f23-b196-79e2b104375d,2025-10-08T00:00:00+00:00,2025-10-09T05:09:00+00:00,218,shipped,CUST-9770,synthetic,2025-10-08T00:00:00+00:00
6ea026f7-f9d5-4ebb-bb6b-f6f35cc54b5c,Auto shipment 2033,1c21be0f-7a41-4fd2-98f6-829a3308a50a,2025-07-14T00:00:00+00:00,2025-07-18T07:22:00+00:00,254,shipped,CUST-5786,synthetic,2025-07-17T00:00:00+00:00
4f40737e-6a42-417d-b276-af104737bb6f,Auto shipment 2034,1c21be0f-7a41-4fd2-98f6-829a3308a50a,2025-04-09T00:00:00+00:00,2025-04-11T08:34:00+00:00,250,shipped,CUST-9884,synthetic,2025-04-10T00:00:00+00:00
654f0650-4d3c-45cb-8ba5-112e5b8dad80,Auto shipment 2035,1c21be0f-7a41-4fd2-98f6-829a3308a50a,2025-03-24T00:00:00+00:00,2025-03-25T14:52:00+00:00,318,shipped,CUST-2626,synthetic,2025-03-24T00:00:00+00:00
593f4727-86cd-4c4e-a488-81774bffc7cc,Auto shipment 2036,68db2e0c-1613-41ae-a22c-4959cbb08fe6,2024-12-18T00:00:00+00:00,2024-12-21T22:02:00+00:00,145,shipped,CUST-4835,synthetic,2024-12-20T00:00:00+00:00
2a4aef5a-39c5-4365-902a-019dc82c7af8,Auto shipment 2037,1c21be0f-7a41-4fd2-98f6-829a3308a50a,2025-03-24T00:00:00+00:00,2025-03-28T13:26:00+00:00,318,shipped,CUST-1474,synthetic,2025-03-27T00:00:00+00:00
fd86b119-5eb1-4ba3-9906-24f4666e25ad,Auto shipment 2038,78b74b5c-e459-4f23-b196-79e2b104375d,2025-07-16T00:00:00+00:00,2025-07-17T17:16:00+00:00,308,shipped,CUST-2485,synthetic,2025-07-16T00:00:00+00:00
7f19bd82-c337-452b-82d7-2aa9b637322f,Auto shipment 2039,1c21be0f-7a41-4fd2-98f6-829a3308a50a,2025-09-04T00:00:00+00:00,2025-09-05T17:23:00+00:00,324,shipped,CUST-1227,synthetic,2025-09-04T00:00:00+00:00
1845a091-f57f-4556-987c-7a27fa58bc84,Auto shipment 2040,78b74b5c-e459-4f23-b196-79e2b104375d,2024-11-22T00:00:00+00:00,2024-11-23T14:04:00+00:00,120,shipped,CUST-7107,synthetic,2024-11-22T00:00:00+00:00
3e9ee5c5-9b42-4342-a059-341c6fdea4c2,Auto shipment 2041,68db2e0c-1613-41ae-a22c-4959cbb08fe6,2025-02-13T00:00:00+00:00,2025-02-14T15:57:00+00:00,304,shipped,CUST-9708,synthetic,2025-02-13T00:00:00+00:00
ae457c52-0d5e-40be-8738-857012e6f5a7,Auto shipment 2042,1c21be0f-7a41-4fd2-98f6-829a3308a50a,2024-11-21T00:00:00+00:00,2024-11-25T22:56:00+00:00,231,shipped,CUST-4139,synthetic,2024-11-24T00:00:00+00:00
e5182ff6-cd2d-4269-b283-225d222ba309,Auto shipment 2043,68db2e0c-1613-41ae-a22c-4959cbb08fe6,2024-12-31T00:00:00+00:00,2024-12-31T21:03:00+00:00,212,shipped,CUST-3673,synthetic,2024-12-30T00:00:00+00:00
15f7c8f5-be21-42d5-a778-6d1ffde7d3c2,Auto shipment 2044,1c21be0f-7a41-4fd2-98f6-829a3308a50a,2025-04-01T00:00:00+00:00,2025-04-01T19:29:00+00:00,495,shipped,CUST-1201,synthetic,2025-03-31T00:00:00+00:00
7678b14b-9ce1-428d-af8d-ac06494410a5,Auto shipment 2045,1c21be0f-7a41-4fd2-98f6-829a3308a50a,2024-12-17T00:00:00+00:00,2024-12-17T15:58:00+00:00,347,shipped,CUST-5314,synthetic,2024-12-16T00:00:00+00:00
159ab03c-3053-444f-a92c-5574fcaf5bf2,Auto shipment 2046,1c21be0f-7a41-4fd2-98f6-829a3308a50a,2025-04-22T00:00:00+00:00,2025-04-26T21:53:00+00:00,238,shipped,CUST-5738,synthetic,2025-04-25T00:00:00+00:00
e6ce8e08-0084-4f5b-b986-bb47b3de7b9c,Auto shipment 2047,78b74b5c-e459-4f23-b196-79e2b104375d,2024-12-27T00:00:00+00:00,2024-12-29T14:44:00+00:00,323,shipped,CUST-7261,synthetic,2024-12-28T00:00:00+00:00
19ddc280-6070-4058-b6ca-b53246412cf6,Auto shipment 2048,78b74b5c-e459-4f23-b196-79e2b104375d,2025-02-08T00:00:00+00:00,2025-02-11T02:45:00+00:00,118,shipped,CUST-5676,synthetic,2025-02-10T00:00:00+00:00
857105cc-abd8-42c5-b564-1933e5fc501f,Auto shipment 2049,68db2e0c-1613-41ae-a22c-4959cbb08fe6,2025-07-30T00:00:00+00:00,2025-07-31T01:52:00+00:00,394,shipped,CUST-2553,synthetic,2025-07-30T00:00:00+00:00
876e4a31-9dc6-44e3-8409-0f1041bb925e,Auto shipment 2050,68db2e0c-1613-41ae-a22c-4959cbb08fe6,2025-01-22T00:00:00+00:00,2025-01-26T16:02:00+00:00,386,shipped,CUST-6354,synthetic,2025-01-25T00:00:00+00:00
1c1575cd-85de-44c8-805c-d39b0656ddd9,Auto shipment 2051,78b74b5c-e459-4f23-b196-79e2b104375d,2025-09-14T00:00:00+00:00,2025-09-15T17:24:00+00:00,224,shipped,CUST-3510,synthetic,2025-09-14T00:00:00+00:00
e0917b8d-02c6-4009-a588-e32094a3fb59,Auto shipment 2052,1c21be0f-7a41-4fd2-98f6-829a3308a50a,2025-03-03T00:00:00+00:00,2025-03-05T16:47:00+00:00,419,shipped,CUST-1776,synthetic,2025-03-04T00:00:00+00:00
34078fb0-c2ca-4fce-8e37-37a302059395,Auto shipment 2053,1c21be0f-7a41-4fd2-98f6-829a3308a50a,2025-09-26T00:00:00+00:00,2025-09-28T07:57:00+00:00,239,shipped,CUST-9240,synthetic,2025-09-27T00:00:00+00:00
82268b4e-a88b-4123-a7e1-c0da40f29500,Auto shipment 2054,68db2e0c-1613-41ae-a22c-4959cbb08fe6,2024-12-27T00:00:00+00:00,2024-12-31T01:11:00+00:00,291,shipped,CUST-2774,synthetic,2024-12-30T00:00:00+00:00
65ad1037-ed2a-4b15-b7bc-44618559da4c,Auto shipment 2055,68db2e0c-1613-41ae-a22c-4959cbb08fe6,2025-04-26T00:00:00+00:00,2025-04-29T20:19:00+00:00,427,shipped,CUST-5063,synthetic,2025-04-28T00:00:00+00:00
ade9b234-9fdc-4748-9b98-05a93ab25e3b,Auto shipment 2056,68db2e0c-1613-41ae-a22c-4959cbb08fe6,2025-10-27T00:00:00+00:00,2025-10-29T00:50:00+00:00,321,shipped,CUST-1953,synthetic,2025-10-28T00:00:00+00:00
31b8f529-30cf-4496-bd6e-566f63191e18,Auto shipment 2057,78b74b5c-e459-4f23-b196-79e2b104375d,2025-05-05T00:00:00+00:00,2025-05-07T01:33:00+00:00,364,shipped,CUST-2668,synthetic,2025-05-06T00:00:00+00:00
8e1636b3-d0e1-4111-a793-e7d82c3174ba,Auto shipment 2058,1c21be0f-7a41-4fd2-98f6-829a3308a50a,2024-12-16T00:00:00+00:00,2024-12-19T06:13:00+00:00,149,shipped,CUST-7744,synthetic,2024-12-18T00:00:00+00:00
07630291-553e-412c-a46e-85115f835894,Auto shipment 2059,78b74b5c-e459-4f23-b196-79e2b104375d,2025-01-28T00:00:00+00:00,2025-02-01T10:23:00+00:00,391,shipped,CUST-2546,synthetic,2025-01-31T00:00:00+00:00
8e4733cb-5925-4b5d-9bd7-bc18580af3b8,Auto shipment 2060,78b74b5c-e459-4f23-b196-79e2b104375d,2025-10-03T00:00:00+00:00,2025-10-05T11:58:00+00:00,376,shipped,CUST-1092,synthetic,2025-10-04T00:00:00+00:00
6b48fbb2-2e8d-444e-9ecb-ef0583150ba6,Auto shipment 2061,1c21be0f-7a41-4fd2-98f6-829a3308a50a,2025-04-19T00:00:00+00:00,2025-04-21T17:19:00+00:00,246,shipped,CUST-8572,synthetic,2025-04-20T00:00:00+00:00
53a28b74-f5ce-4a0a-b370-815c3ade7df3,Auto shipment 2062,1c21be0f-7a41-4fd2-98f6-829a3308a50a,2025-10-23T00:00:00+00:00,2025-10-23T12:10:00+00:00,303,shipped,CUST-2446,synthetic,2025-10-22T00:00:00+00:00
296080ed-389f-475d-9951-f46de1cc7c08,Auto shipment 2063,1c21be0f-7a41-4fd2-98f6-829a3308a50a,2025-07-23T00:00:00+00:00,2025-07-24T10:57:00+00:00,239,shipped,CUST-6340,synthetic,2025-07-23T00:00:00+00:00
513c42ed-55b0-4dbb-b1e6-4e7efc068fab,Auto shipment 2064,68db2e0c-1613-41ae-a22c-4959cbb08fe6,2025-09-26T00:00:00+00:00,2025-09-30T05:49:00+00:00,232,shipped,CUST-6901,synthetic,2025-09-29T00:00:00+00:00
a7ce7e7c-1f3c-4ffc-9856-c8cc60218e9f,Auto shipment 2065,68db2e0c-1613-41ae-a22c-4959cbb08fe6,2025-05-27T00:00:00+00:00,2025-05-30T06:44:00+00:00,258,shipped,CUST-3744,synthetic,2025-05-29T00:00:00+00:00
d75e95aa-8652-4f3f-b941-ce179cd5915d,Auto shipment 2066,1c21be0f-7a41-4fd2-98f6-829a3308a50a,2025-06-19T00:00:00+00:00,2025-06-21T07:08:00+00:00,276,shipped,CUST-7869,synthetic,2025-06-20T00:00:00+00:00
977ebaf9-d4fa-4635-a3d6-5bad65e9d3a5,Auto shipment 2067,68db2e0c-1613-41ae-a22c-4959cbb08fe6,2025-02-24T00:00:00+00:00,2025-02-26T10:16:00+00:00,406,shipped,CUST-9161,synthetic,2025-02-25T00:00:00+00:00
9d5a8183-043e-4c12-974e-bc349f7dfa3b,Auto shipment 2068,1c21be0f-7a41-4fd2-98f6-829a3308a50a,2025-07-17T00:00:00+00:00,2025-07-20T02:21:00+00:00,222,shipped,CUST-4553,synthetic,2025-07-19T00:00:00+00:00
5df1f2a8-110f-4b83-ad4b-dd3e02b501a9,Auto shipment 2069,78b74b5c-e459-4f23-b196-79e2b104375d,2025-08-15T00:00:00+00:00,2025-08-15T12:32:00+00:00,500,shipped,CUST-6504,synthetic,2025-08-14T00:00:00+00:00
9510140c-3651-4e36-a6ac-fa8bc685d3b3,Auto shipment 2070,78b74b5c-e459-4f23-b196-79e2b104375d,2025-10-17T00:00:00+00:00,2025-10-18T03:49:00+00:00,133,shipped,CUST-3513,synthetic,2025-10-17T00:00:00+00:00
c16501a8-84ea-431e-a694-e468bbf74478,Auto shipment 2071,1c21be0f-7a41-4fd2-98f6-829a3308a50a,2025-09-18T00:00:00+00:00,2025-09-21T20:06:00+00:00,141,shipped,CUST-1859,synthetic,2025-09-20T00:00:00+00:00
caf3485e-96e6-4908-a58c-6c78965a329e,Auto shipment 2072,68db2e0c-1613-41ae-a22c-4959cbb08fe6,2025-10-04T00:00:00+00:00,2025-10-05T01:12:00+00:00,357,shipped,CUST-6756,synthetic,2025-10-04T00:00:00+00:00
f885dd8e-a446-4a01-ba01-29b6e6896658,Auto shipment 2073,78b74b5c-e459-4f23-b196-79e2b104375d,2024-12-30T00:00:00+00:00,2024-12-30T08:29:00+00:00,386,shipped,CUST-8110,synthetic,2024-12-29T00:00:00+00:00
005fd058-42f8-46b3-853b-94faffdc6a96,Auto shipment 2074,68db2e0c-1613-41ae-a22c-4959cbb08fe6,2025-05-22T00:00:00+00:00,2025-05-22T22:33:00+00:00,349,shipped,CUST-9899,synthetic,2025-05-21T00:00:00+00:00
313d7684-b4d8-4660-b65e-d779e13c72d9,Auto shipment 2075,1c21be0f-7a41-4fd2-98f6-829a3308a50a,2025-07-28T00:00:00+00:00,2025-07-31T17:10:00+00:00,451,shipped,CUST-3063,synthetic,2025-07-30T00:00:00+00:00
491c7b4f-4fad-4399-b5e0-074d817adc85,Auto shipment 2076,68db2e0c-1613-41ae-a22c-4959cbb08fe6,2025-09-01T00:00:00+00:00,2025-09-04T19:58:00+00:00,228,shipped,CUST-6958,synthetic,2025-09-03T00:00:00+00:00
eae28441-6eb8-43cd-91b0-9d4baaca2b9b,Auto shipment 2077,68db2e0c-1613-41ae-a22c-4959cbb08fe6,2025-01-25T00:00:00+00:00,2025-01-28T15:16:00+00:00,447,shipped,CUST-8223,synthetic,2025-01-27T00:00:00+00:00
d9de80e8-545f-46eb-bcdb-53a254a8771e,Auto shipment 2078,1c21be0f-7a41-4fd2-98f6-829a3308a50a,2025-11-05T00:00:00+00:00,2025-11-05T21:22:00+00:00,152,shipped,CUST-4359,synthetic,2025-11-04T00:00:00+00:00
631164b2-b47b-4762-a9db-248387603c78,Auto shipment 2079,1c21be0f-7a41-4fd2-98f6-829a3308a50a,2025-03-07T00:00:00+00:00,2025-03-09T01:48:00+00:00,383,shipped,CUST-8959,synthetic,2025-03-08T00:00:00+00:00
445f8f51-b50c-437d-a0e6-95fa2384a4c7,Auto shipment 2080,1c21be0f-7a41-4fd2-98f6-829a3308a50a,2024-11-26T00:00:00+00:00,2024-11-27T20:44:00+00:00,120,shipped,CUST-4984,synthetic,2024-11-26T00:00:00+00:00
d0cf8a0e-901f-4c32-b763-7965909acef5,Auto shipment 2081,1c21be0f-7a41-4fd2-98f6-829a3308a50a,2025-05-22T00:00:00+00:00,2025-05-25T11:30:00+00:00,118,shipped,CUST-7247,synthetic,2025-05-24T00:00:00+00:00
81b026d4-6da6-40cd-b461-39339718aa2b,Auto shipment 2082,1c21be0f-7a41-4fd2-98f6-829a3308a50a,2024-12-02T00:00:00+00:00,2024-12-06T01:16:00+00:00,281,shipped,CUST-3613,synthetic,2024-12-05T00:00:00+00:00
b5134761-6cfd-4956-b913-2144a71b5a13,Auto shipment 2083,68db2e0c-1613-41ae-a22c-4959cbb08fe6,2025-02-12T00:00:00+00:00,2025-02-14T17:24:00+00:00,326,shipped,CUST-1115,synthetic,2025-02-13T00:00:00+00:00
0ed20e84-4b3c-4564-92c1-72f8b64fd133,Auto shipment 2084,1c21be0f-7a41-4fd2-98f6-829a3308a50a,2025-03-20T00:00:00+00:00,2025-03-23T01:21:00+00:00,280,shipped,CUST-4456,synthetic,2025-03-22T00:00:00+00:00
7c7daca2-f9c3-47f5-8961-5dd254cb1969,Auto shipment 2085,1c21be0f-7a41-4fd2-98f6-829a3308a50a,2025-03-27T00:00:00+00:00,2025-03-29T12:35:00+00:00,424,shipped,CUST-5296,synthetic,2025-03-28T00:00:00+00:00
4e44e0eb-5aec-4db3-9d5f-5c4ac05356fd,Auto shipment 2086,68db2e0c-1613-41ae-a22c-4959cbb08fe6,2025-06-08T00:00:00+00:00,2025-06-09T12:58:00+00:00,504,shipped,CUST-3307,synthetic,2025-06-08T00:00:00+00:00
2bec7ddf-f4f7-4f5a-8184-0d6add206d66,Auto shipment 2087,1c21be0f-7a41-4fd2-98f6-829a3308a50a,2025-07-12T00:00:00+00:00,2025-07-15T07:01:00+00:00,280,shipped,CUST-7450,synthetic,2025-07-14T00:00:00+00:00
fe572af6-f315-4647-bc4d-65e5915c1979,Auto shipment 2088,1c21be0f-7a41-4fd2-98f6-829a3308a50a,2025-02-08T00:00:00+00:00,2025-02-12T03:10:00+00:00,189,shipped,CUST-5580,synthetic,2025-02-11T00:00:00+00:00
1318173f-42fb-4fdf-a3b7-11cbd9aa2b99,Auto shipment 2089,68db2e0c-1613-41ae-a22c-4959cbb08fe6,2025-10-19T00:00:00+00:00,2025-10-22T05:43:00+00:00,249,shipped,CUST-5793,synthetic,2025-10-21T00:00:00+00:00
c5ef5b85-a337-4b27-ab77-102abe6f877f,Auto shipment 2090,78b74b5c-e459-4f23-b196-79e2b104375d,2025-10-30T00:00:00+00:00,2025-11-03T09:23:00+00:00,382,shipped,CUST-3991,synthetic,2025-11-02T00:00:00+00:00
797f3e75-7e2a-47bd-b128-85ecb8f1bbd9,Auto shipment 2091,68db2e0c-1613-41ae-a22c-4959cbb08fe6,2025-08-31T00:00:00+00:00,2025-08-31T08:42:00+00:00,90,shipped,CUST-1989,synthetic,2025-08-30T00:00:00+00:00
2b730f08-c359-4a57-896f-da7e4e806dd7,Auto shipment 2092,1c21be0f-7a41-4fd2-98f6-829a3308a50a,2024-12-16T00:00:00+00:00,2024-12-18T08:38:00+00:00,149,shipped,CUST-1783,synthetic,2024-12-17T00:00:00+00:00
4b99e13d-9124-4263-b491-b2db93ec5dcc,Auto shipment 2093,68db2e0c-1613-41ae-a22c-4959cbb08fe6,2025-03-04T00:00:00+00:00,2025-03-06T06:06:00+00:00,301,shipped,CUST-9720,synthetic,2025-03-05T00:00:00+00:00
712b9ea6-1768-40ee-9e15-9814bb983a1a,Auto shipment 2094,1c21be0f-7a41-4fd2-98f6-829a3308a50a,2025-04-12T00:00:00+00:00,2025-04-16T07:18:00+00:00,282,shipped,CUST-8402,synthetic,2025-04-15T00:00:00+00:00
f475a598-fab4-41db-96b8-15f52085fc83,Auto shipment 2095,68db2e0c-1613-41ae-a22c-4959cbb08fe6,2025-04-12T00:00:00+00:00,2025-04-12T00:37:00+00:00,407,shipped,CUST-5872,synthetic,2025-04-11T00:00:00+00:00
556c8055-811b-4491-b7c5-de22cd1fe24a,Auto shipment 2096,1c21be0f-7a41-4fd2-98f6-829a3308a50a,2025-07-08T00:00:00+00:00,2025-07-08T22:18:00+00:00,286,shipped,CUST-5687,synthetic,2025-07-07T00:00:00+00:00
d1b0e8f4-4520-4ab7-90b8-2a741264d662,Auto shipment 2097,1c21be0f-7a41-4fd2-98f6-829a3308a50a,2024-11-25T00:00:00+00:00,2024-11-28T15:35:00+00:00,200,shipped,CUST-9032,synthetic,2024-11-27T00:00:00+00:00
f2b0bac6-c606-42a9-b58d-c7305c5788fa,Auto shipment 2098,68db2e0c-1613-41ae-a22c-4959cbb08fe6,2025-04-01T00:00:00+00:00,2025-04-03T04:22:00+00:00,343,shipped,CUST-4786,synthetic,2025-04-02T00:00:00+00:00
a47c43a1-bee2-4574-891b-c23aa86f337b,Auto shipment 2099,1c21be0f-7a41-4fd2-98f6-829a3308a50a,2025-10-03T00:00:00+00:00,2025-10-04T22:11:00+00:00,240,shipped,CUST-7903,synthetic,2025-10-03T00:00:00+00:00
26e3ad60-8573-4a5f-b686-a986f2a9412e,Auto shipment 2100,68db2e0c-1613-41ae-a22c-4959cbb08fe6,2025-07-06T00:00:00+00:00,2025-07-09T20:57:00+00:00,366,shipped,CUST-8885,synthetic,2025-07-08T00:00:00+00:00
e00cff6d-f5c9-44da-9a1e-b2fe23c5db59,Auto shipment 2101,78b74b5c-e459-4f23-b196-79e2b104375d,2025-09-24T00:00:00+00:00,2025-09-26T02:19:00+00:00,183,shipped,CUST-3072,synthetic,2025-09-25T00:00:00+00:00
fd091d4d-d2ff-4efa-8afb-13e1d2e2f996,Auto shipment 2102,1c21be0f-7a41-4fd2-98f6-829a3308a50a,2025-08-29T00:00:00+00:00,2025-08-30T09:57:00+00:00,228,shipped,CUST-3600,synthetic,2025-08-29T00:00:00+00:00
141d316f-1d66-4421-b838-f1cd9a4fa340,Auto shipment 2103,1c21be0f-7a41-4fd2-98f6-829a3308a50a,2025-03-05T00:00:00+00:00,2025-03-06T07:25:00+00:00,235,shipped,CUST-9035,synthetic,2025-03-05T00:00:00+00:00
3c12d442-4f02-4d24-94ad-e9425c8187ff,Auto shipment 2104,78b74b5c-e459-4f23-b196-79e2b104375d,2024-12-07T00:00:00+00:00,2024-12-11T16:00:00+00:00,427,shipped,CUST-2269,synthetic,2024-12-10T00:00:00+00:00
211acf96-3e43-4ca8-9f59-273823b21b47,Auto shipment 2105,78b74b5c-e459-4f23-b196-79e2b104375d,2025-06-22T00:00:00+00:00,2025-06-26T20:01:00+00:00,118,shipped,CUST-8904,synthetic,2025-06-25T00:00:00+00:00
6f72ea18-d4c0-4c30-bf56-f44478110ae9,Auto shipment 2106,68db2e0c-1613-41ae-a22c-4959cbb08fe6,2025-08-02T00:00:00+00:00,2025-08-04T07:18:00+00:00,238,shipped,CUST-1679,synthetic,2025-08-03T00:00:00+00:00
8fdc0e9e-bfcf-46a1-bb40-fd1df4ee3d6d,Auto shipment 2107,68db2e0c-1613-41ae-a22c-4959cbb08fe6,2025-05-02T00:00:00+00:00,2025-05-05T16:51:00+00:00,285,shipped,CUST-2807,synthetic,2025-05-04T00:00:00+00:00
04ecead5-46c6-4616-87af-63006b3262fa,Auto shipment 2108,78b74b5c-e459-4f23-b196-79e2b104375d,2025-02-07T00:00:00+00:00,2025-02-09T22:57:00+00:00,308,shipped,CUST-8935,synthetic,2025-02-08T00:00:00+00:00
5b06c31d-d536-409b-8896-2c84297b9c2d,Auto shipment 2109,78b74b5c-e459-4f23-b196-79e2b104375d,2025-01-03T00:00:00+00:00,2025-01-05T01:44:00+00:00,126,shipped,CUST-4866,synthetic,2025-01-04T00:00:00+00:00
2cf057ad-feda-48b7-82a4-bcd71bf6d4c5,Auto shipment 2110,78b74b5c-e459-4f23-b196-79e2b104375d,2025-07-09T00:00:00+00:00,2025-07-11T06:54:00+00:00,418,shipped,CUST-7653,synthetic,2025-07-10T00:00:00+00:00
de2afe41-19ca-4005-a3dd-5b47214645ba,Auto shipment 2111,1c21be0f-7a41-4fd2-98f6-829a3308a50a,2024-11-22T00:00:00+00:00,2024-11-26T14:16:00+00:00,139,shipped,CUST-1917,synthetic,2024-11-25T00:00:00+00:00
24897b68-90aa-47cb-8eca-3b9f199cb673,Auto shipment 2112,68db2e0c-1613-41ae-a22c-4959cbb08fe6,2025-03-31T00:00:00+00:00,2025-04-01T13:43:00+00:00,182,shipped,CUST-1418,synthetic,2025-03-31T00:00:00+00:00
fcc09b28-61eb-4e50-9ae4-833c16704248,Auto shipment 2113,1c21be0f-7a41-4fd2-98f6-829a3308a50a,2025-10-06T00:00:00+00:00,2025-10-08T09:48:00+00:00,263,shipped,CUST-3794,synthetic,2025-10-07T00:00:00+00:00
788276c4-12e9-4c32-a783-77cd580f1754,Auto shipment 2114,68db2e0c-1613-41ae-a22c-4959cbb08fe6,2025-03-03T00:00:00+00:00,2025-03-03T02:18:00+00:00,385,shipped,CUST-4926,synthetic,2025-03-02T00:00:00+00:00
306437ec-9b27-4c60-aed9-da13f079aa1c,Auto shipment 2115,1c21be0f-7a41-4fd2-98f6-829a3308a50a,2024-11-16T00:00:00+00:00,2024-11-16T09:03:00+00:00,195,shipped,CUST-7863,synthetic,2024-11-15T00:00:00+00:00
12f390c7-b185-49d1-b94a-a275359d8783,Auto shipment 2116,68db2e0c-1613-41ae-a22c-4959cbb08fe6,2025-03-12T00:00:00+00:00,2025-03-16T20:48:00+00:00,330,shipped,CUST-7405,synthetic,2025-03-15T00:00:00+00:00
8215058b-c5d3-41d1-a731-b6d8192e9d5f,Auto shipment 2117,1c21be0f-7a41-4fd2-98f6-829a3308a50a,2024-12-19T00:00:00+00:00,2024-12-22T03:54:00+00:00,317,shipped,CUST-3124,synthetic,2024-12-21T00:00:00+00:00
ea0ce307-249c-4511-aa1e-7704f83a642e,Auto shipment 2118,78b74b5c-e459-4f23-b196-79e2b104375d,2025-03-06T00:00:00+00:00,2025-03-07T05:56:00+00:00,574,shipped,CUST-9378,synthetic,2025-03-06T00:00:00+00:00
96cc6c93-68c2-4156-a704-eaaf68aa970e,Auto shipment 2119,78b74b5c-e459-4f23-b196-79e2b104375d,2025-10-28T00:00:00+00:00,2025-11-01T14:40:00+00:00,343,shipped,CUST-4489,synthetic,2025-10-31T00:00:00+00:00
4495a4bd-0fb2-4794-b502-7f60b29b4654,Auto shipment 2120,1c21be0f-7a41-4fd2-98f6-829a3308a50a,2025-03-08T00:00:00+00:00,2025-03-09T03:41:00+00:00,327,shipped,CUST-8084,synthetic,2025-03-08T00:00:00+00:00
0f033f56-af9e-47a9-bcbe-06d580a25401,Auto shipment 2121,78b74b5c-e459-4f23-b196-79e2b104375d,2025-04-08T00:00:00+00:00,2025-04-12T21:47:00+00:00,286,shipped,CUST-2367,synthetic,2025-04-11T00:00:00+00:00
7f69c007-30db-43d1-8077-4f6c8b91e4b4,Auto shipment 2122,78b74b5c-e459-4f23-b196-79e2b104375d,2025-02-16T00:00:00+00:00,2025-02-20T18:53:00+00:00,209,shipped,CUST-7099,synthetic,2025-02-19T00:00:00+00:00
c7a208d6-d9a6-4981-9571-61f0cfde446f,Auto shipment 2123,78b74b5c-e459-4f23-b196-79e2b104375d,2025-09-26T00:00:00+00:00,2025-09-28T14:08:00+00:00,359,shipped,CUST-9867,synthetic,2025-09-27T00:00:00+00:00
1b3c4c3f-8e0b-479f-bb65-0203390bbf07,Auto shipment 2124,68db2e0c-1613-41ae-a22c-4959cbb08fe6,2025-06-14T00:00:00+00:00,2025-06-18T17:46:00+00:00,229,shipped,CUST-4619,synthetic,2025-06-17T00:00:00+00:00
639d14e9-83b7-462e-9713-c2131b9909e3,Auto shipment 2125,1c21be0f-7a41-4fd2-98f6-829a3308a50a,2025-10-26T00:00:00+00:00,2025-10-29T08:58:00+00:00,203,shipped,CUST-5322,synthetic,2025-10-28T00:00:00+00:00
1ab56863-faaa-482e-8548-e2844c3469f5,Auto shipment 2126,68db2e0c-1613-41ae-a22c-4959cbb08fe6,2025-05-03T00:00:00+00:00,2025-05-06T07:44:00+00:00,188,shipped,CUST-8594,synthetic,2025-05-05T00:00:00+00:00
37b98699-a146-4a0f-8ce9-a15c5fb6a235,Auto shipment 2127,78b74b5c-e459-4f23-b196-79e2b104375d,2025-06-06T00:00:00+00:00,2025-06-07T09:40:00+00:00,247,shipped,CUST-2905,synthetic,2025-06-06T00:00:00+00:00
b484a62c-e2c3-48e1-84bd-845ead85f644,Auto shipment 2128,1c21be0f-7a41-4fd2-98f6-829a3308a50a,2024-11-16T00:00:00+00:00,2024-11-20T15:44:00+00:00,384,shipped,CUST-4601,synthetic,2024-11-19T00:00:00+00:00
7d332431-f12e-41d9-bd6a-742ace25cfdf,Auto shipment 2129,78b74b5c-e459-4f23-b196-79e2b104375d,2025-10-08T00:00:00+00:00,2025-10-08T14:48:00+00:00,448,shipped,CUST-9434,synthetic,2025-10-07T00:00:00+00:00
65725a1b-2d6f-4d28-af7f-61aaf8d2f1b7,Auto shipment 2130,78b74b5c-e459-4f23-b196-79e2b104375d,2025-09-28T00:00:00+00:00,2025-09-28T06:48:00+00:00,458,shipped,CUST-4668,synthetic,2025-09-27T00:00:00+00:00
17e4d3f8-4e3d-45b3-9a78-d13785ad283d,Auto shipment 2131,68db2e0c-1613-41ae-a22c-4959cbb08fe6,2025-10-01T00:00:00+00:00,2025-10-01T09:18:00+00:00,261,shipped,CUST-4655,synthetic,2025-09-30T00:00:00+00:00
52d9df3a-2baf-40f8-89c4-43cf0a37c055,Auto shipment 2132,78b74b5c-e459-4f23-b196-79e2b104375d,2025-11-05T00:00:00+00:00,2025-11-05T14:45:00+00:00,507,shipped,CUST-6188,synthetic,2025-11-04T00:00:00+00:00
e4066662-c573-469d-90ab-4bfc9d5a3cc9,Auto shipment 2133,1c21be0f-7a41-4fd2-98f6-829a3308a50a,2025-10-15T00:00:00+00:00,2025-10-17T00:31:00+00:00,288,shipped,CUST-1917,synthetic,2025-10-16T00:00:00+00:00
ea4446c9-1117-4356-927c-a28929a9ff78,Auto shipment 2134,78b74b5c-e459-4f23-b196-79e2b104375d,2025-08-10T00:00:00+00:00,2025-08-14T08:22:00+00:00,287,shipped,CUST-1855,synthetic,2025-08-13T00:00:00+00:00
c2c168a3-e93f-4ed5-b5ab-1f1c3088e2c9,Auto shipment 2135,78b74b5c-e459-4f23-b196-79e2b104375d,2025-07-07T00:00:00+00:00,2025-07-08T05:44:00+00:00,188,shipped,CUST-8754,synthetic,2025-07-07T00:00:00+00:00
9784cd7f-8102-4992-9252-0f4df9714d9b,Auto shipment 2136,1c21be0f-7a41-4fd2-98f6-829a3308a50a,2025-09-21T00:00:00+00:00,2025-09-21T22:51:00+00:00,196,shipped,CUST-7935,synthetic,2025-09-20T00:00:00+00:00
781df830-5b99-4afd-b8ea-44bdb0ddb3fd,Auto shipment 2137,68db2e0c-1613-41ae-a22c-4959cbb08fe6,2024-12-04T00:00:00+00:00,2024-12-05T00:46:00+00:00,351,shipped,CUST-4539,synthetic,2024-12-04T00:00:00+00:00
501c8dd9-9e5d-4b2a-94b2-ba85b2f216c5,Auto shipment 2138,1c21be0f-7a41-4fd2-98f6-829a3308a50a,2025-08-08T00:00:00+00:00,2025-08-11T09:24:00+00:00,154,shipped,CUST-3099,synthetic,2025-08-10T00:00:00+00:00
71649bc6-fecf-4df0-9dbd-e71b779c1ad1,Auto shipment 2139,68db2e0c-1613-41ae-a22c-4959cbb08fe6,2025-01-23T00:00:00+00:00,2025-01-25T14:44:00+00:00,126,shipped,CUST-3413,synthetic,2025-01-24T00:00:00+00:00
0a1ab08f-afbe-4a4a-8322-6c58bc395ba5,Auto shipment 2140,78b74b5c-e459-4f23-b196-79e2b104375d,2024-11-13T00:00:00+00:00,2024-11-15T03:54:00+00:00,188,shipped,CUST-5756,synthetic,2024-11-14T00:00:00+00:00
3b4f09c2-497e-4277-8f85-266a41f8680b,Auto shipment 2141,1c21be0f-7a41-4fd2-98f6-829a3308a50a,2025-07-20T00:00:00+00:00,2025-07-23T11:31:00+00:00,144,shipped,CUST-7628,synthetic,2025-07-22T00:00:00+00:00
cee24fcf-5617-4262-8a0b-8f4c90ff28e8,Auto shipment 2142,78b74b5c-e459-4f23-b196-79e2b104375d,2025-03-20T00:00:00+00:00,2025-03-21T06:26:00+00:00,354,shipped,CUST-2748,synthetic,2025-03-20T00:00:00+00:00
79658aca-3738-4014-872f-b2750f6d4da8,Auto shipment 2143,1c21be0f-7a41-4fd2-98f6-829a3308a50a,2025-01-05T00:00:00+00:00,2025-01-08T09:56:00+00:00,252,shipped,CUST-9857,synthetic,2025-01-07T00:00:00+00:00
c0aab074-ba67-41d6-bd63-aa270b18e87d,Auto shipment 2144,68db2e0c-1613-41ae-a22c-4959cbb08fe6,2025-05-04T00:00:00+00:00,2025-05-04T12:43:00+00:00,275,shipped,CUST-5827,synthetic,2025-05-03T00:00:00+00:00
01f2922c-fa6a-402a-a9ae-7bf17f6e80c8,Auto shipment 2145,78b74b5c-e459-4f23-b196-79e2b104375d,2025-09-15T00:00:00+00:00,2025-09-15T17:00:00+00:00,426,shipped,CUST-8101,synthetic,2025-09-14T00:00:00+00:00
56b7d4bb-5c10-44c7-b88e-96cd64a319b3,Auto shipment 2146,1c21be0f-7a41-4fd2-98f6-829a3308a50a,2025-09-10T00:00:00+00:00,2025-09-12T17:56:00+00:00,252,shipped,CUST-4730,synthetic,2025-09-11T00:00:00+00:00
a90d5f6f-9802-4172-b201-b52bb6447b54,Auto shipment 2147,68db2e0c-1613-41ae-a22c-4959cbb08fe6,2025-08-24T00:00:00+00:00,2025-08-25T05:32:00+00:00,412,shipped,CUST-6675,synthetic,2025-08-24T00:00:00+00:00
2140c296-2d87-49f5-a391-a493710079ed,Auto shipment 2148,78b74b5c-e459-4f23-b196-79e2b104375d,2025-03-03T00:00:00+00:00,2025-03-05T21:44:00+00:00,274,shipped,CUST-7703,synthetic,2025-03-04T00:00:00+00:00
c61afb1d-26a4-4e6e-9c5d-3106748f3bc4,Auto shipment 2149,78b74b5c-e459-4f23-b196-79e2b104375d,2025-03-08T00:00:00+00:00,2025-03-10T11:29:00+00:00,224,shipped,CUST-4856,synthetic,2025-03-09T00:00:00+00:00
37b19d92-8c7e-4824-87ed-61d6d9ff3e7f,Auto shipment 2150,1c21be0f-7a41-4fd2-98f6-829a3308a50a,2025-10-04T00:00:00+00:00,2025-10-05T11:53:00+00:00,163,shipped,CUST-2550,synthetic,2025-10-04T00:00:00+00:00
1a95f28f-b2f9-46a6-a5e6-99f2852919d3,Auto shipment 2151,78b74b5c-e459-4f23-b196-79e2b104375d,2025-03-06T00:00:00+00:00,2025-03-09T04:29:00+00:00,208,shipped,CUST-8099,synthetic,2025-03-08T00:00:00+00:00
368f5b05-186a-4bf3-bca5-0eb748be993c,Auto shipment 2152,78b74b5c-e459-4f23-b196-79e2b104375d,2025-03-31T00:00:00+00:00,2025-04-03T07:14:00+00:00,292,shipped,CUST-7855,synthetic,2025-04-02T00:00:00+00:00
936ef4c6-091f-4d6c-ba14-7ee9247aab8f,Auto shipment 2153,68db2e0c-1613-41ae-a22c-4959cbb08fe6,2025-03-27T00:00:00+00:00,2025-03-29T11:24:00+00:00,308,shipped,CUST-4448,synthetic,2025-03-28T00:00:00+00:00
12104966-0731-47e0-b60e-17fd4a9a7f42,Auto shipment 2154,1c21be0f-7a41-4fd2-98f6-829a3308a50a,2025-07-27T00:00:00+00:00,2025-07-30T13:52:00+00:00,184,shipped,CUST-1847,synthetic,2025-07-29T00:00:00+00:00
33e7c6e2-e6eb-4fad-a2c9-77dd2c28cce0,Auto shipment 2155,1c21be0f-7a41-4fd2-98f6-829a3308a50a,2025-06-16T00:00:00+00:00,2025-06-18T12:38:00+00:00,193,shipped,CUST-6662,synthetic,2025-06-17T00:00:00+00:00
0c11ee73-40d7-4a88-b960-6c72865bbeac,Auto shipment 2156,68db2e0c-1613-41ae-a22c-4959cbb08fe6,2025-05-08T00:00:00+00:00,2025-05-11T08:41:00+00:00,159,shipped,CUST-3403,synthetic,2025-05-10T00:00:00+00:00
c3b3eac3-d96a-47d7-b41c-c6e453c14ac2,Auto shipment 2157,1c21be0f-7a41-4fd2-98f6-829a3308a50a,2025-02-10T00:00:00+00:00,2025-02-13T20:50:00+00:00,175,shipped,CUST-1773,synthetic,2025-02-12T00:00:00+00:00
04a86d2f-2ca2-4073-8cf4-f9eee45bdc12,Auto shipment 2158,78b74b5c-e459-4f23-b196-79e2b104375d,2025-10-11T00:00:00+00:00,2025-10-13T10:16:00+00:00,190,shipped,CUST-7708,synthetic,2025-10-12T00:00:00+00:00
2f4b9ad9-3e25-41b2-a11c-6f85f57fd21e,Auto shipment 2159,78b74b5c-e459-4f23-b196-79e2b104375d,2025-09-18T00:00:00+00:00,2025-09-18T01:38:00+00:00,376,shipped,CUST-9919,synthetic,2025-09-17T00:00:00+00:00
4108e20b-cbbd-4fed-ba65-76fb44640699,Auto shipment 2160,78b74b5c-e459-4f23-b196-79e2b104375d,2024-11-26T00:00:00+00:00,2024-11-26T04:47:00+00:00,111,shipped,CUST-2003,synthetic,2024-11-25T00:00:00+00:00
d388537c-fc6a-45b5-bbbc-d52193b1b0b5,Auto shipment 2161,78b74b5c-e459-4f23-b196-79e2b104375d,2025-02-15T00:00:00+00:00,2025-02-15T12:12:00+00:00,351,shipped,CUST-7872,synthetic,2025-02-14T00:00:00+00:00
64fbf0df-b1a2-4d9e-826b-4b4df4ac3d28,Auto shipment 2162,1c21be0f-7a41-4fd2-98f6-829a3308a50a,2025-09-02T00:00:00+00:00,2025-09-02T01:22:00+00:00,286,shipped,CUST-5844,synthetic,2025-09-01T00:00:00+00:00
bb14b785-3b2f-4aaa-9794-f990c66e1519,Auto shipment 2163,78b74b5c-e459-4f23-b196-79e2b104375d,2025-03-19T00:00:00+00:00,2025-03-23T21:17:00+00:00,117,shipped,CUST-6723,synthetic,2025-03-22T00:00:00+00:00
e1cf5f28-2eec-4e61-aeda-ebde7848ef1e,Auto shipment 2164,68db2e0c-1613-41ae-a22c-4959cbb08fe6,2025-05-03T00:00:00+00:00,2025-05-07T18:07:00+00:00,199,shipped,CUST-6718,synthetic,2025-05-06T00:00:00+00:00
c31e8956-3b4c-46e5-97df-8a269c977f85,Auto shipment 2165,68db2e0c-1613-41ae-a22c-4959cbb08fe6,2025-03-18T00:00:00+00:00,2025-03-19T14:26:00+00:00,417,shipped,CUST-7958,synthetic,2025-03-18T00:00:00+00:00
0160e949-f961-4c40-a72c-f2151f3ecf29,Auto shipment 2166,68db2e0c-1613-41ae-a22c-4959cbb08fe6,2025-07-24T00:00:00+00:00,2025-07-27T03:51:00+00:00,221,shipped,CUST-9034,synthetic,2025-07-26T00:00:00+00:00
adde51b9-ebff-4875-b310-e19b69a1c4f1,Auto shipment 2167,1c21be0f-7a41-4fd2-98f6-829a3308a50a,2025-01-11T00:00:00+00:00,2025-01-13T12:51:00+00:00,329,shipped,CUST-3841,synthetic,2025-01-12T00:00:00+00:00
735fb5af-8fdd-400b-aca6-b95ef1c6073d,Auto shipment 2168,78b74b5c-e459-4f23-b196-79e2b104375d,2025-09-26T00:00:00+00:00,2025-09-30T08:56:00+00:00,336,shipped,CUST-6974,synthetic,2025-09-29T00:00:00+00:00
485d5085-3478-426e-8237-8f3c579ff5ce,Auto shipment 2169,78b74b5c-e459-4f23-b196-79e2b104375d,2025-09-26T00:00:00+00:00,2025-09-29T12:24:00+00:00,325,shipped,CUST-6539,synthetic,2025-09-28T00:00:00+00:00
400f033e-97e7-4eea-9e0c-6a3b3e16e586,Auto shipment 2170,68db2e0c-1613-41ae-a22c-4959cbb08fe6,2025-05-06T00:00:00+00:00,2025-05-09T13:06:00+00:00,368,shipped,CUST-6673,synthetic,2025-05-08T00:00:00+00:00
9aa0313d-fe55-448a-81d8-0fdeb9f2c6b6,Auto shipment 2171,1c21be0f-7a41-4fd2-98f6-829a3308a50a,2025-01-10T00:00:00+00:00,2025-01-14T04:19:00+00:00,159,shipped,CUST-3845,synthetic,2025-01-13T00:00:00+00:00
a399a79a-1e62-4c78-a35d-1e7b20d6b8bb,Auto shipment 2172,1c21be0f-7a41-4fd2-98f6-829a3308a50a,2025-03-30T00:00:00+00:00,2025-04-01T21:13:00+00:00,305,shipped,CUST-8694,synthetic,2025-03-31T00:00:00+00:00
6390af0f-28e3-4d38-bf7e-a66d72730faa,Auto shipment 2173,1c21be0f-7a41-4fd2-98f6-829a3308a50a,2025-07-14T00:00:00+00:00,2025-07-18T07:52:00+00:00,83,shipped,CUST-2124,synthetic,2025-07-17T00:00:00+00:00
3be25332-8b3b-4bed-a3c7-776beb2f0f10,Auto shipment 2174,78b74b5c-e459-4f23-b196-79e2b104375d,2025-09-04T00:00:00+00:00,2025-09-05T12:06:00+00:00,251,shipped,CUST-6601,synthetic,2025-09-04T00:00:00+00:00
8e6c6c37-a58f-4091-999c-f5377d76ad0d,Auto shipment 2175,78b74b5c-e459-4f23-b196-79e2b104375d,2025-06-01T00:00:00+00:00,2025-06-05T06:38:00+00:00,205,shipped,CUST-8741,synthetic,2025-06-04T00:00:00+00:00
16f3ba89-9a4b-484f-a931-bcab18d725e4,Auto shipment 2176,1c21be0f-7a41-4fd2-98f6-829a3308a50a,2025-04-10T00:00:00+00:00,2025-04-12T22:44:00+00:00,422,shipped,CUST-9604,synthetic,2025-04-11T00:00:00+00:00
46fc1bf6-4778-4f88-8620-9a4f165323f2,Auto shipment 2177,68db2e0c-1613-41ae-a22c-4959cbb08fe6,2025-10-20T00:00:00+00:00,2025-10-24T13:55:00+00:00,209,shipped,CUST-1753,synthetic,2025-10-23T00:00:00+00:00
1df260d6-b0fd-4e1a-89b5-faf322825b83,Auto shipment 2178,78b74b5c-e459-4f23-b196-79e2b104375d,2025-05-23T00:00:00+00:00,2025-05-25T05:37:00+00:00,280,shipped,CUST-4099,synthetic,2025-05-24T00:00:00+00:00
233b2b88-7b0a-4e50-a521-8079446a5873,Auto shipment 2179,68db2e0c-1613-41ae-a22c-4959cbb08fe6,2025-06-30T00:00:00+00:00,2025-07-04T05:26:00+00:00,226,shipped,CUST-9671,synthetic,2025-07-03T00:00:00+00:00
993c6d72-faeb-4260-ac36-76d155180967,Auto shipment 2180,78b74b5c-e459-4f23-b196-79e2b104375d,2025-10-29T00:00:00+00:00,2025-11-01T20:54:00+00:00,223,shipped,CUST-7149,synthetic,2025-10-31T00:00:00+00:00
85bc5307-9861-4d25-b309-02c8b9fb0dc1,Auto shipment 2181,68db2e0c-1613-41ae-a22c-4959cbb08fe6,2025-09-03T00:00:00+00:00,2025-09-04T05:01:00+00:00,369,shipped,CUST-9230,synthetic,2025-09-03T00:00:00+00:00
a5085cee-e086-4f00-a3d9-9a6a6abfa06f,Auto shipment 2182,68db2e0c-1613-41ae-a22c-4959cbb08fe6,2025-07-21T00:00:00+00:00,2025-07-21T01:13:00+00:00,472,shipped,CUST-2000,synthetic,2025-07-20T00:00:00+00:00
d415a6f1-842c-4d67-a57d-a96504206d41,Auto shipment 2183,68db2e0c-1613-41ae-a22c-4959cbb08fe6,2025-04-12T00:00:00+00:00,2025-04-13T21:58:00+00:00,204,shipped,CUST-1341,synthetic,2025-04-12T00:00:00+00:00
1688390a-fefe-4e00-8cb7-10e300df6578,Auto shipment 2184,1c21be0f-7a41-4fd2-98f6-829a3308a50a,2024-11-18T00:00:00+00:00,2024-11-19T12:31:00+00:00,384,shipped,CUST-2101,synthetic,2024-11-18T00:00:00+00:00
ed233eb5-d5c5-4e82-a081-3e148a2e0350,Auto shipment 2185,78b74b5c-e459-4f23-b196-79e2b104375d,2024-11-30T00:00:00+00:00,2024-12-02T12:34:00+00:00,115,shipped,CUST-3704,synthetic,2024-12-01T00:00:00+00:00
a9780c73-56d3-4134-9578-b88841ffcd72,Auto shipment 2186,1c21be0f-7a41-4fd2-98f6-829a3308a50a,2025-10-13T00:00:00+00:00,2025-10-14T07:26:00+00:00,224,shipped,CUST-4173,synthetic,2025-10-13T00:00:00+00:00
f8d396be-9ac5-44cd-af2b-6ebde3339f67,Auto shipment 2187,68db2e0c-1613-41ae-a22c-4959cbb08fe6,2025-05-17T00:00:00+00:00,2025-05-18T22:44:00+00:00,200,shipped,CUST-6091,synthetic,2025-05-17T00:00:00+00:00
cd35003c-62ef-4970-8061-26edc8cb5bfc,Auto shipment 2188,78b74b5c-e459-4f23-b196-79e2b104375d,2025-04-18T00:00:00+00:00,2025-04-20T07:19:00+00:00,163,shipped,CUST-6145,synthetic,2025-04-19T00:00:00+00:00
1d635f41-7423-4f3d-ad04-a6cba78a3ebe,Auto shipment 2189,1c21be0f-7a41-4fd2-98f6-829a3308a50a,2024-11-18T00:00:00+00:00,2024-11-18T06:40:00+00:00,519,shipped,CUST-4101,synthetic,2024-11-17T00:00:00+00:00
a31b6ddf-a22e-416b-b21f-dd88af816064,Auto shipment 2190,68db2e0c-1613-41ae-a22c-4959cbb08fe6,2024-11-24T00:00:00+00:00,2024-11-27T16:37:00+00:00,174,shipped,CUST-6371,synthetic,2024-11-26T00:00:00+00:00
851d041c-e0f0-498c-84df-6754c05e8c00,Auto shipment 2191,68db2e0c-1613-41ae-a22c-4959cbb08fe6,2025-08-07T00:00:00+00:00,2025-08-07T03:49:00+00:00,499,shipped,CUST-4597,synthetic,2025-08-06T00:00:00+00:00
77321dbb-9c62-4fcf-afd0-8e80e47bed31,Auto shipment 2192,1c21be0f-7a41-4fd2-98f6-829a3308a50a,2025-04-27T00:00:00+00:00,2025-04-28T04:35:00+00:00,242,shipped,CUST-2030,synthetic,2025-04-27T00:00:00+00:00
711fb9ce-dc68-4cb6-a92c-4bfa286a8ed5,Auto shipment 2193,78b74b5c-e459-4f23-b196-79e2b104375d,2025-05-25T00:00:00+00:00,2025-05-28T18:56:00+00:00,292,shipped,CUST-5591,synthetic,2025-05-27T00:00:00+00:00
e9aa0ec7-8bc2-46f8-887e-b41c1a7b1320,Auto shipment 2194,78b74b5c-e459-4f23-b196-79e2b104375d,2024-11-17T00:00:00+00:00,2024-11-17T15:56:00+00:00,166,shipped,CUST-4509,synthetic,2024-11-16T00:00:00+00:00
321dcb71-b9fa-49e7-b767-59c670df4d34,Auto shipment 2195,68db2e0c-1613-41ae-a22c-4959cbb08fe6,2025-02-04T00:00:00+00:00,2025-02-08T00:26:00+00:00,399,shipped,CUST-9496,synthetic,2025-02-07T00:00:00+00:00
1374eb6a-2d03-45e7-8309-aa3edae906d6,Auto shipment 2196,1c21be0f-7a41-4fd2-98f6-829a3308a50a,2025-07-28T00:00:00+00:00,2025-08-01T00:07:00+00:00,346,shipped,CUST-2298,synthetic,2025-07-31T00:00:00+00:00
7f7d6848-a53b-420e-86bd-549c8c8125ce,Auto shipment 2197,1c21be0f-7a41-4fd2-98f6-829a3308a50a,2025-08-10T00:00:00+00:00,2025-08-10T00:25:00+00:00,405,shipped,CUST-6546,synthetic,2025-08-09T00:00:00+00:00
ea29f93f-8284-4b64-8371-faa4736cfdab,Auto shipment 2198,68db2e0c-1613-41ae-a22c-4959cbb08fe6,2025-02-24T00:00:00+00:00,2025-02-24T19:40:00+00:00,275,shipped,CUST-5683,synthetic,2025-02-23T00:00:00+00:00
5156e417-d2b3-40e4-a5fd-2c7f54351697,Auto shipment 2199,1c21be0f-7a41-4fd2-98f6-829a3308a50a,2025-02-11T00:00:00+00:00,2025-02-13T05:50:00+00:00,307,shipped,CUST-9204,synthetic,2025-02-12T00:00:00+00:00
3c3b8dcc-a983-40ff-96c5-7cf6e498d256,Auto shipment 2200,78b74b5c-e459-4f23-b196-79e2b104375d,2025-04-07T00:00:00+00:00,2025-04-08T11:57:00+00:00,369,shipped,CUST-3970,synthetic,2025-04-07T00:00:00+00:00
09b54b49-ec0e-424d-9781-f6f0bf7c0255,Auto shipment 2201,78b74b5c-e459-4f23-b196-79e2b104375d,2025-04-13T00:00:00+00:00,2025-04-17T01:33:00+00:00,150,shipped,CUST-1946,synthetic,2025-04-16T00:00:00+00:00
3c3aded5-d3df-4f1b-b823-108682e0291e,Auto shipment 2202,78b74b5c-e459-4f23-b196-79e2b104375d,2025-01-06T00:00:00+00:00,2025-01-08T17:46:00+00:00,127,shipped,CUST-7045,synthetic,2025-01-07T00:00:00+00:00
4fa91930-4d25-4158-ae89-901bd0a563c3,Auto shipment 2203,1c21be0f-7a41-4fd2-98f6-829a3308a50a,2025-08-09T00:00:00+00:00,2025-08-13T09:53:00+00:00,391,shipped,CUST-1874,synthetic,2025-08-12T00:00:00+00:00
26ff741b-6f1e-4ccb-8239-71d5f1209fbc,Auto shipment 2204,78b74b5c-e459-4f23-b196-79e2b104375d,2025-07-24T00:00:00+00:00,2025-07-24T10:14:00+00:00,153,shipped,CUST-9459,synthetic,2025-07-23T00:00:00+00:00
fb542854-29a9-44c3-9f55-f9e29039af62,Auto shipment 2205,78b74b5c-e459-4f23-b196-79e2b104375d,2024-12-05T00:00:00+00:00,2024-12-08T02:38:00+00:00,232,shipped,CUST-5553,synthetic,2024-12-07T00:00:00+00:00
2c79a0ca-5058-48ad-abe7-0de4f20a02d9,Auto shipment 2206,78b74b5c-e459-4f23-b196-79e2b104375d,2025-01-30T00:00:00+00:00,2025-01-31T04:28:00+00:00,190,shipped,CUST-3800,synthetic,2025-01-30T00:00:00+00:00
29f7f182-632d-46de-af8d-26ce82d8cea0,Auto shipment 2207,78b74b5c-e459-4f23-b196-79e2b104375d,2025-03-18T00:00:00+00:00,2025-03-20T15:55:00+00:00,340,shipped,CUST-3199,synthetic,2025-03-19T00:00:00+00:00
b09f178f-f8cb-4197-b62b-b6f105d0fb59,Auto shipment 2208,78b74b5c-e459-4f23-b196-79e2b104375d,2025-09-23T00:00:00+00:00,2025-09-23T19:30:00+00:00,302,shipped,CUST-8136,synthetic,2025-09-22T00:00:00+00:00
1f46de52-02df-4214-bb80-f2a0f7006077,Auto shipment 2209,78b74b5c-e459-4f23-b196-79e2b104375d,2025-01-29T00:00:00+00:00,2025-02-02T18:25:00+00:00,240,shipped,CUST-1694,synthetic,2025-02-01T00:00:00+00:00
33461fb8-c435-4e7b-9464-39ebc9e63690,Auto shipment 2210,1c21be0f-7a41-4fd2-98f6-829a3308a50a,2025-04-04T00:00:00+00:00,2025-04-08T11:36:00+00:00,416,shipped,CUST-6604,synthetic,2025-04-07T00:00:00+00:00
f03ba3f6-9181-4210-a48f-e00f8f6e4f08,Auto shipment 2211,78b74b5c-e459-4f23-b196-79e2b104375d,2025-04-19T00:00:00+00:00,2025-04-19T01:08:00+00:00,193,shipped,CUST-6020,synthetic,2025-04-18T00:00:00+00:00
c96b1090-b5a0-47d8-94d8-f80959bbb42a,Auto shipment 2212,1c21be0f-7a41-4fd2-98f6-829a3308a50a,2025-09-23T00:00:00+00:00,2025-09-27T01:47:00+00:00,136,shipped,CUST-8219,synthetic,2025-09-26T00:00:00+00:00
199d47c4-c5a4-4607-b4c6-f4ef7176e905,Auto shipment 2213,78b74b5c-e459-4f23-b196-79e2b104375d,2025-09-15T00:00:00+00:00,2025-09-18T19:16:00+00:00,368,shipped,CUST-5212,synthetic,2025-09-17T00:00:00+00:00
3bad0411-41d2-4165-bace-ac3152702e9f,Auto shipment 2214,68db2e0c-1613-41ae-a22c-4959cbb08fe6,2025-01-27T00:00:00+00:00,2025-01-28T04:00:00+00:00,135,shipped,CUST-3469,synthetic,2025-01-27T00:00:00+00:00
cd3807a3-1750-4484-becc-c58ba7289b6e,Auto shipment 2215,68db2e0c-1613-41ae-a22c-4959cbb08fe6,2025-03-16T00:00:00+00:00,2025-03-17T01:00:00+00:00,180,shipped,CUST-8643,synthetic,2025-03-16T00:00:00+00:00
44798328-a9c1-4a4e-be7d-6e502023a235,Auto shipment 2216,1c21be0f-7a41-4fd2-98f6-829a3308a50a,2025-09-23T00:00:00+00:00,2025-09-26T19:12:00+00:00,283,shipped,CUST-8356,synthetic,2025-09-25T00:00:00+00:00
989daa48-c6d2-445a-8d6a-a1c34e48d5a5,Auto shipment 2217,68db2e0c-1613-41ae-a22c-4959cbb08fe6,2025-07-05T00:00:00+00:00,2025-07-05T10:54:00+00:00,220,shipped,CUST-3118,synthetic,2025-07-04T00:00:00+00:00
017e0f9c-ca95-437f-8a88-b016e2bfdf31,Auto shipment 2218,78b74b5c-e459-4f23-b196-79e2b104375d,2025-03-20T00:00:00+00:00,2025-03-20T21:22:00+00:00,368,shipped,CUST-8121,synthetic,2025-03-19T00:00:00+00:00
2de6b17d-ff02-4469-9cc9-c6a38075a523,Auto shipment 2219,68db2e0c-1613-41ae-a22c-4959cbb08fe6,2025-03-27T00:00:00+00:00,2025-03-28T18:00:00+00:00,198,shipped,CUST-1483,synthetic,2025-03-27T00:00:00+00:00
7ded5ea3-82ed-4ea6-b473-704ff16f8c2e,Auto shipment 2220,68db2e0c-1613-41ae-a22c-4959cbb08fe6,2024-11-20T00:00:00+00:00,2024-11-21T00:40:00+00:00,378,shipped,CUST-2295,synthetic,2024-11-20T00:00:00+00:00
ccfab56e-9d9f-40cc-b08d-989b2219bbbf,Auto shipment 2221,1c21be0f-7a41-4fd2-98f6-829a3308a50a,2025-09-07T00:00:00+00:00,2025-09-07T07:51:00+00:00,376,shipped,CUST-5071,synthetic,2025-09-06T00:00:00+00:00
a30a35ee-e5c7-41a8-8ebc-817d58eeee74,Auto shipment 2222,1c21be0f-7a41-4fd2-98f6-829a3308a50a,2025-08-25T00:00:00+00:00,2025-08-27T21:18:00+00:00,282,shipped,CUST-2528,synthetic,2025-08-26T00:00:00+00:00
f8bb6211-88bf-45a3-850a-3d2da57b045e,Auto shipment 2223,68db2e0c-1613-41ae-a22c-4959cbb08fe6,2025-04-24T00:00:00+00:00,2025-04-26T01:28:00+00:00,311,shipped,CUST-6974,synthetic,2025-04-25T00:00:00+00:00
8b8a4c31-30ec-4762-b476-b84dea952e61,Auto shipment 2224,78b74b5c-e459-4f23-b196-79e2b104375d,2024-12-07T00:00:00+00:00,2024-12-10T02:25:00+00:00,122,shipped,CUST-8079,synthetic,2024-12-09T00:00:00+00:00
b85966e8-be49-4082-b444-400fdbc2c229,Auto shipment 2225,68db2e0c-1613-41ae-a22c-4959cbb08fe6,2025-01-23T00:00:00+00:00,2025-01-25T12:26:00+00:00,267,shipped,CUST-3581,synthetic,2025-01-24T00:00:00+00:00
2d8992ce-d618-4f42-88d4-f7a651c2b7d5,Auto shipment 2226,68db2e0c-1613-41ae-a22c-4959cbb08fe6,2025-08-05T00:00:00+00:00,2025-08-07T15:50:00+00:00,337,shipped,CUST-6642,synthetic,2025-08-06T00:00:00+00:00
787e4137-f8d3-4157-8cc7-3c0e1a21d9df,Auto shipment 2227,1c21be0f-7a41-4fd2-98f6-829a3308a50a,2025-08-28T00:00:00+00:00,2025-08-31T18:48:00+00:00,231,shipped,CUST-1407,synthetic,2025-08-30T00:00:00+00:00
8f34b554-eb87-4607-bd69-3a29c2379af1,Auto shipment 2228,1c21be0f-7a41-4fd2-98f6-829a3308a50a,2025-07-28T00:00:00+00:00,2025-07-30T17:43:00+00:00,470,shipped,CUST-4339,synthetic,2025-07-29T00:00:00+00:00
c84e592b-ebcc-425d-b1e1-871b4111a2ad,Auto shipment 2229,68db2e0c-1613-41ae-a22c-4959cbb08fe6,2025-08-19T00:00:00+00:00,2025-08-22T06:37:00+00:00,159,shipped,CUST-8061,synthetic,2025-08-21T00:00:00+00:00
f8cc9d2b-c1a9-402a-bc38-edda2008b6f3,Auto shipment 2230,1c21be0f-7a41-4fd2-98f6-829a3308a50a,2025-05-05T00:00:00+00:00,2025-05-07T21:35:00+00:00,444,shipped,CUST-8992,synthetic,2025-05-06T00:00:00+00:00
98c29dfa-63a9-4c7e-bda9-9fa288d6f2db,Auto shipment 2231,1c21be0f-7a41-4fd2-98f6-829a3308a50a,2025-02-28T00:00:00+00:00,2025-03-04T14:00:00+00:00,431,shipped,CUST-5948,synthetic,2025-03-03T00:00:00+00:00
f8b96963-1eee-4552-94c7-35aab1dac394,Auto shipment 2232,78b74b5c-e459-4f23-b196-79e2b104375d,2025-10-07T00:00:00+00:00,2025-10-08T11:30:00+00:00,428,shipped,CUST-1358,synthetic,2025-10-07T00:00:00+00:00
7920196a-b128-4de2-ae08-371aea8fc6c3,Auto shipment 2233,1c21be0f-7a41-4fd2-98f6-829a3308a50a,2024-12-21T00:00:00+00:00,2024-12-24T06:45:00+00:00,186,shipped,CUST-2621,synthetic,2024-12-23T00:00:00+00:00
3070470c-9934-4cec-817e-e9b9f2b4ea04,Auto shipment 2234,78b74b5c-e459-4f23-b196-79e2b104375d,2025-03-01T00:00:00+00:00,2025-03-02T02:24:00+00:00,315,shipped,CUST-7474,synthetic,2025-03-01T00:00:00+00:00
3b2682ab-c4c1-4940-9f17-54375ffffc66,Auto shipment 2235,1c21be0f-7a41-4fd2-98f6-829a3308a50a,2025-08-19T00:00:00+00:00,2025-08-20T07:25:00+00:00,355,shipped,CUST-4934,synthetic,2025-08-19T00:00:00+00:00
424371da-dc12-49ab-9b3e-e98a4f235d63,Auto shipment 2236,1c21be0f-7a41-4fd2-98f6-829a3308a50a,2025-06-18T00:00:00+00:00,2025-06-20T01:42:00+00:00,430,shipped,CUST-7526,synthetic,2025-06-19T00:00:00+00:00
46a34942-578d-488e-9128-9e2516b22333,Auto shipment 2237,1c21be0f-7a41-4fd2-98f6-829a3308a50a,2025-01-17T00:00:00+00:00,2025-01-21T11:20:00+00:00,252,shipped,CUST-6524,synthetic,2025-01-20T00:00:00+00:00
dd06ac49-c7ae-4555-a3f6-04162e28c4a2,Auto shipment 2238,78b74b5c-e459-4f23-b196-79e2b104375d,2025-05-02T00:00:00+00:00,2025-05-02T10:40:00+00:00,411,shipped,CUST-8517,synthetic,2025-05-01T00:00:00+00:00
3eec3249-6688-4454-b873-6ce4df812860,Auto shipment 2239,1c21be0f-7a41-4fd2-98f6-829a3308a50a,2025-05-06T00:00:00+00:00,2025-05-06T21:16:00+00:00,212,shipped,CUST-6912,synthetic,2025-05-05T00:00:00+00:00
0835ea2b-5437-49a6-838d-1d538660524d,Auto shipment 2240,1c21be0f-7a41-4fd2-98f6-829a3308a50a,2025-04-08T00:00:00+00:00,2025-04-11T00:25:00+00:00,399,shipped,CUST-1542,synthetic,2025-04-10T00:00:00+00:00
52e0f1c2-e222-47da-bf59-a9f95afd571a,Auto shipment 2241,78b74b5c-e459-4f23-b196-79e2b104375d,2025-04-02T00:00:00+00:00,2025-04-02T05:19:00+00:00,191,shipped,CUST-1449,synthetic,2025-04-01T00:00:00+00:00
ba173f5b-ecb7-4bd5-b192-59681fa4c17d,Auto shipment 2242,78b74b5c-e459-4f23-b196-79e2b104375d,2025-01-23T00:00:00+00:00,2025-01-27T07:37:00+00:00,434,shipped,CUST-2743,synthetic,2025-01-26T00:00:00+00:00
6c941797-12b3-4673-a2e6-9481ecf85757,Auto shipment 2243,68db2e0c-1613-41ae-a22c-4959cbb08fe6,2025-05-28T00:00:00+00:00,2025-06-01T09:23:00+00:00,442,shipped,CUST-8123,synthetic,2025-05-31T00:00:00+00:00
6b7b19e8-2f57-4171-bb04-56e768670d4c,Auto shipment 2244,78b74b5c-e459-4f23-b196-79e2b104375d,2025-05-03T00:00:00+00:00,2025-05-05T08:55:00+00:00,311,shipped,CUST-9460,synthetic,2025-05-04T00:00:00+00:00
f5bcd896-8a13-44d8-9064-f7568391a501,Auto shipment 2245,78b74b5c-e459-4f23-b196-79e2b104375d,2024-11-10T00:00:00+00:00,2024-11-14T22:19:00+00:00,151,shipped,CUST-1790,synthetic,2024-11-13T00:00:00+00:00
19ac16a6-12ce-4e56-8088-33b337262f1f,Auto shipment 2246,78b74b5c-e459-4f23-b196-79e2b104375d,2024-11-16T00:00:00+00:00,2024-11-17T08:14:00+00:00,451,shipped,CUST-3591,synthetic,2024-11-16T00:00:00+00:00
30537c6d-0151-4c00-ba7e-be8aa365c579,Auto shipment 2247,78b74b5c-e459-4f23-b196-79e2b104375d,2024-12-16T00:00:00+00:00,2024-12-16T09:58:00+00:00,314,shipped,CUST-7621,synthetic,2024-12-15T00:00:00+00:00
0ef7f161-dfd0-46df-8711-e1120a8afce8,Auto shipment 2248,68db2e0c-1613-41ae-a22c-4959cbb08fe6,2025-03-24T00:00:00+00:00,2025-03-28T22:47:00+00:00,380,shipped,CUST-6157,synthetic,2025-03-27T00:00:00+00:00
3719c544-d7e1-486d-972d-1f0a1c69f90f,Auto shipment 2249,78b74b5c-e459-4f23-b196-79e2b104375d,2025-05-06T00:00:00+00:00,2025-05-10T20:38:00+00:00,117,shipped,CUST-6321,synthetic,2025-05-09T00:00:00+00:00
ec2ce8b0-2582-4ef6-b050-2de5551e41e4,Auto shipment 2250,78b74b5c-e459-4f23-b196-79e2b104375d,2025-05-29T00:00:00+00:00,2025-06-01T13:38:00+00:00,261,shipped,CUST-5385,synthetic,2025-05-31T00:00:00+00:00
5806c0c1-cf07-4454-a0d7-3d68f9aedd1a,Auto shipment 2251,68db2e0c-1613-41ae-a22c-4959cbb08fe6,2025-05-28T00:00:00+00:00,2025-05-29T13:41:00+00:00,219,shipped,CUST-8769,synthetic,2025-05-28T00:00:00+00:00
0191f700-3b40-4151-b8a9-7797b4cf4f0d,Auto shipment 2252,78b74b5c-e459-4f23-b196-79e2b104375d,2024-12-11T00:00:00+00:00,2024-12-13T17:37:00+00:00,508,shipped,CUST-3722,synthetic,2024-12-12T00:00:00+00:00
6e13445e-07b5-44ae-9362-f446dc84b50a,Auto shipment 2253,78b74b5c-e459-4f23-b196-79e2b104375d,2025-08-13T00:00:00+00:00,2025-08-17T08:26:00+00:00,121,shipped,CUST-1369,synthetic,2025-08-16T00:00:00+00:00
11d774a3-5e4a-428d-adf3-43e02b5cd087,Auto shipment 2254,1c21be0f-7a41-4fd2-98f6-829a3308a50a,2025-03-05T00:00:00+00:00,2025-03-05T21:36:00+00:00,232,shipped,CUST-4663,synthetic,2025-03-04T00:00:00+00:00
6eb28c4f-25fc-406d-bada-fba3c46905ed,Auto shipment 2255,68db2e0c-1613-41ae-a22c-4959cbb08fe6,2024-12-29T00:00:00+00:00,2024-12-30T15:19:00+00:00,278,shipped,CUST-4065,synthetic,2024-12-29T00:00:00+00:00
6f73ab2d-be0f-4ed6-8780-57f46c51b2c9,Auto shipment 2256,78b74b5c-e459-4f23-b196-79e2b104375d,2025-08-11T00:00:00+00:00,2025-08-11T08:44:00+00:00,376,shipped,CUST-2232,synthetic,2025-08-10T00:00:00+00:00
b2067ff5-c87c-4a5e-ba27-fa14735fe2dc,Auto shipment 2257,1c21be0f-7a41-4fd2-98f6-829a3308a50a,2025-10-09T00:00:00+00:00,2025-10-13T13:21:00+00:00,134,shipped,CUST-8748,synthetic,2025-10-12T00:00:00+00:00
ac34c73b-304d-4258-a5c3-fe6441028e31,Auto shipment 2258,78b74b5c-e459-4f23-b196-79e2b104375d,2025-08-03T00:00:00+00:00,2025-08-04T02:53:00+00:00,474,shipped,CUST-7716,synthetic,2025-08-03T00:00:00+00:00
d81a1e0c-7108-44fe-8267-bfaccfe18582,Auto shipment 2259,1c21be0f-7a41-4fd2-98f6-829a3308a50a,2025-03-11T00:00:00+00:00,2025-03-11T09:31:00+00:00,224,shipped,CUST-8369,synthetic,2025-03-10T00:00:00+00:00
63f03d14-395d-44df-8f26-c9bbb65a4c94,Auto shipment 2260,1c21be0f-7a41-4fd2-98f6-829a3308a50a,2025-01-19T00:00:00+00:00,2025-01-21T13:13:00+00:00,107,shipped,CUST-7493,synthetic,2025-01-20T00:00:00+00:00
cf0a1d93-d2f6-4c06-84a3-41df6cdedb74,Auto shipment 2261,78b74b5c-e459-4f23-b196-79e2b104375d,2025-07-08T00:00:00+00:00,2025-07-10T14:11:00+00:00,214,shipped,CUST-5972,synthetic,2025-07-09T00:00:00+00:00
e07e8707-745a-4e87-ba79-2379d1ac0aeb,Auto shipment 2262,1c21be0f-7a41-4fd2-98f6-829a3308a50a,2025-03-31T00:00:00+00:00,2025-04-03T21:40:00+00:00,168,shipped,CUST-7042,synthetic,2025-04-02T00:00:00+00:00
4332fe7d-ec4f-49e8-8649-1f750566c86c,Auto shipment 2263,78b74b5c-e459-4f23-b196-79e2b104375d,2025-04-14T00:00:00+00:00,2025-04-17T18:21:00+00:00,324,shipped,CUST-9290,synthetic,2025-04-16T00:00:00+00:00
b131dc0e-ddb8-4107-b774-30447c40ad08,Auto shipment 2264,1c21be0f-7a41-4fd2-98f6-829a3308a50a,2025-03-23T00:00:00+00:00,2025-03-24T07:23:00+00:00,351,shipped,CUST-5885,synthetic,2025-03-23T00:00:00+00:00
be88e713-f58a-40dd-a5a2-ed30b921b5bb,Auto shipment 2265,68db2e0c-1613-41ae-a22c-4959cbb08fe6,2024-12-11T00:00:00+00:00,2024-12-11T02:20:00+00:00,185,shipped,CUST-8361,synthetic,2024-12-10T00:00:00+00:00
ba0044ad-9d9f-44e5-bbed-574b81229d68,Auto shipment 2266,78b74b5c-e459-4f23-b196-79e2b104375d,2025-11-04T00:00:00+00:00,2025-11-08T09:39:00+00:00,285,shipped,CUST-7538,synthetic,2025-11-07T00:00:00+00:00
1e4c2857-edde-45fb-a803-40f661ff1602,Auto shipment 2267,1c21be0f-7a41-4fd2-98f6-829a3308a50a,2025-05-31T00:00:00+00:00,2025-06-03T03:07:00+00:00,454,shipped,CUST-8484,synthetic,2025-06-02T00:00:00+00:00
6bc60b6f-bb72-48a0-b437-7254fc25e0d3,Auto shipment 2268,78b74b5c-e459-4f23-b196-79e2b104375d,2025-10-07T00:00:00+00:00,2025-10-07T02:36:00+00:00,368,shipped,CUST-9764,synthetic,2025-10-06T00:00:00+00:00
e8b99cb9-1bd7-4395-a0d8-6cf6df12d880,Auto shipment 2269,78b74b5c-e459-4f23-b196-79e2b104375d,2024-11-23T00:00:00+00:00,2024-11-26T14:38:00+00:00,142,shipped,CUST-5617,synthetic,2024-11-25T00:00:00+00:00
fcf00f5d-f23a-4c00-890a-6ad6c60d44c6,Auto shipment 2270,78b74b5c-e459-4f23-b196-79e2b104375d,2025-09-05T00:00:00+00:00,2025-09-06T02:45:00+00:00,293,shipped,CUST-3582,synthetic,2025-09-05T00:00:00+00:00
def2991e-f9b6-4e01-a3d7-f5f4d1f69ff3,Auto shipment 2271,78b74b5c-e459-4f23-b196-79e2b104375d,2025-04-12T00:00:00+00:00,2025-04-14T08:58:00+00:00,319,shipped,CUST-6860,synthetic,2025-04-13T00:00:00+00:00
7f819ff7-756a-431c-80bd-ec335ea60563,Auto shipment 2272,68db2e0c-1613-41ae-a22c-4959cbb08fe6,2025-03-13T00:00:00+00:00,2025-03-15T20:37:00+00:00,255,shipped,CUST-4995,synthetic,2025-03-14T00:00:00+00:00
9a540a87-1d3e-487e-9b31-7d3b2f01e223,Auto shipment 2273,1c21be0f-7a41-4fd2-98f6-829a3308a50a,2025-01-20T00:00:00+00:00,2025-01-22T14:45:00+00:00,101,shipped,CUST-7478,synthetic,2025-01-21T00:00:00+00:00
2ea9575e-2531-40e7-924f-cfda5806e37c,Auto shipment 2274,78b74b5c-e459-4f23-b196-79e2b104375d,2024-12-26T00:00:00+00:00,2024-12-26T01:05:00+00:00,279,shipped,CUST-9749,synthetic,2024-12-25T00:00:00+00:00
2bc3161a-4682-4a7b-acaa-993f28c6f339,Auto shipment 2275,68db2e0c-1613-41ae-a22c-4959cbb08fe6,2025-08-14T00:00:00+00:00,2025-08-15T18:16:00+00:00,366,shipped,CUST-2492,synthetic,2025-08-14T00:00:00+00:00
1c472f4b-4583-4daa-a3f4-9bc5de005719,Auto shipment 2276,68db2e0c-1613-41ae-a22c-4959cbb08fe6,2024-12-07T00:00:00+00:00,2024-12-10T21:16:00+00:00,327,shipped,CUST-2925,synthetic,2024-12-09T00:00:00+00:00
8667ed7b-9402-48b0-a967-780fcf2b49f5,Auto shipment 2277,68db2e0c-1613-41ae-a22c-4959cbb08fe6,2024-11-15T00:00:00+00:00,2024-11-18T04:14:00+00:00,255,shipped,CUST-4173,synthetic,2024-11-17T00:00:00+00:00
e07a6b8c-d489-42e9-9e46-9cdaf424e734,Auto shipment 2278,1c21be0f-7a41-4fd2-98f6-829a3308a50a,2025-09-05T00:00:00+00:00,2025-09-07T19:12:00+00:00,253,shipped,CUST-3532,synthetic,2025-09-06T00:00:00+00:00
6e18ecd1-418f-42cf-bbb7-ad46dc6e23d3,Auto shipment 2279,78b74b5c-e459-4f23-b196-79e2b104375d,2025-02-18T00:00:00+00:00,2025-02-18T14:51:00+00:00,227,shipped,CUST-3967,synthetic,2025-02-17T00:00:00+00:00
6f1e649c-18b0-4806-a28e-b9f4007280da,Auto shipment 2280,1c21be0f-7a41-4fd2-98f6-829a3308a50a,2025-01-26T00:00:00+00:00,2025-01-29T21:54:00+00:00,243,shipped,CUST-4089,synthetic,2025-01-28T00:00:00+00:00
58e527b7-ad59-4edd-894e-fc443d3e4ab7,Auto shipment 2281,78b74b5c-e459-4f23-b196-79e2b104375d,2025-01-19T00:00:00+00:00,2025-01-19T07:45:00+00:00,385,shipped,CUST-4050,synthetic,2025-01-18T00:00:00+00:00
a126bea2-e79b-43b9-bd2d-8a407cf6eef1,Auto shipment 2282,68db2e0c-1613-41ae-a22c-4959cbb08fe6,2025-07-30T00:00:00+00:00,2025-08-03T00:23:00+00:00,328,shipped,CUST-6801,synthetic,2025-08-02T00:00:00+00:00
ba33b2dd-37f6-49b7-ab6e-a0dd4a13c8aa,Auto shipment 2283,1c21be0f-7a41-4fd2-98f6-829a3308a50a,2024-11-20T00:00:00+00:00,2024-11-20T12:58:00+00:00,310,shipped,CUST-4862,synthetic,2024-11-19T00:00:00+00:00
9e6641d3-69bd-4921-8046-9b952e8f1143,Auto shipment 2284,1c21be0f-7a41-4fd2-98f6-829a3308a50a,2025-01-07T00:00:00+00:00,2025-01-08T21:33:00+00:00,183,shipped,CUST-5959,synthetic,2025-01-07T00:00:00+00:00
d3fbbb2f-1263-4192-b069-9f500c2f5303,Auto shipment 2285,78b74b5c-e459-4f23-b196-79e2b104375d,2025-03-28T00:00:00+00:00,2025-03-29T10:19:00+00:00,372,shipped,CUST-1515,synthetic,2025-03-28T00:00:00+00:00
cff0b5f6-5c2c-4e6e-b7b3-041c66c25fd4,Auto shipment 2286,68db2e0c-1613-41ae-a22c-4959cbb08fe6,2024-11-12T00:00:00+00:00,2024-11-12T19:48:00+00:00,385,shipped,CUST-6946,synthetic,2024-11-11T00:00:00+00:00
d09415ce-d467-42ef-a2bb-c778098bbd8d,Auto shipment 2287,1c21be0f-7a41-4fd2-98f6-829a3308a50a,2025-09-09T00:00:00+00:00,2025-09-10T20:14:00+00:00,147,shipped,CUST-4720,synthetic,2025-09-09T00:00:00+00:00
223b4213-a3c0-40be-9ab1-379f17c79491,Auto shipment 2288,78b74b5c-e459-4f23-b196-79e2b104375d,2025-09-15T00:00:00+00:00,2025-09-19T01:25:00+00:00,143,shipped,CUST-4474,synthetic,2025-09-18T00:00:00+00:00
37d065d6-969d-4d17-9fa9-ec589a776552,Auto shipment 2289,78b74b5c-e459-4f23-b196-79e2b104375d,2025-05-10T00:00:00+00:00,2025-05-12T21:07:00+00:00,395,shipped,CUST-6968,synthetic,2025-05-11T00:00:00+00:00
7c260c23-c353-4cb4-bec6-17c2fcfe7143,Auto shipment 2290,78b74b5c-e459-4f23-b196-79e2b104375d,2025-04-16T00:00:00+00:00,2025-04-20T20:44:00+00:00,438,shipped,CUST-4434,synthetic,2025-04-19T00:00:00+00:00
8a88c12f-1727-4bc4-969b-8a2a4d3a227b,Auto shipment 2291,1c21be0f-7a41-4fd2-98f6-829a3308a50a,2025-06-28T00:00:00+00:00,2025-07-01T09:48:00+00:00,291,shipped,CUST-1603,synthetic,2025-06-30T00:00:00+00:00
4c63d88a-db13-42e5-8b1c-5f87df6e39b2,Auto shipment 2292,68db2e0c-1613-41ae-a22c-4959cbb08fe6,2025-06-15T00:00:00+00:00,2025-06-19T10:51:00+00:00,207,shipped,CUST-6521,synthetic,2025-06-18T00:00:00+00:00
5f731f11-283d-4705-80fa-7c9557787e70,Auto shipment 2293,78b74b5c-e459-4f23-b196-79e2b104375d,2025-09-05T00:00:00+00:00,2025-09-06T16:02:00+00:00,252,shipped,CUST-1334,synthetic,2025-09-05T00:00:00+00:00
6f257581-aa2c-4081-ae8a-c71f7e82d36d,Auto shipment 2294,1c21be0f-7a41-4fd2-98f6-829a3308a50a,2025-06-14T00:00:00+00:00,2025-06-16T05:37:00+00:00,387,shipped,CUST-4790,synthetic,2025-06-15T00:00:00+00:00
6ad4d56a-f613-4c5a-9bf8-758a71aeef1d,Auto shipment 2295,68db2e0c-1613-41ae-a22c-4959cbb08fe6,2024-11-17T00:00:00+00:00,2024-11-19T13:17:00+00:00,251,shipped,CUST-4304,synthetic,2024-11-18T00:00:00+00:00
65b10053-f3ea-4ff6-b51a-8492ba431ee9,Auto shipment 2296,68db2e0c-1613-41ae-a22c-4959cbb08fe6,2025-01-08T00:00:00+00:00,2025-01-10T19:55:00+00:00,345,shipped,CUST-8594,synthetic,2025-01-09T00:00:00+00:00
866790fb-b61a-4c8a-b6de-f1ebf27b636b,Auto shipment 2297,1c21be0f-7a41-4fd2-98f6-829a3308a50a,2024-11-11T00:00:00+00:00,2024-11-12T14:33:00+00:00,358,shipped,CUST-2686,synthetic,2024-11-11T00:00:00+00:00
e03ed7ad-31e8-45cb-8927-9ceb253ed74e,Auto shipment 2298,1c21be0f-7a41-4fd2-98f6-829a3308a50a,2025-03-12T00:00:00+00:00,2025-03-12T03:32:00+00:00,164,shipped,CUST-1930,synthetic,2025-03-11T00:00:00+00:00
6523fcc4-339f-4a53-92ea-2f11d6ccf9db,Auto shipment 2299,78b74b5c-e459-4f23-b196-79e2b104375d,2025-11-09T00:00:00+00:00,2025-11-09T15:56:00+00:00,247,shipped,CUST-3851,synthetic,2025-11-08T00:00:00+00:00
f05cf0b3-2a27-4971-bd0b-8d8fbd537dd8,Auto shipment 2300,1c21be0f-7a41-4fd2-98f6-829a3308a50a,2025-06-04T00:00:00+00:00,2025-06-06T06:05:00+00:00,99,shipped,CUST-6096,synthetic,2025-06-05T00:00:00+00:00
1378a03d-bd16-43de-b80e-900fd2c7b6f1,Auto shipment 2301,68db2e0c-1613-41ae-a22c-4959cbb08fe6,2025-04-06T00:00:00+00:00,2025-04-08T22:40:00+00:00,163,shipped,CUST-6134,synthetic,2025-04-07T00:00:00+00:00
a851c48c-3406-4fd8-9bf4-31c17a281267,Auto shipment 2302,68db2e0c-1613-41ae-a22c-4959cbb08fe6,2025-05-11T00:00:00+00:00,2025-05-11T00:39:00+00:00,366,shipped,CUST-8147,synthetic,2025-05-10T00:00:00+00:00
8da57ba7-3ed1-4f87-9729-ad3642036098,Auto shipment 2303,1c21be0f-7a41-4fd2-98f6-829a3308a50a,2025-08-20T00:00:00+00:00,2025-08-23T02:36:00+00:00,537,shipped,CUST-2653,synthetic,2025-08-22T00:00:00+00:00
efa4bde4-94a7-48b0-8d6f-1175862258c2,Auto shipment 2304,1c21be0f-7a41-4fd2-98f6-829a3308a50a,2025-01-18T00:00:00+00:00,2025-01-20T02:40:00+00:00,206,shipped,CUST-9088,synthetic,2025-01-19T00:00:00+00:00
bcc1ba57-3a2d-44fa-8fa1-7fce1647cab4,Auto shipment 2305,68db2e0c-1613-41ae-a22c-4959cbb08fe6,2025-06-07T00:00:00+00:00,2025-06-09T07:56:00+00:00,310,shipped,CUST-7067,synthetic,2025-06-08T00:00:00+00:00
ca85a617-06b2-4f75-a82e-a4a01309c62f,Auto shipment 2306,78b74b5c-e459-4f23-b196-79e2b104375d,2025-03-12T00:00:00+00:00,2025-03-12T17:12:00+00:00,210,shipped,CUST-6606,synthetic,2025-03-11T00:00:00+00:00
146725c1-72cc-469d-9399-608c9272421b,Auto shipment 2307,78b74b5c-e459-4f23-b196-79e2b104375d,2025-04-21T00:00:00+00:00,2025-04-24T05:10:00+00:00,384,shipped,CUST-7738,synthetic,2025-04-23T00:00:00+00:00
4d0307ea-af1f-46d6-bff6-84d4d779e3e0,Auto shipment 2308,78b74b5c-e459-4f23-b196-79e2b104375d,2025-04-23T00:00:00+00:00,2025-04-26T02:07:00+00:00,436,shipped,CUST-9959,synthetic,2025-04-25T00:00:00+00:00
12faf9de-8b61-4db8-bb9f-1a11760e1afc,Auto shipment 2309,78b74b5c-e459-4f23-b196-79e2b104375d,2025-08-24T00:00:00+00:00,2025-08-27T15:36:00+00:00,368,shipped,CUST-5638,synthetic,2025-08-26T00:00:00+00:00
f511ce58-167c-4a16-b684-b55986170e11,Auto shipment 2310,1c21be0f-7a41-4fd2-98f6-829a3308a50a,2025-08-26T00:00:00+00:00,2025-08-28T17:16:00+00:00,268,shipped,CUST-2813,synthetic,2025-08-27T00:00:00+00:00
aa6ebd0d-8c45-4d48-85bb-c1785bcb9b8e,Auto shipment 2311,68db2e0c-1613-41ae-a22c-4959cbb08fe6,2025-10-01T00:00:00+00:00,2025-10-04T15:00:00+00:00,426,shipped,CUST-9697,synthetic,2025-10-03T00:00:00+00:00
6d642333-5c15-44f7-a563-ea0c58721163,Auto shipment 2312,78b74b5c-e459-4f23-b196-79e2b104375d,2025-01-18T00:00:00+00:00,2025-01-22T05:35:00+00:00,303,shipped,CUST-8552,synthetic,2025-01-21T00:00:00+00:00
1e1419c8-60b5-47da-b5d3-29c9f160f78b,Auto shipment 2313,78b74b5c-e459-4f23-b196-79e2b104375d,2025-06-03T00:00:00+00:00,2025-06-07T16:32:00+00:00,165,shipped,CUST-6635,synthetic,2025-06-06T00:00:00+00:00
28d3ef20-3a99-4fb1-811c-86b079c633fb,Auto shipment 2314,68db2e0c-1613-41ae-a22c-4959cbb08fe6,2025-04-17T00:00:00+00:00,2025-04-21T17:18:00+00:00,127,shipped,CUST-4341,synthetic,2025-04-20T00:00:00+00:00
d0c30bff-73e2-4e10-b79b-fdaa9ad41b26,Auto shipment 2315,1c21be0f-7a41-4fd2-98f6-829a3308a50a,2025-02-02T00:00:00+00:00,2025-02-02T22:32:00+00:00,377,shipped,CUST-8888,synthetic,2025-02-01T00:00:00+00:00
352a77eb-1b96-4475-91e1-1fed26b509e6,Auto shipment 2316,1c21be0f-7a41-4fd2-98f6-829a3308a50a,2024-12-04T00:00:00+00:00,2024-12-07T05:28:00+00:00,223,shipped,CUST-7655,synthetic,2024-12-06T00:00:00+00:00
01772c11-08d2-4e7a-9a22-5aec63179995,Auto shipment 2317,78b74b5c-e459-4f23-b196-79e2b104375d,2025-02-25T00:00:00+00:00,2025-02-26T12:35:00+00:00,107,shipped,CUST-6793,synthetic,2025-02-25T00:00:00+00:00
2a77df80-8f95-4e6c-a7bd-ba74f7d30b1e,Auto shipment 2318,68db2e0c-1613-41ae-a22c-4959cbb08fe6,2025-08-27T00:00:00+00:00,2025-08-28T15:17:00+00:00,413,shipped,CUST-7380,synthetic,2025-08-27T00:00:00+00:00
e9e8c146-6210-42b8-b41b-26a4c0d6a632,Auto shipment 2319,1c21be0f-7a41-4fd2-98f6-829a3308a50a,2025-05-06T00:00:00+00:00,2025-05-07T00:05:00+00:00,98,shipped,CUST-9325,synthetic,2025-05-06T00:00:00+00:00
feaf2ec7-b554-48f0-bf26-c9db7b8188ab,Auto shipment 2320,1c21be0f-7a41-4fd2-98f6-829a3308a50a,2024-11-12T00:00:00+00:00,2024-11-15T19:09:00+00:00,387,shipped,CUST-5437,synthetic,2024-11-14T00:00:00+00:00
d3479153-5bef-4f88-9f13-5dfa1c9750db,Auto shipment 2321,1c21be0f-7a41-4fd2-98f6-829a3308a50a,2025-08-27T00:00:00+00:00,2025-08-31T14:10:00+00:00,330,shipped,CUST-3499,synthetic,2025-08-30T00:00:00+00:00
9cd39817-2f31-4035-8eb8-fe6b3fcb22b4,Auto shipment 2322,68db2e0c-1613-41ae-a22c-4959cbb08fe6,2025-10-18T00:00:00+00:00,2025-10-22T20:52:00+00:00,194,shipped,CUST-7806,synthetic,2025-10-21T00:00:00+00:00
1b8edfce-b5da-4571-b144-0cdba3b1e817,Auto shipment 2323,68db2e0c-1613-41ae-a22c-4959cbb08fe6,2025-04-12T00:00:00+00:00,2025-04-14T00:17:00+00:00,269,shipped,CUST-2151,synthetic,2025-04-13T00:00:00+00:00
4720722d-831e-49b9-a18f-8b5457c8de62,Auto shipment 2324,1c21be0f-7a41-4fd2-98f6-829a3308a50a,2025-06-19T00:00:00+00:00,2025-06-22T15:21:00+00:00,334,shipped,CUST-3456,synthetic,2025-06-21T00:00:00+00:00
a10a6acb-34b0-4f7e-b6f4-aec21eab0549,Auto shipment 2325,1c21be0f-7a41-4fd2-98f6-829a3308a50a,2025-02-15T00:00:00+00:00,2025-02-17T08:31:00+00:00,183,shipped,CUST-4688,synthetic,2025-02-16T00:00:00+00:00
cffda75f-a846-4e44-81fc-7a5af238d416,Auto shipment 2326,78b74b5c-e459-4f23-b196-79e2b104375d,2025-07-25T00:00:00+00:00,2025-07-26T11:57:00+00:00,203,shipped,CUST-6785,synthetic,2025-07-25T00:00:00+00:00
d3fc1bae-6352-4834-9b79-7324a6344953,Auto shipment 2327,78b74b5c-e459-4f23-b196-79e2b104375d,2025-02-28T00:00:00+00:00,2025-03-04T21:16:00+00:00,269,shipped,CUST-5099,synthetic,2025-03-03T00:00:00+00:00
e749eabf-a7fc-4918-9415-4617413a0867,Auto shipment 2328,68db2e0c-1613-41ae-a22c-4959cbb08fe6,2025-02-11T00:00:00+00:00,2025-02-12T16:31:00+00:00,163,shipped,CUST-8642,synthetic,2025-02-11T00:00:00+00:00
b752d0ca-5bf1-4f04-a271-53960594a448,Auto shipment 2329,1c21be0f-7a41-4fd2-98f6-829a3308a50a,2024-11-15T00:00:00+00:00,2024-11-18T11:46:00+00:00,137,shipped,CUST-4037,synthetic,2024-11-17T00:00:00+00:00
a15d44b8-6957-4586-9fe5-296619f2e7ba,Auto shipment 2330,78b74b5c-e459-4f23-b196-79e2b104375d,2025-03-18T00:00:00+00:00,2025-03-22T01:04:00+00:00,319,shipped,CUST-7814,synthetic,2025-03-21T00:00:00+00:00
89b6853a-7796-4496-8dc9-cf4eb677bf72,Auto shipment 2331,1c21be0f-7a41-4fd2-98f6-829a3308a50a,2024-12-09T00:00:00+00:00,2024-12-11T20:22:00+00:00,413,shipped,CUST-6572,synthetic,2024-12-10T00:00:00+00:00
65a464bc-953d-4127-8fae-aa15b1ae92d1,Auto shipment 2332,1c21be0f-7a41-4fd2-98f6-829a3308a50a,2025-04-18T00:00:00+00:00,2025-04-19T17:38:00+00:00,328,shipped,CUST-7038,synthetic,2025-04-18T00:00:00+00:00
40fd672b-9a95-4fd7-a669-741e9d0188d2,Auto shipment 2333,1c21be0f-7a41-4fd2-98f6-829a3308a50a,2025-05-02T00:00:00+00:00,2025-05-02T12:45:00+00:00,168,shipped,CUST-2867,synthetic,2025-05-01T00:00:00+00:00
87395c14-263c-440f-8b97-ba656ed9c86d,Auto shipment 2334,68db2e0c-1613-41ae-a22c-4959cbb08fe6,2025-07-19T00:00:00+00:00,2025-07-20T00:30:00+00:00,224,shipped,CUST-8407,synthetic,2025-07-19T00:00:00+00:00
640ffd24-39a3-4b0f-81d0-5db19333fa5a,Auto shipment 2335,78b74b5c-e459-4f23-b196-79e2b104375d,2025-09-02T00:00:00+00:00,2025-09-06T08:16:00+00:00,404,shipped,CUST-3016,synthetic,2025-09-05T00:00:00+00:00
93f3b8e2-1b83-4098-8666-de3f0fe4437e,Auto shipment 2336,1c21be0f-7a41-4fd2-98f6-829a3308a50a,2024-12-13T00:00:00+00:00,2024-12-16T11:51:00+00:00,315,shipped,CUST-6506,synthetic,2024-12-15T00:00:00+00:00
17205d1e-8991-4a5b-9b79-b946ef0c974b,Auto shipment 2337,1c21be0f-7a41-4fd2-98f6-829a3308a50a,2025-09-07T00:00:00+00:00,2025-09-11T00:26:00+00:00,475,shipped,CUST-7214,synthetic,2025-09-10T00:00:00+00:00
f2861da4-5d9a-4a67-bd67-dda13ab7b9ac,Auto shipment 2338,1c21be0f-7a41-4fd2-98f6-829a3308a50a,2025-06-07T00:00:00+00:00,2025-06-10T08:56:00+00:00,354,shipped,CUST-1342,synthetic,2025-06-09T00:00:00+00:00
d4e28570-8642-45d4-86c4-3d967c3619f5,Auto shipment 2339,78b74b5c-e459-4f23-b196-79e2b104375d,2025-03-24T00:00:00+00:00,2025-03-24T06:00:00+00:00,195,shipped,CUST-7569,synthetic,2025-03-23T00:00:00+00:00
5e5d6f9f-732d-44c7-8647-1c6feb9ba062,Auto shipment 2340,68db2e0c-1613-41ae-a22c-4959cbb08fe6,2025-01-26T00:00:00+00:00,2025-01-30T04:39:00+00:00,264,shipped,CUST-2763,synthetic,2025-01-29T00:00:00+00:00
43a2efbc-3f1c-4f17-b5b8-ea8d391ce6c6,Auto shipment 2341,1c21be0f-7a41-4fd2-98f6-829a3308a50a,2025-07-20T00:00:00+00:00,2025-07-20T06:00:00+00:00,172,shipped,CUST-2806,synthetic,2025-07-19T00:00:00+00:00
ba701c22-4edc-460c-b9d7-b4471091b906,Auto shipment 2342,1c21be0f-7a41-4fd2-98f6-829a3308a50a,2025-10-24T00:00:00+00:00,2025-10-28T13:45:00+00:00,142,shipped,CUST-5069,synthetic,2025-10-27T00:00:00+00:00
06f14c0c-1491-48b8-8b86-adda364ba996,Auto shipment 2343,78b74b5c-e459-4f23-b196-79e2b104375d,2025-05-09T00:00:00+00:00,2025-05-11T00:33:00+00:00,365,shipped,CUST-9863,synthetic,2025-05-10T00:00:00+00:00
09236bfa-1ac6-4617-96ff-11370f188588,Auto shipment 2344,68db2e0c-1613-41ae-a22c-4959cbb08fe6,2024-12-14T00:00:00+00:00,2024-12-18T10:47:00+00:00,477,shipped,CUST-7227,synthetic,2024-12-17T00:00:00+00:00
22877f36-3a24-4126-a352-c4693c476e8d,Auto shipment 2345,68db2e0c-1613-41ae-a22c-4959cbb08fe6,2025-01-29T00:00:00+00:00,2025-02-02T08:31:00+00:00,424,shipped,CUST-3896,synthetic,2025-02-01T00:00:00+00:00
d91f5b14-bc1f-40de-b537-c0d102383e69,Auto shipment 2346,68db2e0c-1613-41ae-a22c-4959cbb08fe6,2025-02-20T00:00:00+00:00,2025-02-20T12:47:00+00:00,141,shipped,CUST-4698,synthetic,2025-02-19T00:00:00+00:00
d8080f8a-edc1-45ef-a068-a1c287949dd5,Auto shipment 2347,68db2e0c-1613-41ae-a22c-4959cbb08fe6,2025-08-28T00:00:00+00:00,2025-08-30T14:54:00+00:00,302,shipped,CUST-4226,synthetic,2025-08-29T00:00:00+00:00
884fc921-dfdf-44c0-8c95-b61a4d6163fa,Auto shipment 2348,1c21be0f-7a41-4fd2-98f6-829a3308a50a,2025-07-18T00:00:00+00:00,2025-07-21T13:00:00+00:00,135,shipped,CUST-8148,synthetic,2025-07-20T00:00:00+00:00
dd02e7bd-fa01-40e9-97a5-3458107c39b4,Auto shipment 2349,78b74b5c-e459-4f23-b196-79e2b104375d,2025-07-27T00:00:00+00:00,2025-07-28T16:24:00+00:00,149,shipped,CUST-6365,synthetic,2025-07-27T00:00:00+00:00
f612dabc-a661-4028-9c54-27908c837dea,Auto shipment 2350,1c21be0f-7a41-4fd2-98f6-829a3308a50a,2025-03-15T00:00:00+00:00,2025-03-18T09:06:00+00:00,139,shipped,CUST-9459,synthetic,2025-03-17T00:00:00+00:00
c8769ef7-2091-468f-affb-9f4dba7f73d5,Auto shipment 2351,68db2e0c-1613-41ae-a22c-4959cbb08fe6,2024-12-12T00:00:00+00:00,2024-12-12T10:09:00+00:00,315,shipped,CUST-3310,synthetic,2024-12-11T00:00:00+00:00
e836967d-2cf5-4cb7-9700-f49780ae2943,Auto shipment 2352,78b74b5c-e459-4f23-b196-79e2b104375d,2025-04-07T00:00:00+00:00,2025-04-10T14:24:00+00:00,149,shipped,CUST-7384,synthetic,2025-04-09T00:00:00+00:00
cd63209f-4dac-4ab7-811d-b315a28defbc,Auto shipment 2353,1c21be0f-7a41-4fd2-98f6-829a3308a50a,2025-08-14T00:00:00+00:00,2025-08-15T20:03:00+00:00,122,shipped,CUST-7930,synthetic,2025-08-14T00:00:00+00:00
d9ba5598-8925-4037-bf04-02d5a9509d2a,Auto shipment 2354,78b74b5c-e459-4f23-b196-79e2b104375d,2025-01-17T00:00:00+00:00,2025-01-18T05:27:00+00:00,395,shipped,CUST-4727,synthetic,2025-01-17T00:00:00+00:00
7429b39b-f72b-46d2-901d-21c61c2ef376,Auto shipment 2355,78b74b5c-e459-4f23-b196-79e2b104375d,2024-12-03T00:00:00+00:00,2024-12-06T15:47:00+00:00,248,shipped,CUST-1946,synthetic,2024-12-05T00:00:00+00:00
47799a2a-c251-4a4b-b66f-7bf9237e74ec,Auto shipment 2356,78b74b5c-e459-4f23-b196-79e2b104375d,2025-01-26T00:00:00+00:00,2025-01-30T07:00:00+00:00,322,shipped,CUST-2128,synthetic,2025-01-29T00:00:00+00:00
07d88c9f-5206-44c9-b7ec-230e1361bafe,Auto shipment 2357,1c21be0f-7a41-4fd2-98f6-829a3308a50a,2025-08-08T00:00:00+00:00,2025-08-08T15:02:00+00:00,149,shipped,CUST-1551,synthetic,2025-08-07T00:00:00+00:00
371242c7-f44a-4117-9f8b-76f8caaef99a,Auto shipment 2358,1c21be0f-7a41-4fd2-98f6-829a3308a50a,2025-06-16T00:00:00+00:00,2025-06-19T03:36:00+00:00,321,shipped,CUST-3934,synthetic,2025-06-18T00:00:00+00:00
96238d1a-a1b2-4d89-9809-127c48ce3030,Auto shipment 2359,1c21be0f-7a41-4fd2-98f6-829a3308a50a,2025-11-03T00:00:00+00:00,2025-11-03T18:24:00+00:00,487,shipped,CUST-3479,synthetic,2025-11-02T00:00:00+00:00
eed2c725-1db6-4d0e-b3ad-7812de7716f4,Auto shipment 2360,1c21be0f-7a41-4fd2-98f6-829a3308a50a,2025-07-06T00:00:00+00:00,2025-07-10T13:11:00+00:00,237,shipped,CUST-9988,synthetic,2025-07-09T00:00:00+00:00
57181beb-4a49-48d8-b1c6-a6a53de66969,Auto shipment 2361,78b74b5c-e459-4f23-b196-79e2b104375d,2025-10-03T00:00:00+00:00,2025-10-03T05:58:00+00:00,464,shipped,CUST-1775,synthetic,2025-10-02T00:00:00+00:00
0a2c3454-7a4f-4101-8254-b655581514ea,Auto shipment 2362,78b74b5c-e459-4f23-b196-79e2b104375d,2025-03-14T00:00:00+00:00,2025-03-14T02:14:00+00:00,336,shipped,CUST-5745,synthetic,2025-03-13T00:00:00+00:00
56475f74-d3fd-434e-ae7f-d5a6758ed3e7,Auto shipment 2363,1c21be0f-7a41-4fd2-98f6-829a3308a50a,2024-11-27T00:00:00+00:00,2024-11-30T07:55:00+00:00,126,shipped,CUST-1221,synthetic,2024-11-29T00:00:00+00:00
6a2282ef-c589-4c9a-a811-96c1e70ab06d,Auto shipment 2364,78b74b5c-e459-4f23-b196-79e2b104375d,2025-06-22T00:00:00+00:00,2025-06-23T05:24:00+00:00,165,shipped,CUST-5997,synthetic,2025-06-22T00:00:00+00:00
4bea4afe-db00-48d8-b10d-8f291a0e7fa0,Auto shipment 2365,1c21be0f-7a41-4fd2-98f6-829a3308a50a,2025-03-26T00:00:00+00:00,2025-03-28T04:56:00+00:00,476,shipped,CUST-5997,synthetic,2025-03-27T00:00:00+00:00
59c60989-e75d-4bdb-8d66-20dd46586934,Auto shipment 2366,1c21be0f-7a41-4fd2-98f6-829a3308a50a,2025-01-01T00:00:00+00:00,2025-01-01T05:58:00+00:00,346,shipped,CUST-3741,synthetic,2024-12-31T00:00:00+00:00
7dc415ec-4b30-458b-a063-d5eda138425c,Auto shipment 2367,1c21be0f-7a41-4fd2-98f6-829a3308a50a,2025-03-27T00:00:00+00:00,2025-03-31T17:05:00+00:00,222,shipped,CUST-3007,synthetic,2025-03-30T00:00:00+00:00
49eff5d3-2586-42ae-8c00-c11b03adbc58,Auto shipment 2368,78b74b5c-e459-4f23-b196-79e2b104375d,2025-09-17T00:00:00+00:00,2025-09-17T00:19:00+00:00,407,shipped,CUST-4403,synthetic,2025-09-16T00:00:00+00:00
c5896bb9-2761-46ad-81f5-003787e7d5c4,Auto shipment 2369,78b74b5c-e459-4f23-b196-79e2b104375d,2025-06-02T00:00:00+00:00,2025-06-04T02:45:00+00:00,302,shipped,CUST-5850,synthetic,2025-06-03T00:00:00+00:00
b868e5da-2375-4e78-bf79-09cb7210f0a5,Auto shipment 2370,1c21be0f-7a41-4fd2-98f6-829a3308a50a,2025-05-19T00:00:00+00:00,2025-05-22T17:11:00+00:00,247,shipped,CUST-9309,synthetic,2025-05-21T00:00:00+00:00
1afc9c5c-073e-4c0c-b5fd-de8257cff143,Auto shipment 2371,78b74b5c-e459-4f23-b196-79e2b104375d,2025-03-29T00:00:00+00:00,2025-03-29T02:30:00+00:00,269,shipped,CUST-4028,synthetic,2025-03-28T00:00:00+00:00
69e61c5e-ab96-4ce5-a24b-ff8ef0025525,Auto shipment 2372,1c21be0f-7a41-4fd2-98f6-829a3308a50a,2025-01-25T00:00:00+00:00,2025-01-27T06:58:00+00:00,158,shipped,CUST-5120,synthetic,2025-01-26T00:00:00+00:00
30e20dca-6695-4f08-8a9d-eae810525941,Auto shipment 2373,78b74b5c-e459-4f23-b196-79e2b104375d,2025-04-10T00:00:00+00:00,2025-04-11T05:29:00+00:00,341,shipped,CUST-3724,synthetic,2025-04-10T00:00:00+00:00
75a13e7a-3e3b-43b2-8d8d-2bbe22a03a6d,Auto shipment 2374,68db2e0c-1613-41ae-a22c-4959cbb08fe6,2025-05-29T00:00:00+00:00,2025-05-29T17:29:00+00:00,152,shipped,CUST-4519,synthetic,2025-05-28T00:00:00+00:00
b7e60ebd-c25a-4c23-b3d5-5406f2b1977a,Auto shipment 2375,78b74b5c-e459-4f23-b196-79e2b104375d,2025-02-09T00:00:00+00:00,2025-02-12T21:09:00+00:00,168,shipped,CUST-6911,synthetic,2025-02-11T00:00:00+00:00
0ae4ee5f-980a-4273-8574-c4102a7cd5f2,Auto shipment 2376,68db2e0c-1613-41ae-a22c-4959cbb08fe6,2025-10-06T00:00:00+00:00,2025-10-08T20:55:00+00:00,409,shipped,CUST-7603,synthetic,2025-10-07T00:00:00+00:00
037751d7-5b15-48d4-b68d-49e25a14af93,Auto shipment 2377,78b74b5c-e459-4f23-b196-79e2b104375d,2025-07-09T00:00:00+00:00,2025-07-10T05:58:00+00:00,143,shipped,CUST-4148,synthetic,2025-07-09T00:00:00+00:00
0c3443d0-2a0d-48f9-ab07-1cf670a7bce9,Auto shipment 2378,78b74b5c-e459-4f23-b196-79e2b104375d,2025-09-22T00:00:00+00:00,2025-09-23T07:38:00+00:00,323,shipped,CUST-5254,synthetic,2025-09-22T00:00:00+00:00
c8ed9826-8571-4435-934a-a1597a876a11,Auto shipment 2379,1c21be0f-7a41-4fd2-98f6-829a3308a50a,2025-01-03T00:00:00+00:00,2025-01-04T02:10:00+00:00,373,shipped,CUST-7802,synthetic,2025-01-03T00:00:00+00:00
3996636b-9016-44bb-86d2-fdf81f93de9c,Auto shipment 2380,68db2e0c-1613-41ae-a22c-4959cbb08fe6,2025-03-14T00:00:00+00:00,2025-03-15T00:19:00+00:00,280,shipped,CUST-3023,synthetic,2025-03-14T00:00:00+00:00
d788d787-d41a-4e39-939c-d99d9142ae03,Auto shipment 2381,1c21be0f-7a41-4fd2-98f6-829a3308a50a,2025-09-28T00:00:00+00:00,2025-09-30T12:29:00+00:00,190,shipped,CUST-5283,synthetic,2025-09-29T00:00:00+00:00
e8289577-5591-4a2b-9443-731f4870efdf,Auto shipment 2382,78b74b5c-e459-4f23-b196-79e2b104375d,2025-07-31T00:00:00+00:00,2025-08-03T13:44:00+00:00,117,shipped,CUST-8513,synthetic,2025-08-02T00:00:00+00:00
a3602828-ce52-42f3-a169-b6c2209cb18a,Auto shipment 2383,68db2e0c-1613-41ae-a22c-4959cbb08fe6,2025-01-17T00:00:00+00:00,2025-01-21T01:11:00+00:00,371,shipped,CUST-3104,synthetic,2025-01-20T00:00:00+00:00
5b1d1793-4bc2-4108-b952-1e3f163bf6f5,Auto shipment 2384,78b74b5c-e459-4f23-b196-79e2b104375d,2024-11-15T00:00:00+00:00,2024-11-17T06:45:00+00:00,318,shipped,CUST-9526,synthetic,2024-11-16T00:00:00+00:00
9a80a20f-1238-47af-9c2f-6f4e3c058b49,Auto shipment 2385,78b74b5c-e459-4f23-b196-79e2b104375d,2025-01-03T00:00:00+00:00,2025-01-05T12:26:00+00:00,396,shipped,CUST-7262,synthetic,2025-01-04T00:00:00+00:00
2bf530a2-f217-49c5-8f5e-9918f5ac5235,Auto shipment 2386,68db2e0c-1613-41ae-a22c-4959cbb08fe6,2025-04-05T00:00:00+00:00,2025-04-06T19:08:00+00:00,194,shipped,CUST-6647,synthetic,2025-04-05T00:00:00+00:00
159e6216-c983-4c72-99f1-6ded94e7d86f,Auto shipment 2387,68db2e0c-1613-41ae-a22c-4959cbb08fe6,2025-07-08T00:00:00+00:00,2025-07-09T11:43:00+00:00,385,shipped,CUST-1910,synthetic,2025-07-08T00:00:00+00:00
afe27aa5-fbba-4333-b020-a33c826c9233,Auto shipment 2388,78b74b5c-e459-4f23-b196-79e2b104375d,2025-03-02T00:00:00+00:00,2025-03-03T02:01:00+00:00,315,shipped,CUST-9734,synthetic,2025-03-02T00:00:00+00:00
5942e30e-5dcc-4925-9d42-083a5d735888,Auto shipment 2389,68db2e0c-1613-41ae-a22c-4959cbb08fe6,2025-10-18T00:00:00+00:00,2025-10-20T19:25:00+00:00,339,shipped,CUST-8678,synthetic,2025-10-19T00:00:00+00:00
111459d7-9c22-4789-9408-bbc7bc0af238,Auto shipment 2390,78b74b5c-e459-4f23-b196-79e2b104375d,2025-07-10T00:00:00+00:00,2025-07-14T04:20:00+00:00,307,shipped,CUST-4465,synthetic,2025-07-13T00:00:00+00:00
afecfdee-583e-4f95-880c-12d2e43e1dc6,Auto shipment 2391,1c21be0f-7a41-4fd2-98f6-829a3308a50a,2025-03-13T00:00:00+00:00,2025-03-14T02:52:00+00:00,264,shipped,CUST-7794,synthetic,2025-03-13T00:00:00+00:00
4bc78f19-a303-45b7-af01-5cc11507a113,Auto shipment 2392,68db2e0c-1613-41ae-a22c-4959cbb08fe6,2025-02-05T00:00:00+00:00,2025-02-08T21:07:00+00:00,462,shipped,CUST-7035,synthetic,2025-02-07T00:00:00+00:00
be8128b1-4e7f-4b08-9654-fa7556bb3a06,Auto shipment 2393,1c21be0f-7a41-4fd2-98f6-829a3308a50a,2025-05-01T00:00:00+00:00,2025-05-04T19:28:00+00:00,464,shipped,CUST-3491,synthetic,2025-05-03T00:00:00+00:00
0ba636f4-a892-4f20-b50c-afc159dd5a0e,Auto shipment 2394,1c21be0f-7a41-4fd2-98f6-829a3308a50a,2025-06-08T00:00:00+00:00,2025-06-09T18:22:00+00:00,375,shipped,CUST-5878,synthetic,2025-06-08T00:00:00+00:00
5d0053fb-ca99-46d8-af98-a59f48ea9a53,Auto shipment 2395,78b74b5c-e459-4f23-b196-79e2b104375d,2024-12-21T00:00:00+00:00,2024-12-21T00:25:00+00:00,338,shipped,CUST-5185,synthetic,2024-12-20T00:00:00+00:00
b431ba89-be76-4df3-9cfb-0608b1077c99,Auto shipment 2396,78b74b5c-e459-4f23-b196-79e2b104375d,2024-11-23T00:00:00+00:00,2024-11-25T05:11:00+00:00,190,shipped,CUST-8848,synthetic,2024-11-24T00:00:00+00:00
91eabb64-2426-4afa-b7a5-069f68f603a1,Auto shipment 2397,1c21be0f-7a41-4fd2-98f6-829a3308a50a,2025-02-18T00:00:00+00:00,2025-02-20T01:39:00+00:00,219,shipped,CUST-5566,synthetic,2025-02-19T00:00:00+00:00
35ff2a16-bd20-4b30-991e-b3e7f88ba73b,Auto shipment 2398,1c21be0f-7a41-4fd2-98f6-829a3308a50a,2025-02-02T00:00:00+00:00,2025-02-04T00:05:00+00:00,291,shipped,CUST-2107,synthetic,2025-02-03T00:00:00+00:00
62713863-0557-4f23-8ce7-e4fefc27f348,Auto shipment 2399,78b74b5c-e459-4f23-b196-79e2b104375d,2025-03-15T00:00:00+00:00,2025-03-19T15:13:00+00:00,157,shipped,CUST-1563,synthetic,2025-03-18T00:00:00+00:00
c7a6cffe-e735-49bd-a511-305e0bb3d9dd,Auto shipment 2400,68db2e0c-1613-41ae-a22c-4959cbb08fe6,2025-07-14T00:00:00+00:00,2025-07-15T12:39:00+00:00,229,shipped,CUST-3402,synthetic,2025-07-14T00:00:00+00:00
58c73531-a3c0-4b56-ab66-ae4315854c8a,Auto shipment 2401,1c21be0f-7a41-4fd2-98f6-829a3308a50a,2025-01-18T00:00:00+00:00,2025-01-21T07:10:00+00:00,243,shipped,CUST-6699,synthetic,2025-01-20T00:00:00+00:00
66931a7d-836e-46ea-bc1e-1e3a4755fbbf,Auto shipment 2402,68db2e0c-1613-41ae-a22c-4959cbb08fe6,2025-05-21T00:00:00+00:00,2025-05-21T09:00:00+00:00,146,shipped,CUST-3439,synthetic,2025-05-20T00:00:00+00:00
5382dcf8-04c0-4edb-80e7-97ee81a6d099,Auto shipment 2403,78b74b5c-e459-4f23-b196-79e2b104375d,2025-06-17T00:00:00+00:00,2025-06-20T13:22:00+00:00,413,shipped,CUST-9922,synthetic,2025-06-19T00:00:00+00:00
32b3d610-6fbf-41bb-aa3c-1c8bd51d43ef,Auto shipment 2404,78b74b5c-e459-4f23-b196-79e2b104375d,2025-04-12T00:00:00+00:00,2025-04-14T20:01:00+00:00,428,shipped,CUST-7323,synthetic,2025-04-13T00:00:00+00:00
d9e4ddd1-3827-4ca3-bdab-4aae2119f263,Auto shipment 2405,78b74b5c-e459-4f23-b196-79e2b104375d,2025-11-08T00:00:00+00:00,2025-11-09T11:43:00+00:00,282,shipped,CUST-4642,synthetic,2025-11-08T00:00:00+00:00
a5b6d2d4-18a4-404d-ac67-5425a3c6c7d2,Auto shipment 2406,1c21be0f-7a41-4fd2-98f6-829a3308a50a,2025-04-30T00:00:00+00:00,2025-04-30T17:02:00+00:00,320,shipped,CUST-3643,synthetic,2025-04-29T00:00:00+00:00
f549cd0e-0e71-4e66-8cec-9dcf0b344d0e,Auto shipment 2407,68db2e0c-1613-41ae-a22c-4959cbb08fe6,2024-11-25T00:00:00+00:00,2024-11-27T02:06:00+00:00,422,shipped,CUST-5892,synthetic,2024-11-26T00:00:00+00:00
54d7f6c2-c661-4ba6-9527-25d5746bf43f,Auto shipment 2408,68db2e0c-1613-41ae-a22c-4959cbb08fe6,2024-11-08T00:00:00+00:00,2024-11-10T22:20:00+00:00,393,shipped,CUST-2465,synthetic,2024-11-09T00:00:00+00:00
d3866f7d-fbb5-416a-9b3a-97e2bbd65438,Auto shipment 2409,78b74b5c-e459-4f23-b196-79e2b104375d,2025-02-13T00:00:00+00:00,2025-02-15T06:48:00+00:00,297,shipped,CUST-3418,synthetic,2025-02-14T00:00:00+00:00
729d9c50-ff85-4243-88d9-622a98ee8b8b,Auto shipment 2410,68db2e0c-1613-41ae-a22c-4959cbb08fe6,2025-08-04T00:00:00+00:00,2025-08-05T11:48:00+00:00,444,shipped,CUST-4897,synthetic,2025-08-04T00:00:00+00:00
c3fabffb-978d-4852-be55-9da76443d24e,Auto shipment 2411,68db2e0c-1613-41ae-a22c-4959cbb08fe6,2025-03-12T00:00:00+00:00,2025-03-16T20:07:00+00:00,345,shipped,CUST-1241,synthetic,2025-03-15T00:00:00+00:00
e8250da4-0e3e-4a44-b856-adbc0ca6d8a6,Auto shipment 2412,1c21be0f-7a41-4fd2-98f6-829a3308a50a,2025-10-01T00:00:00+00:00,2025-10-02T02:07:00+00:00,189,shipped,CUST-6529,synthetic,2025-10-01T00:00:00+00:00
c858f643-d934-42c2-9daa-e6c57042e583,Auto shipment 2413,78b74b5c-e459-4f23-b196-79e2b104375d,2025-02-10T00:00:00+00:00,2025-02-14T22:05:00+00:00,450,shipped,CUST-5735,synthetic,2025-02-13T00:00:00+00:00
34f34c3d-67f7-43c8-9270-410c2038cb52,Auto shipment 2414,68db2e0c-1613-41ae-a22c-4959cbb08fe6,2025-10-03T00:00:00+00:00,2025-10-03T22:54:00+00:00,243,shipped,CUST-9816,synthetic,2025-10-02T00:00:00+00:00
cdb548bb-2d65-4804-b30a-7cf2946d5f98,Auto shipment 2415,1c21be0f-7a41-4fd2-98f6-829a3308a50a,2025-10-19T00:00:00+00:00,2025-10-23T08:03:00+00:00,307,shipped,CUST-4195,synthetic,2025-10-22T00:00:00+00:00
199b454b-1365-4a67-a8e8-196238115de7,Auto shipment 2416,1c21be0f-7a41-4fd2-98f6-829a3308a50a,2025-06-11T00:00:00+00:00,2025-06-15T04:10:00+00:00,231,shipped,CUST-2979,synthetic,2025-06-14T00:00:00+00:00
3ce4a5a1-e73c-4eb9-bcdd-82a5460beb34,Auto shipment 2417,78b74b5c-e459-4f23-b196-79e2b104375d,2025-09-02T00:00:00+00:00,2025-09-03T19:02:00+00:00,94,shipped,CUST-3003,synthetic,2025-09-02T00:00:00+00:00
6697a245-23f4-4ea9-930e-288f433b8fc6,Auto shipment 2418,1c21be0f-7a41-4fd2-98f6-829a3308a50a,2025-06-07T00:00:00+00:00,2025-06-09T16:09:00+00:00,257,shipped,CUST-3490,synthetic,2025-06-08T00:00:00+00:00
e045a16e-fc58-436e-8e1a-cc0a93bfc603,Auto shipment 2419,78b74b5c-e459-4f23-b196-79e2b104375d,2025-09-23T00:00:00+00:00,2025-09-23T06:41:00+00:00,404,shipped,CUST-8029,synthetic,2025-09-22T00:00:00+00:00
8635bb46-ad53-41de-afdf-b8724ac0d73f,Auto shipment 2420,68db2e0c-1613-41ae-a22c-4959cbb08fe6,2025-08-02T00:00:00+00:00,2025-08-02T11:20:00+00:00,306,shipped,CUST-9583,synthetic,2025-08-01T00:00:00+00:00
fe9b5d04-6c0a-43ac-8b60-0c57487476c3,Auto shipment 2421,78b74b5c-e459-4f23-b196-79e2b104375d,2025-06-10T00:00:00+00:00,2025-06-14T04:31:00+00:00,154,shipped,CUST-5545,synthetic,2025-06-13T00:00:00+00:00
27328886-9568-4eed-8cf2-37dae5285a4d,Auto shipment 2422,68db2e0c-1613-41ae-a22c-4959cbb08fe6,2025-08-10T00:00:00+00:00,2025-08-10T20:27:00+00:00,392,shipped,CUST-3267,synthetic,2025-08-09T00:00:00+00:00
2f999faf-750b-4bf4-a562-b2a512386638,Auto shipment 2423,68db2e0c-1613-41ae-a22c-4959cbb08fe6,2025-09-22T00:00:00+00:00,2025-09-22T19:50:00+00:00,88,shipped,CUST-2371,synthetic,2025-09-21T00:00:00+00:00
5920c244-6204-4ec5-9dff-481b3d60c4ad,Auto shipment 2424,78b74b5c-e459-4f23-b196-79e2b104375d,2025-01-08T00:00:00+00:00,2025-01-12T06:18:00+00:00,172,shipped,CUST-5778,synthetic,2025-01-11T00:00:00+00:00
20d599b2-dea2-4b71-8556-11023f7e1d74,Auto shipment 2425,1c21be0f-7a41-4fd2-98f6-829a3308a50a,2025-06-17T00:00:00+00:00,2025-06-20T05:25:00+00:00,103,shipped,CUST-9504,synthetic,2025-06-19T00:00:00+00:00
e0afdd49-c418-4554-ba07-a7614318f29e,Auto shipment 2426,78b74b5c-e459-4f23-b196-79e2b104375d,2025-07-26T00:00:00+00:00,2025-07-30T01:27:00+00:00,179,shipped,CUST-9682,synthetic,2025-07-29T00:00:00+00:00
b65cd87d-1911-4b8c-867f-91adb24acc00,Auto shipment 2427,68db2e0c-1613-41ae-a22c-4959cbb08fe6,2025-08-28T00:00:00+00:00,2025-08-30T22:52:00+00:00,147,shipped,CUST-4403,synthetic,2025-08-29T00:00:00+00:00
45f7c60b-5750-4290-abc4-77085510aca3,Auto shipment 2428,68db2e0c-1613-41ae-a22c-4959cbb08fe6,2025-05-07T00:00:00+00:00,2025-05-07T21:35:00+00:00,388,shipped,CUST-4826,synthetic,2025-05-06T00:00:00+00:00
bda2273f-2253-44e5-8713-ce805e2e81ad,Auto shipment 2429,1c21be0f-7a41-4fd2-98f6-829a3308a50a,2025-08-18T00:00:00+00:00,2025-08-21T11:30:00+00:00,130,shipped,CUST-6378,synthetic,2025-08-20T00:00:00+00:00
b2eb9b4b-9cbd-4ffb-a8fc-24987d77b962,Auto shipment 2430,78b74b5c-e459-4f23-b196-79e2b104375d,2025-06-18T00:00:00+00:00,2025-06-21T21:42:00+00:00,177,shipped,CUST-5672,synthetic,2025-06-20T00:00:00+00:00
96c538b5-671e-4df2-b7b3-37197e6a63f7,Auto shipment 2431,1c21be0f-7a41-4fd2-98f6-829a3308a50a,2025-02-28T00:00:00+00:00,2025-02-28T05:26:00+00:00,306,shipped,CUST-6348,synthetic,2025-02-27T00:00:00+00:00
ce1c7644-fec6-4776-ac78-5e3617d991e6,Auto shipment 2432,68db2e0c-1613-41ae-a22c-4959cbb08fe6,2025-02-13T00:00:00+00:00,2025-02-17T22:28:00+00:00,130,shipped,CUST-5683,synthetic,2025-02-16T00:00:00+00:00
e9afa403-36a0-45ca-ba1a-0677b6dd6cfc,Auto shipment 2433,68db2e0c-1613-41ae-a22c-4959cbb08fe6,2024-12-07T00:00:00+00:00,2024-12-11T15:03:00+00:00,339,shipped,CUST-9581,synthetic,2024-12-10T00:00:00+00:00
41fe9a04-70ac-4a00-971a-14b710feed44,Auto shipment 2434,78b74b5c-e459-4f23-b196-79e2b104375d,2025-04-01T00:00:00+00:00,2025-04-05T03:19:00+00:00,246,shipped,CUST-7518,synthetic,2025-04-04T00:00:00+00:00
1cb0497e-18ef-42f9-8011-c9179fe329a9,Auto shipment 2435,78b74b5c-e459-4f23-b196-79e2b104375d,2025-05-21T00:00:00+00:00,2025-05-23T03:21:00+00:00,301,shipped,CUST-5541,synthetic,2025-05-22T00:00:00+00:00
9f72ef8c-c854-4912-aead-254653b3600b,Auto shipment 2436,1c21be0f-7a41-4fd2-98f6-829a3308a50a,2025-08-28T00:00:00+00:00,2025-08-31T03:22:00+00:00,415,shipped,CUST-7743,synthetic,2025-08-30T00:00:00+00:00
2661301e-ae87-4cdc-9aba-c798d61d5909,Auto shipment 2437,1c21be0f-7a41-4fd2-98f6-829a3308a50a,2025-01-15T00:00:00+00:00,2025-01-16T17:39:00+00:00,410,shipped,CUST-3651,synthetic,2025-01-15T00:00:00+00:00
6a3c1491-3cd4-449d-a011-4c0f580abaa7,Auto shipment 2438,78b74b5c-e459-4f23-b196-79e2b104375d,2024-12-24T00:00:00+00:00,2024-12-26T00:09:00+00:00,196,shipped,CUST-8013,synthetic,2024-12-25T00:00:00+00:00
fba996b7-21ce-43dc-9014-968701408dc9,Auto shipment 2439,78b74b5c-e459-4f23-b196-79e2b104375d,2025-10-30T00:00:00+00:00,2025-10-30T12:41:00+00:00,284,shipped,CUST-6908,synthetic,2025-10-29T00:00:00+00:00
a1d46766-e48f-4e09-a4da-376174dff479,Auto shipment 2440,78b74b5c-e459-4f23-b196-79e2b104375d,2025-08-05T00:00:00+00:00,2025-08-05T03:31:00+00:00,138,shipped,CUST-9806,synthetic,2025-08-04T00:00:00+00:00
2dbfa0cd-cf7c-4d08-bd9c-4bfb6cab2368,Auto shipment 2441,68db2e0c-1613-41ae-a22c-4959cbb08fe6,2025-10-23T00:00:00+00:00,2025-10-26T21:58:00+00:00,329,shipped,CUST-5368,synthetic,2025-10-25T00:00:00+00:00
9a06c584-3394-4ff2-a2e8-e8c8ed5c26f9,Auto shipment 2442,68db2e0c-1613-41ae-a22c-4959cbb08fe6,2024-11-29T00:00:00+00:00,2024-11-30T10:44:00+00:00,116,shipped,CUST-9806,synthetic,2024-11-29T00:00:00+00:00
ea555eed-4e95-4e3e-8e52-ec9ef8d21c2d,Auto shipment 2443,1c21be0f-7a41-4fd2-98f6-829a3308a50a,2024-12-14T00:00:00+00:00,2024-12-15T08:53:00+00:00,154,shipped,CUST-5477,synthetic,2024-12-14T00:00:00+00:00
6c19c475-5a41-4526-82f0-3c86698c8536,Auto shipment 2444,68db2e0c-1613-41ae-a22c-4959cbb08fe6,2024-11-21T00:00:00+00:00,2024-11-24T21:26:00+00:00,342,shipped,CUST-2054,synthetic,2024-11-23T00:00:00+00:00
793610c6-4d9d-4194-8a68-cabfe7fd7c44,Auto shipment 2445,68db2e0c-1613-41ae-a22c-4959cbb08fe6,2025-09-19T00:00:00+00:00,2025-09-23T03:40:00+00:00,251,shipped,CUST-9753,synthetic,2025-09-22T00:00:00+00:00
3a62b52c-2c34-4f74-94b2-c3976eac63d4,Auto shipment 2446,78b74b5c-e459-4f23-b196-79e2b104375d,2024-11-19T00:00:00+00:00,2024-11-23T08:21:00+00:00,114,shipped,CUST-1191,synthetic,2024-11-22T00:00:00+00:00
baf9ebad-94e2-448e-bd24-5fed36022e47,Auto shipment 2447,78b74b5c-e459-4f23-b196-79e2b104375d,2025-10-20T00:00:00+00:00,2025-10-23T15:49:00+00:00,308,shipped,CUST-4056,synthetic,2025-10-22T00:00:00+00:00
bcae391d-45c8-44c9-8f37-b50a794dcd90,Auto shipment 2448,78b74b5c-e459-4f23-b196-79e2b104375d,2025-04-18T00:00:00+00:00,2025-04-19T09:05:00+00:00,449,shipped,CUST-5447,synthetic,2025-04-18T00:00:00+00:00
250acf40-9318-4f39-81ad-c929577a3da7,Auto shipment 2449,78b74b5c-e459-4f23-b196-79e2b104375d,2025-02-06T00:00:00+00:00,2025-02-06T03:12:00+00:00,101,shipped,CUST-3441,synthetic,2025-02-05T00:00:00+00:00
08bd3240-e6ef-4ac3-aab0-ec88dce9a222,Auto shipment 2450,1c21be0f-7a41-4fd2-98f6-829a3308a50a,2025-05-03T00:00:00+00:00,2025-05-03T16:48:00+00:00,412,shipped,CUST-7737,synthetic,2025-05-02T00:00:00+00:00
c8af14a9-9080-4269-8370-6229dfeea65f,Auto shipment 2451,78b74b5c-e459-4f23-b196-79e2b104375d,2025-09-26T00:00:00+00:00,2025-09-28T09:01:00+00:00,436,shipped,CUST-1418,synthetic,2025-09-27T00:00:00+00:00
4fa2348e-53de-4eff-a48d-c466ffd6ee70,Auto shipment 2452,78b74b5c-e459-4f23-b196-79e2b104375d,2025-05-01T00:00:00+00:00,2025-05-01T17:57:00+00:00,443,shipped,CUST-8835,synthetic,2025-04-30T00:00:00+00:00
d88f8bc3-853b-4976-8b10-79ef9db97492,Auto shipment 2453,68db2e0c-1613-41ae-a22c-4959cbb08fe6,2025-08-16T00:00:00+00:00,2025-08-17T07:51:00+00:00,165,shipped,CUST-2138,synthetic,2025-08-16T00:00:00+00:00
4231ac8e-1acf-489f-9286-aa3f260b56c0,Auto shipment 2454,68db2e0c-1613-41ae-a22c-4959cbb08fe6,2025-08-02T00:00:00+00:00,2025-08-06T02:39:00+00:00,138,shipped,CUST-7472,synthetic,2025-08-05T00:00:00+00:00
df45c28f-dcb2-47d4-8627-210c01e1850b,Auto shipment 2455,1c21be0f-7a41-4fd2-98f6-829a3308a50a,2024-11-14T00:00:00+00:00,2024-11-15T04:44:00+00:00,241,shipped,CUST-3158,synthetic,2024-11-14T00:00:00+00:00
845e24e2-8e99-43d6-8d3a-67157298f8a1,Auto shipment 2456,78b74b5c-e459-4f23-b196-79e2b104375d,2025-01-13T00:00:00+00:00,2025-01-13T18:44:00+00:00,346,shipped,CUST-9538,synthetic,2025-01-12T00:00:00+00:00
15193e00-5401-4eaa-b7f9-f73606f6996e,Auto shipment 2457,1c21be0f-7a41-4fd2-98f6-829a3308a50a,2025-02-28T00:00:00+00:00,2025-03-04T17:56:00+00:00,303,shipped,CUST-2922,synthetic,2025-03-03T00:00:00+00:00
0c030d0b-d109-4d18-9577-79504df94361,Auto shipment 2458,68db2e0c-1613-41ae-a22c-4959cbb08fe6,2025-07-28T00:00:00+00:00,2025-07-30T14:50:00+00:00,390,shipped,CUST-1721,synthetic,2025-07-29T00:00:00+00:00
8f9be08e-c3ed-4728-acc8-8f0e54cca1b4,Auto shipment 2459,1c21be0f-7a41-4fd2-98f6-829a3308a50a,2025-02-28T00:00:00+00:00,2025-03-03T00:51:00+00:00,299,shipped,CUST-6411,synthetic,2025-03-02T00:00:00+00:00
f4ee77c1-c073-4b54-8ad9-11a5a19c170a,Auto shipment 2460,78b74b5c-e459-4f23-b196-79e2b104375d,2025-11-07T00:00:00+00:00,2025-11-07T20:14:00+00:00,257,shipped,CUST-9904,synthetic,2025-11-06T00:00:00+00:00
b172cf25-0b61-4a2a-b2bb-e60fdf9b1a4d,Auto shipment 2461,1c21be0f-7a41-4fd2-98f6-829a3308a50a,2025-10-04T00:00:00+00:00,2025-10-08T03:37:00+00:00,194,shipped,CUST-1694,synthetic,2025-10-07T00:00:00+00:00
11679067-ba8c-4e36-86a0-e4c6e93ce51c,Auto shipment 2462,78b74b5c-e459-4f23-b196-79e2b104375d,2025-04-21T00:00:00+00:00,2025-04-22T14:07:00+00:00,323,shipped,CUST-5916,synthetic,2025-04-21T00:00:00+00:00
be7e1ad2-c2f7-4c8d-a606-4c8b48f39d12,Auto shipment 2463,68db2e0c-1613-41ae-a22c-4959cbb08fe6,2025-01-27T00:00:00+00:00,2025-01-27T15:35:00+00:00,330,shipped,CUST-9228,synthetic,2025-01-26T00:00:00+00:00
1c6ce613-8652-46d9-a142-dc585726cf71,Auto shipment 2464,78b74b5c-e459-4f23-b196-79e2b104375d,2025-07-08T00:00:00+00:00,2025-07-11T13:14:00+00:00,222,shipped,CUST-9849,synthetic,2025-07-10T00:00:00+00:00
1f132911-18e4-4202-9028-04725f6d4304,Auto shipment 2465,68db2e0c-1613-41ae-a22c-4959cbb08fe6,2025-08-13T00:00:00+00:00,2025-08-13T21:57:00+00:00,229,shipped,CUST-8414,synthetic,2025-08-12T00:00:00+00:00
602130d8-3c15-4f71-a85b-0ba18753dbb4,Auto shipment 2466,68db2e0c-1613-41ae-a22c-4959cbb08fe6,2025-02-23T00:00:00+00:00,2025-02-27T13:42:00+00:00,329,shipped,CUST-4394,synthetic,2025-02-26T00:00:00+00:00
0d96ae53-cd46-41b5-97f6-7c034218dcb1,Auto shipment 2467,68db2e0c-1613-41ae-a22c-4959cbb08fe6,2025-04-20T00:00:00+00:00,2025-04-24T01:48:00+00:00,351,shipped,CUST-4677,synthetic,2025-04-23T00:00:00+00:00
16ba74cc-8560-4257-8710-7bb176e5a11b,Auto shipment 2468,1c21be0f-7a41-4fd2-98f6-829a3308a50a,2024-12-30T00:00:00+00:00,2024-12-30T03:15:00+00:00,201,shipped,CUST-8514,synthetic,2024-12-29T00:00:00+00:00
e2a56783-85fd-4f6c-9f02-79d041c07eda,Auto shipment 2469,1c21be0f-7a41-4fd2-98f6-829a3308a50a,2025-02-28T00:00:00+00:00,2025-03-03T14:31:00+00:00,152,shipped,CUST-7510,synthetic,2025-03-02T00:00:00+00:00
db4e39c4-8fc4-435f-abb4-e7a48bc73268,Auto shipment 2470,68db2e0c-1613-41ae-a22c-4959cbb08fe6,2025-03-18T00:00:00+00:00,2025-03-18T14:20:00+00:00,208,shipped,CUST-7522,synthetic,2025-03-17T00:00:00+00:00
a4b0f49b-515f-4d2f-96d5-c003cf205ea1,Auto shipment 2471,68db2e0c-1613-41ae-a22c-4959cbb08fe6,2025-05-26T00:00:00+00:00,2025-05-27T14:46:00+00:00,195,shipped,CUST-5313,synthetic,2025-05-26T00:00:00+00:00
774a95ef-1d7b-4d79-b0de-4d218552a5d1,Auto shipment 2472,1c21be0f-7a41-4fd2-98f6-829a3308a50a,2024-11-22T00:00:00+00:00,2024-11-25T13:13:00+00:00,352,shipped,CUST-3993,synthetic,2024-11-24T00:00:00+00:00
e835bd91-a474-4a72-9043-7dd9bcdd950c,Auto shipment 2473,1c21be0f-7a41-4fd2-98f6-829a3308a50a,2024-12-15T00:00:00+00:00,2024-12-17T20:57:00+00:00,363,shipped,CUST-9575,synthetic,2024-12-16T00:00:00+00:00
915abef6-92d1-40cd-b264-d4ea8da4aec3,Auto shipment 2474,78b74b5c-e459-4f23-b196-79e2b104375d,2025-09-18T00:00:00+00:00,2025-09-20T11:11:00+00:00,140,shipped,CUST-8078,synthetic,2025-09-19T00:00:00+00:00
125ec84b-20f5-4d01-ab67-1279a49d0c88,Auto shipment 2475,68db2e0c-1613-41ae-a22c-4959cbb08fe6,2025-08-13T00:00:00+00:00,2025-08-13T11:11:00+00:00,536,shipped,CUST-9190,synthetic,2025-08-12T00:00:00+00:00
b52e8685-b0c5-4e23-8f4e-b358df369550,Auto shipment 2476,78b74b5c-e459-4f23-b196-79e2b104375d,2025-01-16T00:00:00+00:00,2025-01-17T12:35:00+00:00,378,shipped,CUST-6282,synthetic,2025-01-16T00:00:00+00:00
dd749b9c-0f5e-40d4-8a6e-0a8435d155a9,Auto shipment 2477,1c21be0f-7a41-4fd2-98f6-829a3308a50a,2025-06-21T00:00:00+00:00,2025-06-23T14:47:00+00:00,427,shipped,CUST-5577,synthetic,2025-06-22T00:00:00+00:00
f1c9b5a6-8672-4fbc-aeeb-f27501afbb80,Auto shipment 2478,1c21be0f-7a41-4fd2-98f6-829a3308a50a,2025-02-04T00:00:00+00:00,2025-02-06T20:32:00+00:00,287,shipped,CUST-3430,synthetic,2025-02-05T00:00:00+00:00
e8a109a4-0098-4451-8a34-3575a752fc38,Auto shipment 2479,68db2e0c-1613-41ae-a22c-4959cbb08fe6,2024-12-18T00:00:00+00:00,2024-12-19T11:38:00+00:00,130,shipped,CUST-9062,synthetic,2024-12-18T00:00:00+00:00
ef85f50c-b282-4aba-b6ba-c726567e9477,Auto shipment 2480,1c21be0f-7a41-4fd2-98f6-829a3308a50a,2025-08-31T00:00:00+00:00,2025-09-03T01:00:00+00:00,176,shipped,CUST-6340,synthetic,2025-09-02T00:00:00+00:00
d6bcdc56-7bef-4ffa-a594-da98ab575fe2,Auto shipment 2481,68db2e0c-1613-41ae-a22c-4959cbb08fe6,2024-12-17T00:00:00+00:00,2024-12-17T16:21:00+00:00,93,shipped,CUST-7863,synthetic,2024-12-16T00:00:00+00:00
62dfa16f-314f-4f3f-a468-7638efedf50c,Auto shipment 2482,68db2e0c-1613-41ae-a22c-4959cbb08fe6,2025-09-03T00:00:00+00:00,2025-09-03T01:03:00+00:00,148,shipped,CUST-2081,synthetic,2025-09-02T00:00:00+00:00
e8c41f44-ab00-4cd1-b07b-61616667b4a2,Auto shipment 2483,1c21be0f-7a41-4fd2-98f6-829a3308a50a,2025-02-11T00:00:00+00:00,2025-02-11T11:29:00+00:00,237,shipped,CUST-5447,synthetic,2025-02-10T00:00:00+00:00
cdfeffd5-935c-4af8-9c34-deea33933aec,Auto shipment 2484,78b74b5c-e459-4f23-b196-79e2b104375d,2025-06-09T00:00:00+00:00,2025-06-13T05:41:00+00:00,188,shipped,CUST-5297,synthetic,2025-06-12T00:00:00+00:00
3716c060-0f67-4627-b2fa-d0f2540ce1b0,Auto shipment 2485,78b74b5c-e459-4f23-b196-79e2b104375d,2024-12-28T00:00:00+00:00,2024-12-28T22:47:00+00:00,243,shipped,CUST-2416,synthetic,2024-12-27T00:00:00+00:00
7900d454-edfe-4784-b75e-f8353287994a,Auto shipment 2486,1c21be0f-7a41-4fd2-98f6-829a3308a50a,2025-04-16T00:00:00+00:00,2025-04-19T18:57:00+00:00,191,shipped,CUST-4864,synthetic,2025-04-18T00:00:00+00:00
058a6c55-a764-49f5-a31d-b7b7b34afa47,Auto shipment 2487,68db2e0c-1613-41ae-a22c-4959cbb08fe6,2025-05-28T00:00:00+00:00,2025-05-28T21:27:00+00:00,273,shipped,CUST-3620,synthetic,2025-05-27T00:00:00+00:00
02a8e613-d079-42ba-8d7d-4f0b04ca1657,Auto shipment 2488,68db2e0c-1613-41ae-a22c-4959cbb08fe6,2025-08-17T00:00:00+00:00,2025-08-21T04:13:00+00:00,304,shipped,CUST-5789,synthetic,2025-08-20T00:00:00+00:00
27156657-12de-4fc7-aa06-abe27bfb4254,Auto shipment 2489,1c21be0f-7a41-4fd2-98f6-829a3308a50a,2025-09-24T00:00:00+00:00,2025-09-27T08:38:00+00:00,464,shipped,CUST-5533,synthetic,2025-09-26T00:00:00+00:00
13482461-5ac6-4b04-8dc3-55c6f83231c2,Auto shipment 2490,1c21be0f-7a41-4fd2-98f6-829a3308a50a,2025-11-02T00:00:00+00:00,2025-11-04T08:31:00+00:00,157,shipped,CUST-2347,synthetic,2025-11-03T00:00:00+00:00
d814bd54-bea8-4f9c-94d9-8a3b22c55bc8,Auto shipment 2491,68db2e0c-1613-41ae-a22c-4959cbb08fe6,2025-05-18T00:00:00+00:00,2025-05-21T20:12:00+00:00,346,shipped,CUST-5020,synthetic,2025-05-20T00:00:00+00:00
0812ddbe-b656-47ee-9205-29157805e86a,Auto shipment 2492,1c21be0f-7a41-4fd2-98f6-829a3308a50a,2025-08-26T00:00:00+00:00,2025-08-27T21:38:00+00:00,246,shipped,CUST-2699,synthetic,2025-08-26T00:00:00+00:00
2dc339bf-507a-4044-b484-65cc7b79941f,Auto shipment 2493,68db2e0c-1613-41ae-a22c-4959cbb08fe6,2025-05-03T00:00:00+00:00,2025-05-05T11:23:00+00:00,376,shipped,CUST-8135,synthetic,2025-05-04T00:00:00+00:00
f1beda94-ac1a-49c0-b549-66264905bc7a,Auto shipment 2494,1c21be0f-7a41-4fd2-98f6-829a3308a50a,2025-03-09T00:00:00+00:00,2025-03-11T15:52:00+00:00,104,shipped,CUST-5310,synthetic,2025-03-10T00:00:00+00:00
67175f79-94fa-4561-9071-310883dbc4ae,Auto shipment 2495,68db2e0c-1613-41ae-a22c-4959cbb08fe6,2025-03-23T00:00:00+00:00,2025-03-23T17:54:00+00:00,100,shipped,CUST-3320,synthetic,2025-03-22T00:00:00+00:00
28eebeea-b208-4cea-b490-90ab234ff391,Auto shipment 2496,78b74b5c-e459-4f23-b196-79e2b104375d,2025-07-06T00:00:00+00:00,2025-07-07T09:08:00+00:00,444,shipped,CUST-2398,synthetic,2025-07-06T00:00:00+00:00
9ce652c2-fcf6-4528-9126-754be56fde2a,Auto shipment 2497,1c21be0f-7a41-4fd2-98f6-829a3308a50a,2025-02-16T00:00:00+00:00,2025-02-17T03:01:00+00:00,178,shipped,CUST-4469,synthetic,2025-02-16T00:00:00+00:00
5daa7b4a-0c83-4acb-be56-55cc02da82d1,Auto shipment 2498,1c21be0f-7a41-4fd2-98f6-829a3308a50a,2024-11-18T00:00:00+00:00,2024-11-21T16:47:00+00:00,300,shipped,CUST-6843,synthetic,2024-11-20T00:00:00+00:00
314791e1-7f36-408c-8f10-6e9b6754634e,Auto shipment 2499,68db2e0c-1613-41ae-a22c-4959cbb08fe6,2024-12-05T00:00:00+00:00,2024-12-05T15:13:00+00:00,186,shipped,CUST-7554,synthetic,2024-12-04T00:00:00+00:00
a01955d1-2014-4c95-8ac2-09827644572f,Auto shipment 2500,78b74b5c-e459-4f23-b196-79e2b104375d,2025-08-24T00:00:00+00:00,2025-08-24T04:19:00+00:00,231,shipped,CUST-6788,synthetic,2025-08-23T00:00:00+00:00
0c3e412b-aeb5-4393-b3f3-5d981d1a6682,Auto shipment 2501,78b74b5c-e459-4f23-b196-79e2b104375d,2025-03-20T00:00:00+00:00,2025-03-20T11:19:00+00:00,370,shipped,CUST-2209,synthetic,2025-03-19T00:00:00+00:00
62a03d08-cf2b-4fdd-81a8-fefd632edd0d,Auto shipment 2502,78b74b5c-e459-4f23-b196-79e2b104375d,2025-04-16T00:00:00+00:00,2025-04-17T18:49:00+00:00,455,shipped,CUST-8736,synthetic,2025-04-16T00:00:00+00:00
6fb1103f-2b05-4213-baa4-f6e42697bfbd,Auto shipment 2503,1c21be0f-7a41-4fd2-98f6-829a3308a50a,2025-01-23T00:00:00+00:00,2025-01-24T12:31:00+00:00,399,shipped,CUST-6376,synthetic,2025-01-23T00:00:00+00:00
de480e70-cc29-4024-9b0d-c386374c1c3b,Auto shipment 2504,78b74b5c-e459-4f23-b196-79e2b104375d,2025-09-10T00:00:00+00:00,2025-09-14T05:19:00+00:00,194,shipped,CUST-3930,synthetic,2025-09-13T00:00:00+00:00
fce27d2e-574f-4884-8720-54190d265fa0,Auto shipment 2505,78b74b5c-e459-4f23-b196-79e2b104375d,2024-11-25T00:00:00+00:00,2024-11-25T18:53:00+00:00,316,shipped,CUST-1837,synthetic,2024-11-24T00:00:00+00:00
f1565352-a3f4-4543-88a5-c3875279af8b,Auto shipment 2506,68db2e0c-1613-41ae-a22c-4959cbb08fe6,2025-10-09T00:00:00+00:00,2025-10-12T22:53:00+00:00,430,shipped,CUST-6305,synthetic,2025-10-11T00:00:00+00:00
8aedfa68-9e49-49c8-8021-f77233760dba,Auto shipment 2507,1c21be0f-7a41-4fd2-98f6-829a3308a50a,2024-12-08T00:00:00+00:00,2024-12-10T04:43:00+00:00,251,shipped,CUST-9126,synthetic,2024-12-09T00:00:00+00:00
5bec25ee-054b-4aa1-a1c5-944cf40294cb,Auto shipment 2508,68db2e0c-1613-41ae-a22c-4959cbb08fe6,2025-02-05T00:00:00+00:00,2025-02-08T09:43:00+00:00,329,shipped,CUST-3719,synthetic,2025-02-07T00:00:00+00:00
5d6f9d3c-c318-4c7a-981a-186290ff6876,Auto shipment 2509,78b74b5c-e459-4f23-b196-79e2b104375d,2025-05-29T00:00:00+00:00,2025-06-02T16:11:00+00:00,475,shipped,CUST-2598,synthetic,2025-06-01T00:00:00+00:00
88557bd2-5fe2-4e18-80e0-1f685d56aa36,Auto shipment 2510,1c21be0f-7a41-4fd2-98f6-829a3308a50a,2025-02-04T00:00:00+00:00,2025-02-06T03:46:00+00:00,114,shipped,CUST-9636,synthetic,2025-02-05T00:00:00+00:00
b45f5430-f134-4599-b25c-615da1c11ecf,Auto shipment 2511,78b74b5c-e459-4f23-b196-79e2b104375d,2025-09-02T00:00:00+00:00,2025-09-03T09:27:00+00:00,428,shipped,CUST-5666,synthetic,2025-09-02T00:00:00+00:00
037a6e9a-752c-44da-a4a3-72320e69f861,Auto shipment 2512,78b74b5c-e459-4f23-b196-79e2b104375d,2025-10-26T00:00:00+00:00,2025-10-30T03:25:00+00:00,213,shipped,CUST-5624,synthetic,2025-10-29T00:00:00+00:00
b6442cd4-c20b-4704-9087-e705a52c5661,Auto shipment 2513,78b74b5c-e459-4f23-b196-79e2b104375d,2025-02-21T00:00:00+00:00,2025-02-23T19:19:00+00:00,360,shipped,CUST-9624,synthetic,2025-02-22T00:00:00+00:00
5e8a3ef3-f1a2-40f1-ad36-83733fc713c6,Auto shipment 2514,78b74b5c-e459-4f23-b196-79e2b104375d,2025-10-09T00:00:00+00:00,2025-10-13T04:19:00+00:00,386,shipped,CUST-6410,synthetic,2025-10-12T00:00:00+00:00
7e6ac417-a428-4b66-a0af-b682cf7cfed6,Auto shipment 2515,1c21be0f-7a41-4fd2-98f6-829a3308a50a,2025-06-19T00:00:00+00:00,2025-06-22T04:43:00+00:00,135,shipped,CUST-4029,synthetic,2025-06-21T00:00:00+00:00
f7cb71a0-d12d-49c4-adb6-0dd5b2e02866,Auto shipment 2516,1c21be0f-7a41-4fd2-98f6-829a3308a50a,2024-12-16T00:00:00+00:00,2024-12-19T02:33:00+00:00,162,shipped,CUST-7851,synthetic,2024-12-18T00:00:00+00:00
24a33bb9-ce53-4ed6-8860-1ade6141e158,Auto shipment 2517,78b74b5c-e459-4f23-b196-79e2b104375d,2025-08-17T00:00:00+00:00,2025-08-18T09:11:00+00:00,272,shipped,CUST-5449,synthetic,2025-08-17T00:00:00+00:00
7efaf455-3dbf-49dc-83bc-5a88c149ff83,Auto shipment 2518,78b74b5c-e459-4f23-b196-79e2b104375d,2025-01-28T00:00:00+00:00,2025-01-31T04:24:00+00:00,180,shipped,CUST-6125,synthetic,2025-01-30T00:00:00+00:00
a31bb459-f9da-4c9e-9c74-065c7d67fcf5,Auto shipment 2519,78b74b5c-e459-4f23-b196-79e2b104375d,2025-01-21T00:00:00+00:00,2025-01-24T05:00:00+00:00,470,shipped,CUST-1526,synthetic,2025-01-23T00:00:00+00:00
31cfa04e-dd7b-4e29-9f30-93c7488d5f7d,Auto shipment 2520,1c21be0f-7a41-4fd2-98f6-829a3308a50a,2025-07-27T00:00:00+00:00,2025-07-29T02:27:00+00:00,159,shipped,CUST-4569,synthetic,2025-07-28T00:00:00+00:00
25f91325-102b-4e1e-bf5c-0962292df4ba,Auto shipment 2521,78b74b5c-e459-4f23-b196-79e2b104375d,2025-09-15T00:00:00+00:00,2025-09-16T09:31:00+00:00,187,shipped,CUST-1909,synthetic,2025-09-15T00:00:00+00:00
9e4b1f2f-9190-4ed1-862b-3cc4a70aa87d,Auto shipment 2522,68db2e0c-1613-41ae-a22c-4959cbb08fe6,2024-11-07T00:00:00+00:00,2024-11-11T20:10:00+00:00,200,shipped,CUST-4592,synthetic,2024-11-10T00:00:00+00:00
9a4ca9cb-bc7e-45c4-8198-0ba94023a054,Auto shipment 2523,1c21be0f-7a41-4fd2-98f6-829a3308a50a,2025-07-04T00:00:00+00:00,2025-07-08T09:54:00+00:00,382,shipped,CUST-3643,synthetic,2025-07-07T00:00:00+00:00
b41aa722-5695-4c43-aef5-cef2ca743e40,Auto shipment 2524,78b74b5c-e459-4f23-b196-79e2b104375d,2024-12-13T00:00:00+00:00,2024-12-13T02:23:00+00:00,304,shipped,CUST-3950,synthetic,2024-12-12T00:00:00+00:00
2e188dbf-89c6-47ec-ac1b-512fb21330d6,Auto shipment 2525,1c21be0f-7a41-4fd2-98f6-829a3308a50a,2025-05-30T00:00:00+00:00,2025-05-30T10:26:00+00:00,289,shipped,CUST-4890,synthetic,2025-05-29T00:00:00+00:00
a0439e4b-7394-4154-9303-bdc5fed2e765,Auto shipment 2526,1c21be0f-7a41-4fd2-98f6-829a3308a50a,2025-01-29T00:00:00+00:00,2025-02-02T21:07:00+00:00,108,shipped,CUST-6472,synthetic,2025-02-01T00:00:00+00:00
303bd3f6-37be-4f6a-9bbe-06e67f49f479,Auto shipment 2527,78b74b5c-e459-4f23-b196-79e2b104375d,2025-06-17T00:00:00+00:00,2025-06-19T20:51:00+00:00,218,shipped,CUST-3692,synthetic,2025-06-18T00:00:00+00:00
a8382dc9-46f8-498a-b259-82ebe5dc79f3,Auto shipment 2528,1c21be0f-7a41-4fd2-98f6-829a3308a50a,2025-10-19T00:00:00+00:00,2025-10-21T03:33:00+00:00,190,shipped,CUST-9101,synthetic,2025-10-20T00:00:00+00:00
7ef532d3-ee59-45e4-80cc-6194a0eb1aa1,Auto shipment 2529,68db2e0c-1613-41ae-a22c-4959cbb08fe6,2025-01-28T00:00:00+00:00,2025-01-28T22:55:00+00:00,163,shipped,CUST-5076,synthetic,2025-01-27T00:00:00+00:00
0b2564ef-f496-4875-83d6-49fcd286b457,Auto shipment 2530,68db2e0c-1613-41ae-a22c-4959cbb08fe6,2025-10-30T00:00:00+00:00,2025-11-01T02:50:00+00:00,313,shipped,CUST-3465,synthetic,2025-10-31T00:00:00+00:00
11e9a1f9-709d-471f-9ede-dfca5086398b,Auto shipment 2531,78b74b5c-e459-4f23-b196-79e2b104375d,2025-03-24T00:00:00+00:00,2025-03-27T20:48:00+00:00,270,shipped,CUST-4491,synthetic,2025-03-26T00:00:00+00:00
07906659-74cd-4aab-9b20-846dc72e09e5,Auto shipment 2532,78b74b5c-e459-4f23-b196-79e2b104375d,2025-10-28T00:00:00+00:00,2025-10-30T15:22:00+00:00,386,shipped,CUST-4330,synthetic,2025-10-29T00:00:00+00:00
5064aac2-55ae-4af7-88f1-de1de18e44a6,Auto shipment 2533,1c21be0f-7a41-4fd2-98f6-829a3308a50a,2025-10-20T00:00:00+00:00,2025-10-20T10:42:00+00:00,391,shipped,CUST-7669,synthetic,2025-10-19T00:00:00+00:00
fdc6e8ba-0ab0-44fe-a123-3b8cd5f54f49,Auto shipment 2534,1c21be0f-7a41-4fd2-98f6-829a3308a50a,2025-03-18T00:00:00+00:00,2025-03-22T02:58:00+00:00,179,shipped,CUST-7830,synthetic,2025-03-21T00:00:00+00:00
09c33434-7a6a-47c9-a566-c5af3bd05246,Auto shipment 2535,1c21be0f-7a41-4fd2-98f6-829a3308a50a,2025-02-18T00:00:00+00:00,2025-02-19T01:55:00+00:00,319,shipped,CUST-4416,synthetic,2025-02-18T00:00:00+00:00
4d38ac14-1eed-4467-8924-e70b1004eec3,Auto shipment 2536,1c21be0f-7a41-4fd2-98f6-829a3308a50a,2025-04-16T00:00:00+00:00,2025-04-19T01:18:00+00:00,151,shipped,CUST-3795,synthetic,2025-04-18T00:00:00+00:00
b66ccfe6-a866-48c6-9fa5-bdcc64e554cb,Auto shipment 2537,68db2e0c-1613-41ae-a22c-4959cbb08fe6,2025-09-10T00:00:00+00:00,2025-09-13T16:21:00+00:00,350,shipped,CUST-9712,synthetic,2025-09-12T00:00:00+00:00
7181eeea-34e1-4a89-9b17-fc05096bbb18,Auto shipment 2538,78b74b5c-e459-4f23-b196-79e2b104375d,2025-10-07T00:00:00+00:00,2025-10-07T05:52:00+00:00,379,shipped,CUST-3453,synthetic,2025-10-06T00:00:00+00:00
c34df074-9b2c-4c26-bc16-e870265069b3,Auto shipment 2539,78b74b5c-e459-4f23-b196-79e2b104375d,2025-04-27T00:00:00+00:00,2025-04-28T05:56:00+00:00,107,shipped,CUST-3790,synthetic,2025-04-27T00:00:00+00:00
54fd0cb3-6b60-42f6-8195-8849e0a12ab8,Auto shipment 2540,1c21be0f-7a41-4fd2-98f6-829a3308a50a,2025-08-31T00:00:00+00:00,2025-09-02T01:53:00+00:00,356,shipped,CUST-7198,synthetic,2025-09-01T00:00:00+00:00
7cf90bd1-9a47-44cd-9d3e-e2a0db34f260,Auto shipment 2541,78b74b5c-e459-4f23-b196-79e2b104375d,2025-01-19T00:00:00+00:00,2025-01-23T17:28:00+00:00,340,shipped,CUST-7301,synthetic,2025-01-22T00:00:00+00:00
59ed1520-8c06-4ec9-8c7a-e354dfb8ea86,Auto shipment 2542,68db2e0c-1613-41ae-a22c-4959cbb08fe6,2025-08-25T00:00:00+00:00,2025-08-27T12:03:00+00:00,333,shipped,CUST-3571,synthetic,2025-08-26T00:00:00+00:00
f46e95d8-0799-4a8d-b737-af2b4d9dcb11,Auto shipment 2543,78b74b5c-e459-4f23-b196-79e2b104375d,2024-12-14T00:00:00+00:00,2024-12-18T09:32:00+00:00,212,shipped,CUST-5404,synthetic,2024-12-17T00:00:00+00:00
4cf367d1-d884-4f6e-8e4d-195a23f7a2c5,Auto shipment 2544,1c21be0f-7a41-4fd2-98f6-829a3308a50a,2025-08-18T00:00:00+00:00,2025-08-19T17:39:00+00:00,382,shipped,CUST-5405,synthetic,2025-08-18T00:00:00+00:00
2ec94239-2488-4dde-8d53-7ce934b21a89,Auto shipment 2545,1c21be0f-7a41-4fd2-98f6-829a3308a50a,2025-05-26T00:00:00+00:00,2025-05-30T04:33:00+00:00,250,shipped,CUST-5415,synthetic,2025-05-29T00:00:00+00:00
72b669a1-ff58-4800-9036-e5ae4914bd90,Auto shipment 2546,1c21be0f-7a41-4fd2-98f6-829a3308a50a,2025-07-18T00:00:00+00:00,2025-07-19T01:27:00+00:00,143,shipped,CUST-2169,synthetic,2025-07-18T00:00:00+00:00
25b79640-eecf-45d5-bbe7-4312b8e73083,Auto shipment 2547,78b74b5c-e459-4f23-b196-79e2b104375d,2025-05-23T00:00:00+00:00,2025-05-25T22:43:00+00:00,126,shipped,CUST-2680,synthetic,2025-05-24T00:00:00+00:00
1884ceb5-3f9d-43db-9d02-25556deb10b9,Auto shipment 2548,1c21be0f-7a41-4fd2-98f6-829a3308a50a,2025-03-26T00:00:00+00:00,2025-03-30T06:10:00+00:00,255,shipped,CUST-9355,synthetic,2025-03-29T00:00:00+00:00
16bebbc5-840f-439b-b8ac-516abea59cc7,Auto shipment 2549,68db2e0c-1613-41ae-a22c-4959cbb08fe6,2025-01-25T00:00:00+00:00,2025-01-26T18:20:00+00:00,390,shipped,CUST-1242,synthetic,2025-01-25T00:00:00+00:00
43d43025-78ce-4a12-8a8a-0b1fbfce62fd,Auto shipment 2550,78b74b5c-e459-4f23-b196-79e2b104375d,2025-01-14T00:00:00+00:00,2025-01-18T16:13:00+00:00,323,shipped,CUST-2583,synthetic,2025-01-17T00:00:00+00:00
979bbef4-ef0d-4478-a9de-89d19e648db9,Auto shipment 2551,1c21be0f-7a41-4fd2-98f6-829a3308a50a,2025-06-25T00:00:00+00:00,2025-06-28T15:29:00+00:00,345,shipped,CUST-5274,synthetic,2025-06-27T00:00:00+00:00
7ec4a2fe-291a-4cb6-8169-73e8e2b30248,Auto shipment 2552,1c21be0f-7a41-4fd2-98f6-829a3308a50a,2025-09-27T00:00:00+00:00,2025-09-29T08:26:00+00:00,188,shipped,CUST-1170,synthetic,2025-09-28T00:00:00+00:00
30b55782-baa3-43ce-8b74-bdf46c75d05b,Auto shipment 2553,78b74b5c-e459-4f23-b196-79e2b104375d,2025-10-17T00:00:00+00:00,2025-10-18T15:23:00+00:00,114,shipped,CUST-3972,synthetic,2025-10-17T00:00:00+00:00
d7a88286-4f8b-4f19-a474-0aeafabbccc7,Auto shipment 2554,1c21be0f-7a41-4fd2-98f6-829a3308a50a,2025-09-01T00:00:00+00:00,2025-09-04T19:51:00+00:00,264,shipped,CUST-1721,synthetic,2025-09-03T00:00:00+00:00
a27aa2fb-8bf2-4d30-b1d5-be9fa6fccd6c,Auto shipment 2555,1c21be0f-7a41-4fd2-98f6-829a3308a50a,2025-03-19T00:00:00+00:00,2025-03-20T15:46:00+00:00,265,shipped,CUST-3312,synthetic,2025-03-19T00:00:00+00:00
b8fb56bc-65d2-412b-946b-ed0071f1c4e3,Auto shipment 2556,1c21be0f-7a41-4fd2-98f6-829a3308a50a,2025-01-06T00:00:00+00:00,2025-01-10T05:28:00+00:00,213,shipped,CUST-5764,synthetic,2025-01-09T00:00:00+00:00
fccfabd4-5bc7-4e8c-bf05-bb05bbfb9fab,Auto shipment 2557,68db2e0c-1613-41ae-a22c-4959cbb08fe6,2024-12-02T00:00:00+00:00,2024-12-05T08:27:00+00:00,260,shipped,CUST-1928,synthetic,2024-12-04T00:00:00+00:00
7b939ba5-7278-4613-8c1a-2612b78963a3,Auto shipment 2558,68db2e0c-1613-41ae-a22c-4959cbb08fe6,2025-06-10T00:00:00+00:00,2025-06-12T16:12:00+00:00,464,shipped,CUST-9818,synthetic,2025-06-11T00:00:00+00:00
bd3d1b99-6951-4571-947a-29bca6216e24,Auto shipment 2559,78b74b5c-e459-4f23-b196-79e2b104375d,2025-02-23T00:00:00+00:00,2025-02-27T04:54:00+00:00,185,shipped,CUST-4798,synthetic,2025-02-26T00:00:00+00:00
ac1cec26-754d-4e46-97b4-b2eb8d2de383,Auto shipment 2560,1c21be0f-7a41-4fd2-98f6-829a3308a50a,2025-10-17T00:00:00+00:00,2025-10-20T20:34:00+00:00,386,shipped,CUST-5385,synthetic,2025-10-19T00:00:00+00:00
db021fc0-c2cf-4f0e-980c-3b8c4a22d3a4,Auto shipment 2561,78b74b5c-e459-4f23-b196-79e2b104375d,2025-01-03T00:00:00+00:00,2025-01-03T11:01:00+00:00,414,shipped,CUST-4180,synthetic,2025-01-02T00:00:00+00:00
b2f98c55-9626-466c-a96e-5fe6f6c9e6ec,Auto shipment 2562,68db2e0c-1613-41ae-a22c-4959cbb08fe6,2025-09-11T00:00:00+00:00,2025-09-13T18:32:00+00:00,368,shipped,CUST-4010,synthetic,2025-09-12T00:00:00+00:00
ea90d435-e2fb-47d6-bef9-db8a0a15f560,Auto shipment 2563,78b74b5c-e459-4f23-b196-79e2b104375d,2025-01-13T00:00:00+00:00,2025-01-16T12:32:00+00:00,340,shipped,CUST-2488,synthetic,2025-01-15T00:00:00+00:00
c4cb47b2-063c-4bec-9b5d-81f3fa2d540a,Auto shipment 2564,1c21be0f-7a41-4fd2-98f6-829a3308a50a,2025-05-06T00:00:00+00:00,2025-05-09T05:34:00+00:00,177,shipped,CUST-8143,synthetic,2025-05-08T00:00:00+00:00
19fe0cec-65a2-463e-a069-d9958029e848,Auto shipment 2565,1c21be0f-7a41-4fd2-98f6-829a3308a50a,2025-07-01T00:00:00+00:00,2025-07-03T21:41:00+00:00,328,shipped,CUST-7610,synthetic,2025-07-02T00:00:00+00:00
f30cc420-6651-49aa-98ad-77fec1c33951,Auto shipment 2566,68db2e0c-1613-41ae-a22c-4959cbb08fe6,2025-05-29T00:00:00+00:00,2025-06-01T06:03:00+00:00,312,shipped,CUST-9113,synthetic,2025-05-31T00:00:00+00:00
4762a026-53d1-413f-a2dd-c7a4330c5865,Auto shipment 2567,1c21be0f-7a41-4fd2-98f6-829a3308a50a,2024-12-06T00:00:00+00:00,2024-12-10T20:20:00+00:00,366,shipped,CUST-8694,synthetic,2024-12-09T00:00:00+00:00
21ee792a-9e90-4df3-8f08-5c1bbae0eb50,Auto shipment 2568,1c21be0f-7a41-4fd2-98f6-829a3308a50a,2025-01-17T00:00:00+00:00,2025-01-21T19:01:00+00:00,331,shipped,CUST-7210,synthetic,2025-01-20T00:00:00+00:00
47eda52e-8802-418d-be88-2ea314444234,Auto shipment 2569,78b74b5c-e459-4f23-b196-79e2b104375d,2025-06-19T00:00:00+00:00,2025-06-21T17:15:00+00:00,191,shipped,CUST-8859,synthetic,2025-06-20T00:00:00+00:00
334edd44-b4f2-44e7-87c5-feebcbbf496b,Auto shipment 2570,68db2e0c-1613-41ae-a22c-4959cbb08fe6,2025-03-31T00:00:00+00:00,2025-04-04T00:30:00+00:00,417,shipped,CUST-5776,synthetic,2025-04-03T00:00:00+00:00
e9260980-9738-4c1c-8d28-7298950043e3,Auto shipment 2571,78b74b5c-e459-4f23-b196-79e2b104375d,2025-10-04T00:00:00+00:00,2025-10-07T06:23:00+00:00,395,shipped,CUST-5641,synthetic,2025-10-06T00:00:00+00:00
a156fa14-883d-45b0-8105-5026d632a3af,Auto shipment 2572,68db2e0c-1613-41ae-a22c-4959cbb08fe6,2025-06-14T00:00:00+00:00,2025-06-18T05:21:00+00:00,226,shipped,CUST-3004,synthetic,2025-06-17T00:00:00+00:00
84e23e0d-6165-4d9b-a015-f2406e8139fc,Auto shipment 2573,78b74b5c-e459-4f23-b196-79e2b104375d,2025-03-28T00:00:00+00:00,2025-03-31T01:53:00+00:00,120,shipped,CUST-3779,synthetic,2025-03-30T00:00:00+00:00
5d303182-b4cf-4609-9e79-66da3e635993,Auto shipment 2574,68db2e0c-1613-41ae-a22c-4959cbb08fe6,2025-07-24T00:00:00+00:00,2025-07-27T14:01:00+00:00,114,shipped,CUST-6679,synthetic,2025-07-26T00:00:00+00:00
3c0d20e1-76e3-4366-8587-3fceb59016aa,Auto shipment 2575,1c21be0f-7a41-4fd2-98f6-829a3308a50a,2024-12-02T00:00:00+00:00,2024-12-06T00:16:00+00:00,222,shipped,CUST-9212,synthetic,2024-12-05T00:00:00+00:00
27f119be-c935-41f6-aa84-f6dd663c5092,Auto shipment 2576,78b74b5c-e459-4f23-b196-79e2b104375d,2024-12-07T00:00:00+00:00,2024-12-09T15:19:00+00:00,207,shipped,CUST-7890,synthetic,2024-12-08T00:00:00+00:00
259c50d9-6c20-4b4f-82f3-a80f0bca1a31,Auto shipment 2577,1c21be0f-7a41-4fd2-98f6-829a3308a50a,2025-09-23T00:00:00+00:00,2025-09-23T12:27:00+00:00,325,shipped,CUST-9259,synthetic,2025-09-22T00:00:00+00:00
d3dd6330-188a-42a8-a6de-619a733f7fe1,Auto shipment 2578,1c21be0f-7a41-4fd2-98f6-829a3308a50a,2025-07-28T00:00:00+00:00,2025-07-29T05:21:00+00:00,280,shipped,CUST-2136,synthetic,2025-07-28T00:00:00+00:00
12599cd2-a6dd-4d63-966c-34fd4eb276f2,Auto shipment 2579,78b74b5c-e459-4f23-b196-79e2b104375d,2025-10-24T00:00:00+00:00,2025-10-24T04:36:00+00:00,151,shipped,CUST-7071,synthetic,2025-10-23T00:00:00+00:00
e807c2b5-bcd0-4848-9ef7-c7ff8876a8b0,Auto shipment 2580,68db2e0c-1613-41ae-a22c-4959cbb08fe6,2025-07-04T00:00:00+00:00,2025-07-07T12:27:00+00:00,397,shipped,CUST-4477,synthetic,2025-07-06T00:00:00+00:00
bc59bcc6-d33a-49d2-882d-f1632a2274a2,Auto shipment 2581,78b74b5c-e459-4f23-b196-79e2b104375d,2025-09-17T00:00:00+00:00,2025-09-19T01:27:00+00:00,375,shipped,CUST-9474,synthetic,2025-09-18T00:00:00+00:00
a08e3f61-5d72-4d6a-888c-5411564d5f14,Auto shipment 2582,78b74b5c-e459-4f23-b196-79e2b104375d,2024-11-29T00:00:00+00:00,2024-11-30T05:10:00+00:00,162,shipped,CUST-8590,synthetic,2024-11-29T00:00:00+00:00
2d9a03f4-9f3d-4b17-9150-0b03805e517f,Auto shipment 2583,1c21be0f-7a41-4fd2-98f6-829a3308a50a,2025-03-15T00:00:00+00:00,2025-03-19T07:04:00+00:00,444,shipped,CUST-6504,synthetic,2025-03-18T00:00:00+00:00
d9ea665c-2d18-404e-b1bb-3ad835de2a6c,Auto shipment 2584,78b74b5c-e459-4f23-b196-79e2b104375d,2025-10-28T00:00:00+00:00,2025-10-28T11:25:00+00:00,205,shipped,CUST-9186,synthetic,2025-10-27T00:00:00+00:00
02a90bbe-fd40-4f0c-9424-8ae1ac0cc9c6,Auto shipment 2585,1c21be0f-7a41-4fd2-98f6-829a3308a50a,2025-08-24T00:00:00+00:00,2025-08-24T17:35:00+00:00,232,shipped,CUST-3209,synthetic,2025-08-23T00:00:00+00:00
2bc84ec6-90d9-458a-a838-c17ce2d26c50,Auto shipment 2586,1c21be0f-7a41-4fd2-98f6-829a3308a50a,2025-01-27T00:00:00+00:00,2025-01-31T15:34:00+00:00,212,shipped,CUST-1111,synthetic,2025-01-30T00:00:00+00:00
9893d496-09f2-4aa2-bf8b-91e91f8b122b,Auto shipment 2587,68db2e0c-1613-41ae-a22c-4959cbb08fe6,2025-07-16T00:00:00+00:00,2025-07-18T09:57:00+00:00,235,shipped,CUST-2035,synthetic,2025-07-17T00:00:00+00:00
88c3a578-20dd-43bc-88be-27a90b6f08ce,Auto shipment 2588,68db2e0c-1613-41ae-a22c-4959cbb08fe6,2025-02-12T00:00:00+00:00,2025-02-15T13:35:00+00:00,137,shipped,CUST-1233,synthetic,2025-02-14T00:00:00+00:00
f86ce949-aec9-4b28-9677-d894fec95791,Auto shipment 2589,78b74b5c-e459-4f23-b196-79e2b104375d,2025-09-03T00:00:00+00:00,2025-09-06T03:43:00+00:00,297,shipped,CUST-7182,synthetic,2025-09-05T00:00:00+00:00
79bd1a69-2050-40d4-a239-aad720095ad9,Auto shipment 2590,78b74b5c-e459-4f23-b196-79e2b104375d,2025-04-15T00:00:00+00:00,2025-04-18T22:07:00+00:00,202,shipped,CUST-8240,synthetic,2025-04-17T00:00:00+00:00
a78d9d91-38f6-42f3-bd0a-479a7fd9463f,Auto shipment 2591,1c21be0f-7a41-4fd2-98f6-829a3308a50a,2025-09-15T00:00:00+00:00,2025-09-19T15:41:00+00:00,362,shipped,CUST-4590,synthetic,2025-09-18T00:00:00+00:00
63e927cb-be3e-402c-b2cf-ed447d62ea06,Auto shipment 2592,1c21be0f-7a41-4fd2-98f6-829a3308a50a,2025-09-02T00:00:00+00:00,2025-09-02T16:06:00+00:00,354,shipped,CUST-5627,synthetic,2025-09-01T00:00:00+00:00
41572560-c0ec-4cbc-8076-9f712b7a91ca,Auto shipment 2593,1c21be0f-7a41-4fd2-98f6-829a3308a50a,2024-11-07T00:00:00+00:00,2024-11-11T05:16:00+00:00,357,shipped,CUST-6426,synthetic,2024-11-10T00:00:00+00:00
3a084cc8-3943-4de7-a914-ecd35412e663,Auto shipment 2594,78b74b5c-e459-4f23-b196-79e2b104375d,2024-12-14T00:00:00+00:00,2024-12-18T04:25:00+00:00,317,shipped,CUST-9119,synthetic,2024-12-17T00:00:00+00:00
ec6fe20e-44b5-4ebe-bef5-f6fab50aca1b,Auto shipment 2595,78b74b5c-e459-4f23-b196-79e2b104375d,2025-09-07T00:00:00+00:00,2025-09-08T18:40:00+00:00,463,shipped,CUST-6320,synthetic,2025-09-07T00:00:00+00:00
cf0695d9-e055-40a4-82ba-8a92b1d57645,Auto shipment 2596,68db2e0c-1613-41ae-a22c-4959cbb08fe6,2025-10-09T00:00:00+00:00,2025-10-12T10:47:00+00:00,191,shipped,CUST-8657,synthetic,2025-10-11T00:00:00+00:00
390bb249-6c5e-4e7b-aaec-39f56b4b8f03,Auto shipment 2597,68db2e0c-1613-41ae-a22c-4959cbb08fe6,2025-10-15T00:00:00+00:00,2025-10-17T20:13:00+00:00,220,shipped,CUST-9597,synthetic,2025-10-16T00:00:00+00:00
1fcd38b7-83f7-426f-bc2b-335ab4a8e2ff,Auto shipment 2598,78b74b5c-e459-4f23-b196-79e2b104375d,2024-11-25T00:00:00+00:00,2024-11-26T15:27:00+00:00,131,shipped,CUST-9706,synthetic,2024-11-25T00:00:00+00:00
e7e98427-48e3-47a1-87e6-65755e217ca0,Auto shipment 2599,68db2e0c-1613-41ae-a22c-4959cbb08fe6,2024-11-28T00:00:00+00:00,2024-11-30T11:36:00+00:00,238,shipped,CUST-2582,synthetic,2024-11-29T00:00:00+00:00
434a34ef-bd08-4be9-8b09-2b3983c1a9d5,Auto shipment 2600,78b74b5c-e459-4f23-b196-79e2b104375d,2025-03-31T00:00:00+00:00,2025-04-02T00:20:00+00:00,355,shipped,CUST-8782,synthetic,2025-04-01T00:00:00+00:00
fd11a0f2-6c08-421e-a900-e06b08d640d0,Auto shipment 2601,1c21be0f-7a41-4fd2-98f6-829a3308a50a,2025-08-13T00:00:00+00:00,2025-08-17T20:57:00+00:00,188,shipped,CUST-2211,synthetic,2025-08-16T00:00:00+00:00
d7d5c538-05f6-456e-8235-0a09209119cc,Auto shipment 2602,78b74b5c-e459-4f23-b196-79e2b104375d,2025-08-09T00:00:00+00:00,2025-08-10T00:42:00+00:00,436,shipped,CUST-2690,synthetic,2025-08-09T00:00:00+00:00
0ae522c2-c36a-4b40-99dd-a93fe9dc59a2,Auto shipment 2603,1c21be0f-7a41-4fd2-98f6-829a3308a50a,2025-05-28T00:00:00+00:00,2025-05-29T19:03:00+00:00,324,shipped,CUST-8116,synthetic,2025-05-28T00:00:00+00:00
4ab82083-6c7a-4b32-9d38-31f856f09c29,Auto shipment 2604,78b74b5c-e459-4f23-b196-79e2b104375d,2025-02-19T00:00:00+00:00,2025-02-22T12:56:00+00:00,299,shipped,CUST-5661,synthetic,2025-02-21T00:00:00+00:00
6d000c71-0688-4bbe-9726-6ab992a81be9,Auto shipment 2605,68db2e0c-1613-41ae-a22c-4959cbb08fe6,2024-12-23T00:00:00+00:00,2024-12-23T22:48:00+00:00,435,shipped,CUST-6055,synthetic,2024-12-22T00:00:00+00:00
029a90b5-da3a-4cdf-9cf5-d3c507ef3eb6,Auto shipment 2606,68db2e0c-1613-41ae-a22c-4959cbb08fe6,2025-03-22T00:00:00+00:00,2025-03-24T20:54:00+00:00,149,shipped,CUST-6322,synthetic,2025-03-23T00:00:00+00:00
42eb26e3-f592-4800-9974-056a6fd63341,Auto shipment 2607,1c21be0f-7a41-4fd2-98f6-829a3308a50a,2025-09-11T00:00:00+00:00,2025-09-13T04:16:00+00:00,144,shipped,CUST-3478,synthetic,2025-09-12T00:00:00+00:00
d9066148-e93a-4a15-a81b-9fb8ec323ba1,Auto shipment 2608,68db2e0c-1613-41ae-a22c-4959cbb08fe6,2025-10-28T00:00:00+00:00,2025-10-30T09:13:00+00:00,201,shipped,CUST-8012,synthetic,2025-10-29T00:00:00+00:00
1d8fcd71-e785-4389-afb2-90ab32969192,Auto shipment 2609,78b74b5c-e459-4f23-b196-79e2b104375d,2024-11-12T00:00:00+00:00,2024-11-15T00:43:00+00:00,243,shipped,CUST-6333,synthetic,2024-11-14T00:00:00+00:00
2929c393-6377-420f-a3fb-766154a0ecd1,Auto shipment 2610,1c21be0f-7a41-4fd2-98f6-829a3308a50a,2025-03-23T00:00:00+00:00,2025-03-27T13:39:00+00:00,325,shipped,CUST-3971,synthetic,2025-03-26T00:00:00+00:00
5c79c5ba-5941-4355-98a3-5a86e3089617,Auto shipment 2611,78b74b5c-e459-4f23-b196-79e2b104375d,2025-03-31T00:00:00+00:00,2025-03-31T11:39:00+00:00,333,shipped,CUST-3023,synthetic,2025-03-30T00:00:00+00:00
558466e1-bc04-483b-b226-812982e27bb7,Auto shipment 2612,78b74b5c-e459-4f23-b196-79e2b104375d,2025-06-13T00:00:00+00:00,2025-06-16T10:45:00+00:00,117,shipped,CUST-2220,synthetic,2025-06-15T00:00:00+00:00
061316ea-5c70-4d3e-b904-a3e273f87aca,Auto shipment 2613,1c21be0f-7a41-4fd2-98f6-829a3308a50a,2025-07-08T00:00:00+00:00,2025-07-12T11:52:00+00:00,260,shipped,CUST-9214,synthetic,2025-07-11T00:00:00+00:00
5b642c88-6692-490a-9912-cd5f658b807f,Auto shipment 2614,68db2e0c-1613-41ae-a22c-4959cbb08fe6,2024-11-24T00:00:00+00:00,2024-11-24T22:14:00+00:00,168,shipped,CUST-5707,synthetic,2024-11-23T00:00:00+00:00
c0609f01-94dd-4f99-a2ad-5a2077fc4268,Auto shipment 2615,78b74b5c-e459-4f23-b196-79e2b104375d,2025-03-11T00:00:00+00:00,2025-03-15T16:21:00+00:00,352,shipped,CUST-4141,synthetic,2025-03-14T00:00:00+00:00
703d781e-5f9f-4754-9111-44a9267840fb,Auto shipment 2616,1c21be0f-7a41-4fd2-98f6-829a3308a50a,2025-07-08T00:00:00+00:00,2025-07-08T07:11:00+00:00,412,shipped,CUST-1013,synthetic,2025-07-07T00:00:00+00:00
95cd1a9a-bb44-4753-97bd-f248fdb20ce6,Auto shipment 2617,1c21be0f-7a41-4fd2-98f6-829a3308a50a,2025-08-21T00:00:00+00:00,2025-08-25T01:01:00+00:00,400,shipped,CUST-9249,synthetic,2025-08-24T00:00:00+00:00
48bac54a-9242-4831-a3e4-fcc5542088e9,Auto shipment 2618,78b74b5c-e459-4f23-b196-79e2b104375d,2025-10-20T00:00:00+00:00,2025-10-23T11:31:00+00:00,299,shipped,CUST-6419,synthetic,2025-10-22T00:00:00+00:00
b1179afe-5bee-4a38-be8a-c2a9d1644127,Auto shipment 2619,78b74b5c-e459-4f23-b196-79e2b104375d,2025-04-16T00:00:00+00:00,2025-04-17T18:43:00+00:00,385,shipped,CUST-3721,synthetic,2025-04-16T00:00:00+00:00
27a95179-7825-40b8-84a3-3529565217cd,Auto shipment 2620,78b74b5c-e459-4f23-b196-79e2b104375d,2025-10-03T00:00:00+00:00,2025-10-07T20:08:00+00:00,436,shipped,CUST-1289,synthetic,2025-10-06T00:00:00+00:00
7aae5c01-2413-4fab-8228-df62df1efe79,Auto shipment 2621,68db2e0c-1613-41ae-a22c-4959cbb08fe6,2025-10-02T00:00:00+00:00,2025-10-02T04:24:00+00:00,512,shipped,CUST-4978,synthetic,2025-10-01T00:00:00+00:00
1c2406cb-f034-44ba-93ee-d05ab9ba078c,Auto shipment 2622,1c21be0f-7a41-4fd2-98f6-829a3308a50a,2025-03-15T00:00:00+00:00,2025-03-19T07:49:00+00:00,320,shipped,CUST-3708,synthetic,2025-03-18T00:00:00+00:00
d4a8ac5b-b138-4167-854d-125f86e6b486,Auto shipment 2623,68db2e0c-1613-41ae-a22c-4959cbb08fe6,2025-04-14T00:00:00+00:00,2025-04-18T15:04:00+00:00,333,shipped,CUST-8269,synthetic,2025-04-17T00:00:00+00:00
b19ff28b-8e97-4ef8-8b78-c8faefa4b139,Auto shipment 2624,68db2e0c-1613-41ae-a22c-4959cbb08fe6,2025-06-17T00:00:00+00:00,2025-06-21T11:21:00+00:00,286,shipped,CUST-3964,synthetic,2025-06-20T00:00:00+00:00
c389749d-efb1-4a47-ae30-ecd301075a1b,Auto shipment 2625,68db2e0c-1613-41ae-a22c-4959cbb08fe6,2025-01-30T00:00:00+00:00,2025-01-31T21:46:00+00:00,327,shipped,CUST-2318,synthetic,2025-01-30T00:00:00+00:00
b287fa91-8a71-4007-a207-44de3cc81e54,Auto shipment 2626,1c21be0f-7a41-4fd2-98f6-829a3308a50a,2025-04-20T00:00:00+00:00,2025-04-21T19:26:00+00:00,313,shipped,CUST-2178,synthetic,2025-04-20T00:00:00+00:00
849f4bf0-461f-4bf2-9d4b-29b93546d4fe,Auto shipment 2627,1c21be0f-7a41-4fd2-98f6-829a3308a50a,2025-05-02T00:00:00+00:00,2025-05-02T11:29:00+00:00,307,shipped,CUST-9399,synthetic,2025-05-01T00:00:00+00:00
171a189a-afef-4fe4-a207-61c325c89b20,Auto shipment 2628,1c21be0f-7a41-4fd2-98f6-829a3308a50a,2025-05-08T00:00:00+00:00,2025-05-09T08:34:00+00:00,113,shipped,CUST-4435,synthetic,2025-05-08T00:00:00+00:00
3562e32f-eb53-44ae-805f-d666cfbd6ded,Auto shipment 2629,78b74b5c-e459-4f23-b196-79e2b104375d,2025-02-17T00:00:00+00:00,2025-02-18T02:36:00+00:00,164,shipped,CUST-1101,synthetic,2025-02-17T00:00:00+00:00
f12f67c2-7de4-4a20-9d1c-eaeccf4e2ea6,Auto shipment 2630,1c21be0f-7a41-4fd2-98f6-829a3308a50a,2025-02-22T00:00:00+00:00,2025-02-22T06:10:00+00:00,311,shipped,CUST-2420,synthetic,2025-02-21T00:00:00+00:00
2763fd10-1e1b-4f34-b124-4ad953ddb9a7,Auto shipment 2631,78b74b5c-e459-4f23-b196-79e2b104375d,2025-04-26T00:00:00+00:00,2025-04-28T13:06:00+00:00,434,shipped,CUST-3234,synthetic,2025-04-27T00:00:00+00:00
d4d2cbe2-e61a-4590-816d-5808e5c408ab,Auto shipment 2632,68db2e0c-1613-41ae-a22c-4959cbb08fe6,2025-08-16T00:00:00+00:00,2025-08-20T16:05:00+00:00,328,shipped,CUST-7923,synthetic,2025-08-19T00:00:00+00:00
afdd9144-cec1-46b2-8451-4c8b751163a4,Auto shipment 2633,78b74b5c-e459-4f23-b196-79e2b104375d,2025-03-19T00:00:00+00:00,2025-03-20T15:23:00+00:00,303,shipped,CUST-9705,synthetic,2025-03-19T00:00:00+00:00
f8c80ff1-9839-4d4f-a20b-2ad2054c3b5e,Auto shipment 2634,68db2e0c-1613-41ae-a22c-4959cbb08fe6,2025-03-13T00:00:00+00:00,2025-03-14T08:55:00+00:00,423,shipped,CUST-6286,synthetic,2025-03-13T00:00:00+00:00
7833f526-3dfa-4722-8b02-9d1f640bc339,Auto shipment 2635,68db2e0c-1613-41ae-a22c-4959cbb08fe6,2025-05-02T00:00:00+00:00,2025-05-03T08:27:00+00:00,379,shipped,CUST-8318,synthetic,2025-05-02T00:00:00+00:00
dd293701-8f12-4733-8e20-95a65bc5e744,Auto shipment 2636,1c21be0f-7a41-4fd2-98f6-829a3308a50a,2025-03-26T00:00:00+00:00,2025-03-29T01:39:00+00:00,413,shipped,CUST-5631,synthetic,2025-03-28T00:00:00+00:00
fa5ae91f-1b5b-4499-a89c-8f0303f54ad5,Auto shipment 2637,1c21be0f-7a41-4fd2-98f6-829a3308a50a,2025-07-12T00:00:00+00:00,2025-07-13T19:43:00+00:00,395,shipped,CUST-5690,synthetic,2025-07-12T00:00:00+00:00
be998859-b0c0-42c0-b600-111f2ed8060e,Auto shipment 2638,68db2e0c-1613-41ae-a22c-4959cbb08fe6,2025-02-10T00:00:00+00:00,2025-02-11T16:17:00+00:00,170,shipped,CUST-1806,synthetic,2025-02-10T00:00:00+00:00
a54123cc-3d1c-43ee-8b79-768a8c973462,Auto shipment 2639,1c21be0f-7a41-4fd2-98f6-829a3308a50a,2025-05-12T00:00:00+00:00,2025-05-12T22:08:00+00:00,245,shipped,CUST-7427,synthetic,2025-05-11T00:00:00+00:00
e95ec6f9-ca34-410b-af6b-d577d6245358,Auto shipment 2640,68db2e0c-1613-41ae-a22c-4959cbb08fe6,2025-06-05T00:00:00+00:00,2025-06-09T10:32:00+00:00,324,shipped,CUST-7270,synthetic,2025-06-08T00:00:00+00:00
50060a1a-d82f-4a1f-9b72-f31fd2228c50,Auto shipment 2641,1c21be0f-7a41-4fd2-98f6-829a3308a50a,2024-12-21T00:00:00+00:00,2024-12-21T15:42:00+00:00,292,shipped,CUST-9138,synthetic,2024-12-20T00:00:00+00:00
85b997cb-2f1d-4120-bf01-4d47ec7153be,Auto shipment 2642,78b74b5c-e459-4f23-b196-79e2b104375d,2025-09-27T00:00:00+00:00,2025-09-28T22:09:00+00:00,147,shipped,CUST-1751,synthetic,2025-09-27T00:00:00+00:00
711c9832-00d1-41aa-ac7a-d45f62cac876,Auto shipment 2643,68db2e0c-1613-41ae-a22c-4959cbb08fe6,2025-08-28T00:00:00+00:00,2025-08-28T16:53:00+00:00,464,shipped,CUST-9500,synthetic,2025-08-27T00:00:00+00:00
60dba601-8fcf-4f47-8653-815eb42211e9,Auto shipment 2644,1c21be0f-7a41-4fd2-98f6-829a3308a50a,2025-05-28T00:00:00+00:00,2025-06-01T17:30:00+00:00,349,shipped,CUST-5782,synthetic,2025-05-31T00:00:00+00:00
cfb6ee8e-2696-47c2-8fe2-f9dfdbc44daf,Auto shipment 2645,1c21be0f-7a41-4fd2-98f6-829a3308a50a,2025-01-19T00:00:00+00:00,2025-01-22T14:45:00+00:00,236,shipped,CUST-1520,synthetic,2025-01-21T00:00:00+00:00
122909c8-4ae9-446b-89af-209ffc32a92c,Auto shipment 2646,78b74b5c-e459-4f23-b196-79e2b104375d,2025-08-09T00:00:00+00:00,2025-08-12T19:55:00+00:00,463,shipped,CUST-7845,synthetic,2025-08-11T00:00:00+00:00
849de959-b4e2-430a-9221-bf141c29a649,Auto shipment 2647,1c21be0f-7a41-4fd2-98f6-829a3308a50a,2025-08-21T00:00:00+00:00,2025-08-24T06:16:00+00:00,263,shipped,CUST-2209,synthetic,2025-08-23T00:00:00+00:00
d148d519-5897-4b62-a5d4-bba1a15335ca,Auto shipment 2648,78b74b5c-e459-4f23-b196-79e2b104375d,2025-01-15T00:00:00+00:00,2025-01-18T16:01:00+00:00,225,shipped,CUST-2824,synthetic,2025-01-17T00:00:00+00:00
fc1677b8-9725-46ce-a5e4-07069bbb8f35,Auto shipment 2649,68db2e0c-1613-41ae-a22c-4959cbb08fe6,2025-04-03T00:00:00+00:00,2025-04-06T01:20:00+00:00,425,shipped,CUST-7556,synthetic,2025-04-05T00:00:00+00:00
a530ba69-f904-4fc6-a111-3786536535c8,Auto shipment 2650,1c21be0f-7a41-4fd2-98f6-829a3308a50a,2025-06-06T00:00:00+00:00,2025-06-08T13:16:00+00:00,305,shipped,CUST-3245,synthetic,2025-06-07T00:00:00+00:00
10738ab0-3c4b-4070-b8d5-40204a8d28fa,Auto shipment 2651,68db2e0c-1613-41ae-a22c-4959cbb08fe6,2025-03-26T00:00:00+00:00,2025-03-26T22:21:00+00:00,219,shipped,CUST-9362,synthetic,2025-03-25T00:00:00+00:00
d6998712-634d-4bba-b6e3-56bf37fed0e4,Auto shipment 2652,78b74b5c-e459-4f23-b196-79e2b104375d,2025-01-14T00:00:00+00:00,2025-01-16T21:04:00+00:00,224,shipped,CUST-6028,synthetic,2025-01-15T00:00:00+00:00
233e3e45-fcba-4cc0-a9f8-16c6eb757098,Auto shipment 2653,1c21be0f-7a41-4fd2-98f6-829a3308a50a,2025-09-26T00:00:00+00:00,2025-09-29T16:58:00+00:00,334,shipped,CUST-8862,synthetic,2025-09-28T00:00:00+00:00
052b3b37-a57b-4127-8f7d-275c11fbd551,Auto shipment 2654,78b74b5c-e459-4f23-b196-79e2b104375d,2025-04-18T00:00:00+00:00,2025-04-22T19:52:00+00:00,123,shipped,CUST-3751,synthetic,2025-04-21T00:00:00+00:00
a3044789-1bfa-4adb-b245-ff0fdbf481e3,Auto shipment 2655,68db2e0c-1613-41ae-a22c-4959cbb08fe6,2025-11-07T00:00:00+00:00,2025-11-08T02:05:00+00:00,136,shipped,CUST-9240,synthetic,2025-11-07T00:00:00+00:00
9bb38ed9-115d-4067-a240-7963bc24036f,Auto shipment 2656,1c21be0f-7a41-4fd2-98f6-829a3308a50a,2025-02-13T00:00:00+00:00,2025-02-17T21:20:00+00:00,175,shipped,CUST-7281,synthetic,2025-02-16T00:00:00+00:00
8182e157-80a6-4f0f-8267-0b84774781dd,Auto shipment 2657,68db2e0c-1613-41ae-a22c-4959cbb08fe6,2025-09-17T00:00:00+00:00,2025-09-18T16:00:00+00:00,117,shipped,CUST-3547,synthetic,2025-09-17T00:00:00+00:00
347449e1-e488-4312-a574-5b36f0f6c9cb,Auto shipment 2658,68db2e0c-1613-41ae-a22c-4959cbb08fe6,2025-03-01T00:00:00+00:00,2025-03-02T21:13:00+00:00,260,shipped,CUST-8375,synthetic,2025-03-01T00:00:00+00:00
661196d7-d4d4-4652-a2fd-f608fcb0476c,Auto shipment 2659,1c21be0f-7a41-4fd2-98f6-829a3308a50a,2024-12-09T00:00:00+00:00,2024-12-12T08:00:00+00:00,336,shipped,CUST-5185,synthetic,2024-12-11T00:00:00+00:00
6674acb2-fa17-48a0-8258-04d159c13c56,Auto shipment 2660,78b74b5c-e459-4f23-b196-79e2b104375d,2025-10-30T00:00:00+00:00,2025-10-31T12:18:00+00:00,286,shipped,CUST-6333,synthetic,2025-10-30T00:00:00+00:00
4f542904-3dcf-4a1a-be6e-389319e08131,Auto shipment 2661,78b74b5c-e459-4f23-b196-79e2b104375d,2025-08-16T00:00:00+00:00,2025-08-18T18:55:00+00:00,338,shipped,CUST-9031,synthetic,2025-08-17T00:00:00+00:00
3f4c6e98-04bb-4baf-93bd-5f595ee01a16,Auto shipment 2662,78b74b5c-e459-4f23-b196-79e2b104375d,2024-11-19T00:00:00+00:00,2024-11-19T02:21:00+00:00,192,shipped,CUST-2924,synthetic,2024-11-18T00:00:00+00:00
0e76f09e-2d0c-4e8f-a0fe-3afb6e709bc5,Auto shipment 2663,1c21be0f-7a41-4fd2-98f6-829a3308a50a,2024-12-22T00:00:00+00:00,2024-12-23T05:30:00+00:00,307,shipped,CUST-1707,synthetic,2024-12-22T00:00:00+00:00
02fd82f7-3479-485d-b96e-ac06c29d9f23,Auto shipment 2664,78b74b5c-e459-4f23-b196-79e2b104375d,2024-12-14T00:00:00+00:00,2024-12-17T18:42:00+00:00,162,shipped,CUST-2656,synthetic,2024-12-16T00:00:00+00:00
a07b03c1-2c6a-4536-96b7-0a3bd2e32e56,Auto shipment 2665,68db2e0c-1613-41ae-a22c-4959cbb08fe6,2025-09-11T00:00:00+00:00,2025-09-14T15:10:00+00:00,465,shipped,CUST-9715,synthetic,2025-09-13T00:00:00+00:00
42bf9d16-b9a5-44cd-9eb1-9fdceaaa7aa3,Auto shipment 2666,78b74b5c-e459-4f23-b196-79e2b104375d,2025-05-08T00:00:00+00:00,2025-05-08T22:08:00+00:00,292,shipped,CUST-4014,synthetic,2025-05-07T00:00:00+00:00
e167ba7a-bea1-493c-a658-71580e97dda4,Auto shipment 2667,1c21be0f-7a41-4fd2-98f6-829a3308a50a,2025-05-23T00:00:00+00:00,2025-05-24T02:17:00+00:00,189,shipped,CUST-1046,synthetic,2025-05-23T00:00:00+00:00
18da17e6-a18f-49ac-818f-021d1a0408fd,Auto shipment 2668,1c21be0f-7a41-4fd2-98f6-829a3308a50a,2025-02-15T00:00:00+00:00,2025-02-18T10:01:00+00:00,399,shipped,CUST-6452,synthetic,2025-02-17T00:00:00+00:00
fa05b806-e284-4cda-be55-728d94e69cb9,Auto shipment 2669,1c21be0f-7a41-4fd2-98f6-829a3308a50a,2024-12-27T00:00:00+00:00,2024-12-30T14:23:00+00:00,255,shipped,CUST-8906,synthetic,2024-12-29T00:00:00+00:00
b3e0aa10-a557-4db6-a17e-621ab86932ff,Auto shipment 2670,1c21be0f-7a41-4fd2-98f6-829a3308a50a,2025-06-05T00:00:00+00:00,2025-06-09T20:47:00+00:00,144,shipped,CUST-4170,synthetic,2025-06-08T00:00:00+00:00
08a3f1c8-44fa-4165-98fd-045e52f42b42,Auto shipment 2671,78b74b5c-e459-4f23-b196-79e2b104375d,2024-11-26T00:00:00+00:00,2024-11-27T21:24:00+00:00,297,shipped,CUST-3139,synthetic,2024-11-26T00:00:00+00:00
4f718b10-9d6f-49a6-8acd-7779b6850693,Auto shipment 2672,68db2e0c-1613-41ae-a22c-4959cbb08fe6,2025-07-05T00:00:00+00:00,2025-07-09T12:58:00+00:00,206,shipped,CUST-2584,synthetic,2025-07-08T00:00:00+00:00
29b8cdfb-b2b3-4443-81f7-a01c9e0f6a7a,Auto shipment 2673,68db2e0c-1613-41ae-a22c-4959cbb08fe6,2025-06-24T00:00:00+00:00,2025-06-25T12:54:00+00:00,270,shipped,CUST-3247,synthetic,2025-06-24T00:00:00+00:00
58093bd9-671e-40ff-835b-78f2020fdb8e,Auto shipment 2674,68db2e0c-1613-41ae-a22c-4959cbb08fe6,2025-01-21T00:00:00+00:00,2025-01-21T09:18:00+00:00,374,shipped,CUST-3080,synthetic,2025-01-20T00:00:00+00:00
18d46656-c1bb-427e-a491-9407594d062d,Auto shipment 2675,78b74b5c-e459-4f23-b196-79e2b104375d,2025-09-30T00:00:00+00:00,2025-10-04T22:09:00+00:00,235,shipped,CUST-1782,synthetic,2025-10-03T00:00:00+00:00
2a1e15cb-618a-4e77-8f7c-95e7b1a14f38,Auto shipment 2676,68db2e0c-1613-41ae-a22c-4959cbb08fe6,2024-12-04T00:00:00+00:00,2024-12-05T07:14:00+00:00,212,shipped,CUST-2088,synthetic,2024-12-04T00:00:00+00:00
7a0764a4-3f95-446e-8867-1e97ecf78300,Auto shipment 2677,68db2e0c-1613-41ae-a22c-4959cbb08fe6,2025-05-21T00:00:00+00:00,2025-05-25T02:06:00+00:00,495,shipped,CUST-2691,synthetic,2025-05-24T00:00:00+00:00
7e837a78-7477-4e1b-8550-af61ac7e709f,Auto shipment 2678,1c21be0f-7a41-4fd2-98f6-829a3308a50a,2025-10-03T00:00:00+00:00,2025-10-07T01:04:00+00:00,444,shipped,CUST-8050,synthetic,2025-10-06T00:00:00+00:00
ad37b5c9-8220-47c0-9fc3-1fcb1c1baf9a,Auto shipment 2679,68db2e0c-1613-41ae-a22c-4959cbb08fe6,2025-09-16T00:00:00+00:00,2025-09-17T00:30:00+00:00,302,shipped,CUST-3203,synthetic,2025-09-16T00:00:00+00:00
92c1b5fd-c9f1-40e6-b7c9-314b8e017a69,Auto shipment 2680,1c21be0f-7a41-4fd2-98f6-829a3308a50a,2025-09-04T00:00:00+00:00,2025-09-05T15:25:00+00:00,213,shipped,CUST-2363,synthetic,2025-09-04T00:00:00+00:00
3081df1b-57f1-4b17-8099-9b191a300f40,Auto shipment 2681,1c21be0f-7a41-4fd2-98f6-829a3308a50a,2024-11-10T00:00:00+00:00,2024-11-14T12:09:00+00:00,420,shipped,CUST-3437,synthetic,2024-11-13T00:00:00+00:00
5233d890-5115-444e-8dff-f51deff63e64,Auto shipment 2682,1c21be0f-7a41-4fd2-98f6-829a3308a50a,2025-10-09T00:00:00+00:00,2025-10-10T21:42:00+00:00,222,shipped,CUST-2115,synthetic,2025-10-09T00:00:00+00:00
d8f0d301-cac6-4fa8-88f6-d171f5b865bc,Auto shipment 2683,78b74b5c-e459-4f23-b196-79e2b104375d,2025-06-19T00:00:00+00:00,2025-06-22T15:38:00+00:00,229,shipped,CUST-7725,synthetic,2025-06-21T00:00:00+00:00
dffa0abd-1f63-422c-95f3-24f5a05f50ec,Auto shipment 2684,78b74b5c-e459-4f23-b196-79e2b104375d,2025-10-02T00:00:00+00:00,2025-10-05T01:46:00+00:00,181,shipped,CUST-2951,synthetic,2025-10-04T00:00:00+00:00
869d33de-1630-466d-a3b6-c46441e6b9d6,Auto shipment 2685,68db2e0c-1613-41ae-a22c-4959cbb08fe6,2025-03-16T00:00:00+00:00,2025-03-16T20:18:00+00:00,231,shipped,CUST-9019,synthetic,2025-03-15T00:00:00+00:00
e2cbc233-ce07-4c9f-b5bf-8fb2542705d2,Auto shipment 2686,68db2e0c-1613-41ae-a22c-4959cbb08fe6,2025-03-17T00:00:00+00:00,2025-03-17T08:17:00+00:00,293,shipped,CUST-6597,synthetic,2025-03-16T00:00:00+00:00
068f73ef-6914-49a3-a259-053332fc045f,Auto shipment 2687,1c21be0f-7a41-4fd2-98f6-829a3308a50a,2025-06-14T00:00:00+00:00,2025-06-14T05:04:00+00:00,156,shipped,CUST-3010,synthetic,2025-06-13T00:00:00+00:00
5059869e-7889-4fec-b480-2bec0207264a,Auto shipment 2688,78b74b5c-e459-4f23-b196-79e2b104375d,2025-02-16T00:00:00+00:00,2025-02-17T18:14:00+00:00,341,shipped,CUST-8153,synthetic,2025-02-16T00:00:00+00:00
580de3ad-2032-4e92-a842-164d36f27585,Auto shipment 2689,78b74b5c-e459-4f23-b196-79e2b104375d,2025-09-02T00:00:00+00:00,2025-09-03T01:44:00+00:00,182,shipped,CUST-6098,synthetic,2025-09-02T00:00:00+00:00
2b58e7c5-32b4-45c0-908c-c7fc7174936e,Auto shipment 2690,68db2e0c-1613-41ae-a22c-4959cbb08fe6,2025-09-23T00:00:00+00:00,2025-09-24T03:48:00+00:00,230,shipped,CUST-9282,synthetic,2025-09-23T00:00:00+00:00
0a05ba86-6475-4293-8008-b59e4dd6c0d9,Auto shipment 2691,1c21be0f-7a41-4fd2-98f6-829a3308a50a,2024-11-30T00:00:00+00:00,2024-12-02T10:23:00+00:00,283,shipped,CUST-5305,synthetic,2024-12-01T00:00:00+00:00
ff883c65-8eb4-4a19-9e71-bca31a12939b,Auto shipment 2692,68db2e0c-1613-41ae-a22c-4959cbb08fe6,2025-06-17T00:00:00+00:00,2025-06-19T12:58:00+00:00,232,shipped,CUST-2172,synthetic,2025-06-18T00:00:00+00:00
37771fbd-e7e5-4039-84be-78466086c201,Auto shipment 2693,78b74b5c-e459-4f23-b196-79e2b104375d,2025-01-06T00:00:00+00:00,2025-01-09T08:04:00+00:00,439,shipped,CUST-3145,synthetic,2025-01-08T00:00:00+00:00
3581a977-e26e-41cb-a62b-698d79926e53,Auto shipment 2694,68db2e0c-1613-41ae-a22c-4959cbb08fe6,2025-01-28T00:00:00+00:00,2025-01-31T04:18:00+00:00,405,shipped,CUST-4885,synthetic,2025-01-30T00:00:00+00:00
f027093e-c64a-452c-ae54-13903a73805e,Auto shipment 2695,1c21be0f-7a41-4fd2-98f6-829a3308a50a,2025-03-28T00:00:00+00:00,2025-03-29T03:22:00+00:00,157,shipped,CUST-4593,synthetic,2025-03-28T00:00:00+00:00
3f6bf9e0-23df-45ee-86a8-5a02a06e02b4,Auto shipment 2696,68db2e0c-1613-41ae-a22c-4959cbb08fe6,2025-09-14T00:00:00+00:00,2025-09-15T20:37:00+00:00,153,shipped,CUST-2670,synthetic,2025-09-14T00:00:00+00:00
c5566e0f-fe9c-43d7-8d4c-7c01722a2cae,Auto shipment 2697,78b74b5c-e459-4f23-b196-79e2b104375d,2025-08-09T00:00:00+00:00,2025-08-13T06:09:00+00:00,399,shipped,CUST-4197,synthetic,2025-08-12T00:00:00+00:00
9be85d04-3119-4e62-8027-8b9bf43d460c,Auto shipment 2698,78b74b5c-e459-4f23-b196-79e2b104375d,2024-12-24T00:00:00+00:00,2024-12-24T10:05:00+00:00,238,shipped,CUST-5901,synthetic,2024-12-23T00:00:00+00:00
735cde5f-a493-4817-9bd6-76de93237358,Auto shipment 2699,1c21be0f-7a41-4fd2-98f6-829a3308a50a,2025-06-05T00:00:00+00:00,2025-06-09T15:53:00+00:00,388,shipped,CUST-3310,synthetic,2025-06-08T00:00:00+00:00
12a69d69-f6c3-406f-b97d-76194e2052b6,Auto shipment 2700,1c21be0f-7a41-4fd2-98f6-829a3308a50a,2025-04-24T00:00:00+00:00,2025-04-28T22:32:00+00:00,253,shipped,CUST-2498,synthetic,2025-04-27T00:00:00+00:00
5cc9126d-be98-4a09-a139-02ea0b90e32c,Auto shipment 2701,68db2e0c-1613-41ae-a22c-4959cbb08fe6,2025-08-26T00:00:00+00:00,2025-08-30T01:40:00+00:00,219,shipped,CUST-7087,synthetic,2025-08-29T00:00:00+00:00
7873d6e0-ce2c-4d50-b338-65f277b431e6,Auto shipment 2702,1c21be0f-7a41-4fd2-98f6-829a3308a50a,2025-04-21T00:00:00+00:00,2025-04-23T06:46:00+00:00,301,shipped,CUST-9913,synthetic,2025-04-22T00:00:00+00:00
3288d4d7-a1cf-4aeb-ab3d-3522148ed839,Auto shipment 2703,78b74b5c-e459-4f23-b196-79e2b104375d,2025-04-10T00:00:00+00:00,2025-04-12T14:17:00+00:00,247,shipped,CUST-2332,synthetic,2025-04-11T00:00:00+00:00
d0625ea1-c3da-4e35-8745-b346b300dd04,Auto shipment 2704,68db2e0c-1613-41ae-a22c-4959cbb08fe6,2025-07-03T00:00:00+00:00,2025-07-07T03:56:00+00:00,252,shipped,CUST-3616,synthetic,2025-07-06T00:00:00+00:00
39ed1427-bede-485a-b2bd-1067ef40bade,Auto shipment 2705,68db2e0c-1613-41ae-a22c-4959cbb08fe6,2025-02-05T00:00:00+00:00,2025-02-08T02:53:00+00:00,178,shipped,CUST-6611,synthetic,2025-02-07T00:00:00+00:00
efbfbcf7-0fdb-4ee2-aaa3-ed909d63aa4b,Auto shipment 2706,68db2e0c-1613-41ae-a22c-4959cbb08fe6,2025-06-18T00:00:00+00:00,2025-06-22T20:37:00+00:00,409,shipped,CUST-5777,synthetic,2025-06-21T00:00:00+00:00
7c9f7a3f-1f82-40b7-a6f5-a859393adf77,Auto shipment 2707,68db2e0c-1613-41ae-a22c-4959cbb08fe6,2025-06-04T00:00:00+00:00,2025-06-07T09:52:00+00:00,482,shipped,CUST-7917,synthetic,2025-06-06T00:00:00+00:00
425774c3-06f2-4c91-a680-e9a795de6462,Auto shipment 2708,78b74b5c-e459-4f23-b196-79e2b104375d,2025-09-13T00:00:00+00:00,2025-09-15T11:28:00+00:00,440,shipped,CUST-6073,synthetic,2025-09-14T00:00:00+00:00
ce840bb1-da81-4b60-936b-b4f9fadba232,Auto shipment 2709,1c21be0f-7a41-4fd2-98f6-829a3308a50a,2025-08-27T00:00:00+00:00,2025-08-30T01:32:00+00:00,386,shipped,CUST-5038,synthetic,2025-08-29T00:00:00+00:00
2d9e9a17-8a04-4a6d-8a1b-4c9361888d0c,Auto shipment 2710,78b74b5c-e459-4f23-b196-79e2b104375d,2025-07-02T00:00:00+00:00,2025-07-04T12:58:00+00:00,189,shipped,CUST-6402,synthetic,2025-07-03T00:00:00+00:00
ad23e41e-fdd3-47bf-a0a2-9393c5f6098b,Auto shipment 2711,1c21be0f-7a41-4fd2-98f6-829a3308a50a,2025-05-05T00:00:00+00:00,2025-05-06T07:37:00+00:00,263,shipped,CUST-3895,synthetic,2025-05-05T00:00:00+00:00
cede7263-3bfe-4e64-9b9f-4aa35963dc78,Auto shipment 2712,68db2e0c-1613-41ae-a22c-4959cbb08fe6,2025-10-26T00:00:00+00:00,2025-10-26T01:42:00+00:00,106,shipped,CUST-9060,synthetic,2025-10-25T00:00:00+00:00
49bb22fe-bd20-4773-b18e-3309d7d26167,Auto shipment 2713,1c21be0f-7a41-4fd2-98f6-829a3308a50a,2025-09-04T00:00:00+00:00,2025-09-05T00:35:00+00:00,301,shipped,CUST-7560,synthetic,2025-09-04T00:00:00+00:00
57dacd1a-9e0e-4fd2-90e2-af9a99bf54e4,Auto shipment 2714,68db2e0c-1613-41ae-a22c-4959cbb08fe6,2025-06-13T00:00:00+00:00,2025-06-17T14:33:00+00:00,285,shipped,CUST-3033,synthetic,2025-06-16T00:00:00+00:00
48c024e5-d257-41c5-9854-32ac302b8832,Auto shipment 2715,78b74b5c-e459-4f23-b196-79e2b104375d,2025-02-14T00:00:00+00:00,2025-02-16T06:38:00+00:00,146,shipped,CUST-4550,synthetic,2025-02-15T00:00:00+00:00
a59d01ac-43c6-472b-a8e4-1ea162f1c079,Auto shipment 2716,78b74b5c-e459-4f23-b196-79e2b104375d,2025-01-27T00:00:00+00:00,2025-01-28T17:01:00+00:00,213,shipped,CUST-1890,synthetic,2025-01-27T00:00:00+00:00
67fb6c94-de35-46cb-8dc2-3fe6f21c664a,Auto shipment 2717,78b74b5c-e459-4f23-b196-79e2b104375d,2025-04-09T00:00:00+00:00,2025-04-12T10:01:00+00:00,341,shipped,CUST-5702,synthetic,2025-04-11T00:00:00+00:00
af5c7eb8-116c-4291-8e76-64adf52026ba,Auto shipment 2718,1c21be0f-7a41-4fd2-98f6-829a3308a50a,2025-08-25T00:00:00+00:00,2025-08-28T15:58:00+00:00,389,shipped,CUST-2289,synthetic,2025-08-27T00:00:00+00:00
fff4e3c4-b10e-449e-9d0f-a7e84ef07e35,Auto shipment 2719,78b74b5c-e459-4f23-b196-79e2b104375d,2025-08-22T00:00:00+00:00,2025-08-25T07:42:00+00:00,527,shipped,CUST-2118,synthetic,2025-08-24T00:00:00+00:00
67cfa581-c0cc-434a-aed6-2834cd2642fe,Auto shipment 2720,68db2e0c-1613-41ae-a22c-4959cbb08fe6,2024-12-23T00:00:00+00:00,2024-12-26T17:58:00+00:00,309,shipped,CUST-7745,synthetic,2024-12-25T00:00:00+00:00
36343dcd-1a09-4edd-b137-8d74d0be6eef,Auto shipment 2721,1c21be0f-7a41-4fd2-98f6-829a3308a50a,2025-08-15T00:00:00+00:00,2025-08-19T18:40:00+00:00,385,shipped,CUST-2740,synthetic,2025-08-18T00:00:00+00:00
ba37e8e4-5770-4655-bf8b-14103e92847a,Auto shipment 2722,78b74b5c-e459-4f23-b196-79e2b104375d,2025-06-08T00:00:00+00:00,2025-06-12T17:06:00+00:00,204,shipped,CUST-8932,synthetic,2025-06-11T00:00:00+00:00
1227b68f-1de4-4314-a5c7-639106112896,Auto shipment 2723,68db2e0c-1613-41ae-a22c-4959cbb08fe6,2025-04-23T00:00:00+00:00,2025-04-23T06:05:00+00:00,562,shipped,CUST-6618,synthetic,2025-04-22T00:00:00+00:00
f14d0c7a-e822-46df-a645-e32902c4fbe8,Auto shipment 2724,68db2e0c-1613-41ae-a22c-4959cbb08fe6,2025-02-04T00:00:00+00:00,2025-02-07T11:51:00+00:00,393,shipped,CUST-2822,synthetic,2025-02-06T00:00:00+00:00
e482f885-f7a2-4f72-afb9-e8b4467beac0,Auto shipment 2725,68db2e0c-1613-41ae-a22c-4959cbb08fe6,2025-09-19T00:00:00+00:00,2025-09-21T17:22:00+00:00,80,shipped,CUST-7033,synthetic,2025-09-20T00:00:00+00:00
719d4b49-839b-47b8-ad8d-3d9c74b2388d,Auto shipment 2726,78b74b5c-e459-4f23-b196-79e2b104375d,2025-08-16T00:00:00+00:00,2025-08-18T06:39:00+00:00,404,shipped,CUST-1853,synthetic,2025-08-17T00:00:00+00:00
6e24dc67-7a29-474a-9be5-673b061658c1,Auto shipment 2727,1c21be0f-7a41-4fd2-98f6-829a3308a50a,2025-09-09T00:00:00+00:00,2025-09-11T20:41:00+00:00,168,shipped,CUST-4592,synthetic,2025-09-10T00:00:00+00:00
abd13446-f985-4d19-841e-d638ee206ad0,Auto shipment 2728,1c21be0f-7a41-4fd2-98f6-829a3308a50a,2025-01-14T00:00:00+00:00,2025-01-14T10:55:00+00:00,207,shipped,CUST-3847,synthetic,2025-01-13T00:00:00+00:00
d8c7cd20-bb1a-467d-90e0-5c970c8866f8,Auto shipment 2729,78b74b5c-e459-4f23-b196-79e2b104375d,2025-02-21T00:00:00+00:00,2025-02-23T20:33:00+00:00,463,shipped,CUST-3483,synthetic,2025-02-22T00:00:00+00:00
0d11a2e8-214a-41ad-aff6-7dab4cdad26a,Auto shipment 2730,68db2e0c-1613-41ae-a22c-4959cbb08fe6,2024-11-10T00:00:00+00:00,2024-11-11T15:21:00+00:00,333,shipped,CUST-7147,synthetic,2024-11-10T00:00:00+00:00
2c1688ca-d476-4dda-9dd3-bba1e6562c0a,Auto shipment 2731,78b74b5c-e459-4f23-b196-79e2b104375d,2025-03-08T00:00:00+00:00,2025-03-12T13:06:00+00:00,310,shipped,CUST-1374,synthetic,2025-03-11T00:00:00+00:00
52f3f7c2-b82a-4fa8-8b7e-b6ada8c31eb9,Auto shipment 2732,78b74b5c-e459-4f23-b196-79e2b104375d,2025-10-30T00:00:00+00:00,2025-10-30T22:19:00+00:00,248,shipped,CUST-7138,synthetic,2025-10-29T00:00:00+00:00
2c44f0c2-eb5d-4e55-a497-86a4737f8efe,Auto shipment 2733,68db2e0c-1613-41ae-a22c-4959cbb08fe6,2025-02-14T00:00:00+00:00,2025-02-17T17:54:00+00:00,524,shipped,CUST-2516,synthetic,2025-02-16T00:00:00+00:00
6a7f21f8-86ed-4e14-a97f-55c8faf68ba1,Auto shipment 2734,78b74b5c-e459-4f23-b196-79e2b104375d,2025-04-14T00:00:00+00:00,2025-04-17T19:43:00+00:00,252,shipped,CUST-3030,synthetic,2025-04-16T00:00:00+00:00
a77c1c94-031a-4bfd-9640-5c50524dcbe4,Auto shipment 2735,68db2e0c-1613-41ae-a22c-4959cbb08fe6,2025-02-25T00:00:00+00:00,2025-03-01T18:39:00+00:00,369,shipped,CUST-3571,synthetic,2025-02-28T00:00:00+00:00
f8c3e199-2a5e-4924-b4e2-337a9fe926dc,Auto shipment 2736,1c21be0f-7a41-4fd2-98f6-829a3308a50a,2025-05-17T00:00:00+00:00,2025-05-21T13:16:00+00:00,395,shipped,CUST-5273,synthetic,2025-05-20T00:00:00+00:00
ebde4a0f-7b1d-4906-a6ca-aeaa824bf488,Auto shipment 2737,78b74b5c-e459-4f23-b196-79e2b104375d,2025-02-28T00:00:00+00:00,2025-03-04T05:39:00+00:00,372,shipped,CUST-9919,synthetic,2025-03-03T00:00:00+00:00
9581b895-b370-4d41-a771-a4b3c73702eb,Auto shipment 2738,68db2e0c-1613-41ae-a22c-4959cbb08fe6,2025-10-05T00:00:00+00:00,2025-10-07T11:25:00+00:00,380,shipped,CUST-4734,synthetic,2025-10-06T00:00:00+00:00
73fd5ebf-839c-4ad0-b25d-1322a5e0c725,Auto shipment 2739,68db2e0c-1613-41ae-a22c-4959cbb08fe6,2025-07-03T00:00:00+00:00,2025-07-05T15:45:00+00:00,131,shipped,CUST-1013,synthetic,2025-07-04T00:00:00+00:00
6c827350-d91b-401c-82db-fab60de24095,Auto shipment 2740,68db2e0c-1613-41ae-a22c-4959cbb08fe6,2025-10-29T00:00:00+00:00,2025-10-30T00:16:00+00:00,193,shipped,CUST-7187,synthetic,2025-10-29T00:00:00+00:00
9eded702-3b85-45c3-9b4d-9cd4c68722d2,Auto shipment 2741,1c21be0f-7a41-4fd2-98f6-829a3308a50a,2025-06-10T00:00:00+00:00,2025-06-12T05:28:00+00:00,345,shipped,CUST-3529,synthetic,2025-06-11T00:00:00+00:00
e84e32e9-d8ad-4b74-b6f6-eb8bee1f6a2e,Auto shipment 2742,1c21be0f-7a41-4fd2-98f6-829a3308a50a,2025-08-06T00:00:00+00:00,2025-08-09T19:09:00+00:00,166,shipped,CUST-8774,synthetic,2025-08-08T00:00:00+00:00
7bf6e765-6fc5-4554-a919-68c29edb31d5,Auto shipment 2743,78b74b5c-e459-4f23-b196-79e2b104375d,2025-03-17T00:00:00+00:00,2025-03-18T03:04:00+00:00,172,shipped,CUST-4695,synthetic,2025-03-17T00:00:00+00:00
e0ff07b7-9aa1-451e-ae23-2cb9d1941d3a,Auto shipment 2744,68db2e0c-1613-41ae-a22c-4959cbb08fe6,2025-06-15T00:00:00+00:00,2025-06-18T06:33:00+00:00,423,shipped,CUST-2923,synthetic,2025-06-17T00:00:00+00:00
8ed439b0-8840-473b-b7fb-a2786a758ae9,Auto shipment 2745,68db2e0c-1613-41ae-a22c-4959cbb08fe6,2025-10-07T00:00:00+00:00,2025-10-09T07:29:00+00:00,423,shipped,CUST-9359,synthetic,2025-10-08T00:00:00+00:00
3c6c7448-4638-41cb-85bc-0f015e85b057,Auto shipment 2746,1c21be0f-7a41-4fd2-98f6-829a3308a50a,2025-07-04T00:00:00+00:00,2025-07-04T09:35:00+00:00,294,shipped,CUST-7014,synthetic,2025-07-03T00:00:00+00:00
5dd363b6-9741-4298-8522-235118d85b82,Auto shipment 2747,68db2e0c-1613-41ae-a22c-4959cbb08fe6,2025-04-30T00:00:00+00:00,2025-05-03T07:56:00+00:00,146,shipped,CUST-8743,synthetic,2025-05-02T00:00:00+00:00
090d0f97-cdca-486b-ac6f-90cd36750419,Auto shipment 2748,68db2e0c-1613-41ae-a22c-4959cbb08fe6,2024-11-20T00:00:00+00:00,2024-11-20T21:43:00+00:00,388,shipped,CUST-2124,synthetic,2024-11-19T00:00:00+00:00
7e86d4a2-87da-4a1b-b407-4fea6132b999,Auto shipment 2749,78b74b5c-e459-4f23-b196-79e2b104375d,2025-06-18T00:00:00+00:00,2025-06-19T08:49:00+00:00,404,shipped,CUST-5085,synthetic,2025-06-18T00:00:00+00:00
e61aefdd-a947-43d5-9b9b-0220a784090c,Auto shipment 2750,1c21be0f-7a41-4fd2-98f6-829a3308a50a,2025-10-08T00:00:00+00:00,2025-10-09T02:20:00+00:00,353,shipped,CUST-5002,synthetic,2025-10-08T00:00:00+00:00
4ad1516d-4bba-4bf4-8cdf-67aee7512012,Auto shipment 2751,1c21be0f-7a41-4fd2-98f6-829a3308a50a,2024-11-11T00:00:00+00:00,2024-11-11T11:50:00+00:00,439,shipped,CUST-5384,synthetic,2024-11-10T00:00:00+00:00
fdbb41ca-ecdc-4e66-a859-ddfa16930771,Auto shipment 2752,1c21be0f-7a41-4fd2-98f6-829a3308a50a,2024-12-26T00:00:00+00:00,2024-12-28T20:04:00+00:00,454,shipped,CUST-6790,synthetic,2024-12-27T00:00:00+00:00
43173faa-f1a6-48a5-97db-e398021226bf,Auto shipment 2753,1c21be0f-7a41-4fd2-98f6-829a3308a50a,2024-11-24T00:00:00+00:00,2024-11-27T09:22:00+00:00,343,shipped,CUST-1591,synthetic,2024-11-26T00:00:00+00:00
025158c5-810a-4622-ad3f-24d58dfa938e,Auto shipment 2754,1c21be0f-7a41-4fd2-98f6-829a3308a50a,2025-01-23T00:00:00+00:00,2025-01-27T14:16:00+00:00,282,shipped,CUST-8118,synthetic,2025-01-26T00:00:00+00:00
4cacba24-6321-43e3-a3d2-9099b165f0b6,Auto shipment 2755,68db2e0c-1613-41ae-a22c-4959cbb08fe6,2025-09-08T00:00:00+00:00,2025-09-10T22:23:00+00:00,449,shipped,CUST-1166,synthetic,2025-09-09T00:00:00+00:00
613464d8-899f-4038-ad94-8698dd2babe1,Auto shipment 2756,68db2e0c-1613-41ae-a22c-4959cbb08fe6,2025-02-23T00:00:00+00:00,2025-02-25T09:52:00+00:00,405,shipped,CUST-7672,synthetic,2025-02-24T00:00:00+00:00
a6daf8d9-55c3-460a-b2e0-29632730f7ab,Auto shipment 2757,78b74b5c-e459-4f23-b196-79e2b104375d,2025-05-24T00:00:00+00:00,2025-05-24T17:37:00+00:00,291,shipped,CUST-1233,synthetic,2025-05-23T00:00:00+00:00
5f7ef421-0c1b-4579-acd3-25fe3fee130a,Auto shipment 2758,78b74b5c-e459-4f23-b196-79e2b104375d,2024-12-05T00:00:00+00:00,2024-12-05T13:37:00+00:00,411,shipped,CUST-9770,synthetic,2024-12-04T00:00:00+00:00
d206489a-9b25-4a3d-8726-bfbcbee498e7,Auto shipment 2759,1c21be0f-7a41-4fd2-98f6-829a3308a50a,2025-05-01T00:00:00+00:00,2025-05-02T22:26:00+00:00,352,shipped,CUST-2388,synthetic,2025-05-01T00:00:00+00:00
71c5684c-8070-4a2a-ab24-69c0e37b7a66,Auto shipment 2760,78b74b5c-e459-4f23-b196-79e2b104375d,2025-09-10T00:00:00+00:00,2025-09-14T11:52:00+00:00,358,shipped,CUST-1460,synthetic,2025-09-13T00:00:00+00:00
28481d9c-e20b-4df6-9641-88de18597960,Auto shipment 2761,1c21be0f-7a41-4fd2-98f6-829a3308a50a,2024-12-12T00:00:00+00:00,2024-12-14T15:12:00+00:00,345,shipped,CUST-2833,synthetic,2024-12-13T00:00:00+00:00
800ee0d0-9984-476d-952e-9d2f16b2004a,Auto shipment 2762,68db2e0c-1613-41ae-a22c-4959cbb08fe6,2025-07-10T00:00:00+00:00,2025-07-14T08:44:00+00:00,341,shipped,CUST-6471,synthetic,2025-07-13T00:00:00+00:00
e2ebd32a-9d0e-4d0b-8af7-f969546c6de7,Auto shipment 2763,68db2e0c-1613-41ae-a22c-4959cbb08fe6,2024-12-07T00:00:00+00:00,2024-12-08T14:44:00+00:00,424,shipped,CUST-2515,synthetic,2024-12-07T00:00:00+00:00
79c995d1-1556-48fd-ac8a-3c58b54bb2c8,Auto shipment 2764,68db2e0c-1613-41ae-a22c-4959cbb08fe6,2025-02-03T00:00:00+00:00,2025-02-05T22:27:00+00:00,432,shipped,CUST-5513,synthetic,2025-02-04T00:00:00+00:00
6993d92d-3780-4fd1-af71-7f9e19d141fe,Auto shipment 2765,1c21be0f-7a41-4fd2-98f6-829a3308a50a,2025-01-23T00:00:00+00:00,2025-01-24T12:42:00+00:00,318,shipped,CUST-8594,synthetic,2025-01-23T00:00:00+00:00
ece156d0-1657-4c0a-8460-6ed66860d278,Auto shipment 2766,1c21be0f-7a41-4fd2-98f6-829a3308a50a,2025-06-16T00:00:00+00:00,2025-06-17T02:08:00+00:00,116,shipped,CUST-4632,synthetic,2025-06-16T00:00:00+00:00
67148195-fc45-4b4f-acce-3aa744c89c39,Auto shipment 2767,78b74b5c-e459-4f23-b196-79e2b104375d,2024-11-13T00:00:00+00:00,2024-11-17T08:42:00+00:00,413,shipped,CUST-6681,synthetic,2024-11-16T00:00:00+00:00
0c9a7652-e52f-41c3-8257-12a2a600c5c2,Auto shipment 2768,78b74b5c-e459-4f23-b196-79e2b104375d,2025-09-29T00:00:00+00:00,2025-09-29T14:33:00+00:00,329,shipped,CUST-6479,synthetic,2025-09-28T00:00:00+00:00
112ebcac-becd-4706-9cd1-1ba0b45038b0,Auto shipment 2769,78b74b5c-e459-4f23-b196-79e2b104375d,2024-12-23T00:00:00+00:00,2024-12-27T16:49:00+00:00,103,shipped,CUST-7464,synthetic,2024-12-26T00:00:00+00:00
569a3b56-295a-4a5d-8977-e9dc84790037,Auto shipment 2770,1c21be0f-7a41-4fd2-98f6-829a3308a50a,2025-10-02T00:00:00+00:00,2025-10-02T11:20:00+00:00,421,shipped,CUST-9405,synthetic,2025-10-01T00:00:00+00:00
b4139115-5c0d-4f03-9eb8-1f1e1bf11948,Auto shipment 2771,78b74b5c-e459-4f23-b196-79e2b104375d,2025-02-03T00:00:00+00:00,2025-02-06T07:45:00+00:00,177,shipped,CUST-2149,synthetic,2025-02-05T00:00:00+00:00
05fce8ea-59aa-4a60-add2-afed8d50ddfb,Auto shipment 2772,68db2e0c-1613-41ae-a22c-4959cbb08fe6,2025-01-25T00:00:00+00:00,2025-01-29T06:00:00+00:00,370,shipped,CUST-7871,synthetic,2025-01-28T00:00:00+00:00
1d0724d6-fdab-47c6-90cc-0487516b027e,Auto shipment 2773,78b74b5c-e459-4f23-b196-79e2b104375d,2025-03-27T00:00:00+00:00,2025-03-28T10:50:00+00:00,429,shipped,CUST-1972,synthetic,2025-03-27T00:00:00+00:00
9660380f-e13b-4ba2-aba0-fa1371951cc5,Auto shipment 2774,68db2e0c-1613-41ae-a22c-4959cbb08fe6,2025-01-26T00:00:00+00:00,2025-01-28T13:27:00+00:00,370,shipped,CUST-8401,synthetic,2025-01-27T00:00:00+00:00
235191b3-2cdf-4a25-ae21-ae4556b4eafa,Auto shipment 2775,68db2e0c-1613-41ae-a22c-4959cbb08fe6,2025-10-21T00:00:00+00:00,2025-10-21T19:47:00+00:00,439,shipped,CUST-9389,synthetic,2025-10-20T00:00:00+00:00
792c1ef6-f923-4082-972a-1eaec132eeb3,Auto shipment 2776,1c21be0f-7a41-4fd2-98f6-829a3308a50a,2025-07-02T00:00:00+00:00,2025-07-03T19:37:00+00:00,437,shipped,CUST-3746,synthetic,2025-07-02T00:00:00+00:00
70634b0e-7cb6-41e0-887d-de8529f7ec4b,Auto shipment 2777,68db2e0c-1613-41ae-a22c-4959cbb08fe6,2025-02-17T00:00:00+00:00,2025-02-21T16:11:00+00:00,421,shipped,CUST-7799,synthetic,2025-02-20T00:00:00+00:00
150b42de-9960-4f54-89ed-d5e88a68d2a9,Auto shipment 2778,68db2e0c-1613-41ae-a22c-4959cbb08fe6,2024-12-13T00:00:00+00:00,2024-12-16T12:43:00+00:00,72,shipped,CUST-1746,synthetic,2024-12-15T00:00:00+00:00
bb4ab87e-d9bb-4ccc-b365-470f0a7fe941,Auto shipment 2779,68db2e0c-1613-41ae-a22c-4959cbb08fe6,2025-07-31T00:00:00+00:00,2025-08-02T22:31:00+00:00,149,shipped,CUST-7866,synthetic,2025-08-01T00:00:00+00:00
661d0672-4a25-4502-b7f1-76fc2f9aad17,Auto shipment 2780,78b74b5c-e459-4f23-b196-79e2b104375d,2025-06-01T00:00:00+00:00,2025-06-01T07:32:00+00:00,394,shipped,CUST-9629,synthetic,2025-05-31T00:00:00+00:00
30759282-1e5c-4441-a420-99bfee03e986,Auto shipment 2781,1c21be0f-7a41-4fd2-98f6-829a3308a50a,2025-08-02T00:00:00+00:00,2025-08-06T16:08:00+00:00,234,shipped,CUST-3668,synthetic,2025-08-05T00:00:00+00:00
666e13ab-9623-4d2c-9c19-bc1a1196b824,Auto shipment 2782,68db2e0c-1613-41ae-a22c-4959cbb08fe6,2025-03-21T00:00:00+00:00,2025-03-21T21:34:00+00:00,199,shipped,CUST-8757,synthetic,2025-03-20T00:00:00+00:00
00b8e9d3-bf5b-4df2-a106-9b28eff6c968,Auto shipment 2783,68db2e0c-1613-41ae-a22c-4959cbb08fe6,2024-11-11T00:00:00+00:00,2024-11-12T04:52:00+00:00,182,shipped,CUST-5922,synthetic,2024-11-11T00:00:00+00:00
164fa22b-f956-453d-999c-945d48e939e2,Auto shipment 2784,68db2e0c-1613-41ae-a22c-4959cbb08fe6,2025-09-07T00:00:00+00:00,2025-09-09T14:19:00+00:00,222,shipped,CUST-6727,synthetic,2025-09-08T00:00:00+00:00
13a01702-b79b-4fd6-a1ee-266ecdbcf214,Auto shipment 2785,68db2e0c-1613-41ae-a22c-4959cbb08fe6,2025-08-11T00:00:00+00:00,2025-08-15T09:46:00+00:00,142,shipped,CUST-4342,synthetic,2025-08-14T00:00:00+00:00
8ed30be6-6d6a-4ee1-9467-86fcc416e496,Auto shipment 2786,78b74b5c-e459-4f23-b196-79e2b104375d,2025-02-15T00:00:00+00:00,2025-02-19T09:29:00+00:00,227,shipped,CUST-5802,synthetic,2025-02-18T00:00:00+00:00
b06feb2f-27ff-465d-95c1-75e385b95716,Auto shipment 2787,1c21be0f-7a41-4fd2-98f6-829a3308a50a,2025-03-03T00:00:00+00:00,2025-03-06T13:28:00+00:00,205,shipped,CUST-7418,synthetic,2025-03-05T00:00:00+00:00
0d30834d-c383-46bc-a6ff-139fa17986b1,Auto shipment 2788,1c21be0f-7a41-4fd2-98f6-829a3308a50a,2025-07-02T00:00:00+00:00,2025-07-04T01:06:00+00:00,343,shipped,CUST-3011,synthetic,2025-07-03T00:00:00+00:00
a9bdf325-c18c-4edd-8070-f43cea5765dc,Auto shipment 2789,68db2e0c-1613-41ae-a22c-4959cbb08fe6,2025-03-15T00:00:00+00:00,2025-03-17T15:05:00+00:00,322,shipped,CUST-2194,synthetic,2025-03-16T00:00:00+00:00
2a9ed4db-1597-4a19-a5ee-48cd9c0d375c,Auto shipment 2790,68db2e0c-1613-41ae-a22c-4959cbb08fe6,2025-03-27T00:00:00+00:00,2025-03-30T20:19:00+00:00,467,shipped,CUST-2209,synthetic,2025-03-29T00:00:00+00:00
80880b50-9ddb-48ef-9e20-d7c40355dda4,Auto shipment 2791,68db2e0c-1613-41ae-a22c-4959cbb08fe6,2025-10-22T00:00:00+00:00,2025-10-24T06:36:00+00:00,111,shipped,CUST-5704,synthetic,2025-10-23T00:00:00+00:00
61595686-0678-4aa0-bb4e-ff84d09c6363,Auto shipment 2792,68db2e0c-1613-41ae-a22c-4959cbb08fe6,2025-05-19T00:00:00+00:00,2025-05-22T08:07:00+00:00,230,shipped,CUST-5674,synthetic,2025-05-21T00:00:00+00:00
f6a1ed3d-b097-4a37-821d-e94ca5554469,Auto shipment 2793,1c21be0f-7a41-4fd2-98f6-829a3308a50a,2025-01-20T00:00:00+00:00,2025-01-23T04:29:00+00:00,340,shipped,CUST-5038,synthetic,2025-01-22T00:00:00+00:00
3fa4b27e-0e48-478b-8f37-cd6f55c5bda4,Auto shipment 2794,68db2e0c-1613-41ae-a22c-4959cbb08fe6,2025-06-16T00:00:00+00:00,2025-06-16T08:48:00+00:00,226,shipped,CUST-2871,synthetic,2025-06-15T00:00:00+00:00
72762238-31cf-419e-9ab8-c9bd2b7c89ac,Auto shipment 2795,68db2e0c-1613-41ae-a22c-4959cbb08fe6,2025-08-18T00:00:00+00:00,2025-08-20T02:29:00+00:00,134,shipped,CUST-9764,synthetic,2025-08-19T00:00:00+00:00
d0622c3e-f2e4-4cdf-a3ab-5d94c079e3c4,Auto shipment 2796,1c21be0f-7a41-4fd2-98f6-829a3308a50a,2024-11-15T00:00:00+00:00,2024-11-18T03:07:00+00:00,198,shipped,CUST-8199,synthetic,2024-11-17T00:00:00+00:00
0d23b2c1-52e0-4422-973a-74585a0cedd7,Auto shipment 2797,1c21be0f-7a41-4fd2-98f6-829a3308a50a,2025-10-23T00:00:00+00:00,2025-10-23T21:42:00+00:00,291,shipped,CUST-4571,synthetic,2025-10-22T00:00:00+00:00
e3db17c3-f05f-4551-8b0e-967d0b6bf78d,Auto shipment 2798,1c21be0f-7a41-4fd2-98f6-829a3308a50a,2025-02-25T00:00:00+00:00,2025-02-26T17:37:00+00:00,385,shipped,CUST-7838,synthetic,2025-02-25T00:00:00+00:00
aabcb7cd-579e-491f-b2dd-5a265ae0499c,Auto shipment 2799,68db2e0c-1613-41ae-a22c-4959cbb08fe6,2025-01-08T00:00:00+00:00,2025-01-09T18:22:00+00:00,448,shipped,CUST-2912,synthetic,2025-01-08T00:00:00+00:00
d1e6cd61-10f9-4f86-bca2-57fa18393a5b,Auto shipment 2800,78b74b5c-e459-4f23-b196-79e2b104375d,2025-01-16T00:00:00+00:00,2025-01-20T11:33:00+00:00,245,shipped,CUST-3167,synthetic,2025-01-19T00:00:00+00:00
34174448-9a86-4340-bc65-e774bea1da64,Auto shipment 2801,68db2e0c-1613-41ae-a22c-4959cbb08fe6,2025-10-09T00:00:00+00:00,2025-10-13T06:29:00+00:00,141,shipped,CUST-5269,synthetic,2025-10-12T00:00:00+00:00
6e0a2200-713e-4a2f-b574-87ceaa4d0110,Auto shipment 2802,1c21be0f-7a41-4fd2-98f6-829a3308a50a,2025-03-02T00:00:00+00:00,2025-03-03T17:00:00+00:00,99,shipped,CUST-3652,synthetic,2025-03-02T00:00:00+00:00
0218f3e0-0d20-47cd-8b68-df22d6dafcb4,Auto shipment 2803,1c21be0f-7a41-4fd2-98f6-829a3308a50a,2025-07-12T00:00:00+00:00,2025-07-14T06:03:00+00:00,187,shipped,CUST-5427,synthetic,2025-07-13T00:00:00+00:00
27c9f5e1-b3c8-4f40-b7b7-3102798a32aa,Auto shipment 2804,68db2e0c-1613-41ae-a22c-4959cbb08fe6,2025-01-19T00:00:00+00:00,2025-01-21T03:11:00+00:00,272,shipped,CUST-2709,synthetic,2025-01-20T00:00:00+00:00
2eb1fdf3-c4bf-4191-b77c-ac4227562b28,Auto shipment 2805,78b74b5c-e459-4f23-b196-79e2b104375d,2025-09-19T00:00:00+00:00,2025-09-22T10:24:00+00:00,163,shipped,CUST-1641,synthetic,2025-09-21T00:00:00+00:00
27a8392a-fccd-4ca3-abae-e82a7a801d4a,Auto shipment 2806,1c21be0f-7a41-4fd2-98f6-829a3308a50a,2025-04-04T00:00:00+00:00,2025-04-05T10:08:00+00:00,381,shipped,CUST-7466,synthetic,2025-04-04T00:00:00+00:00
15dc4ec6-68d5-4b8b-a62f-8dd8e59f4d4d,Auto shipment 2807,1c21be0f-7a41-4fd2-98f6-829a3308a50a,2025-06-27T00:00:00+00:00,2025-06-28T18:05:00+00:00,200,shipped,CUST-1034,synthetic,2025-06-27T00:00:00+00:00
d61992e9-a66b-42ac-85f2-a8d73431f0be,Auto shipment 2808,78b74b5c-e459-4f23-b196-79e2b104375d,2025-05-06T00:00:00+00:00,2025-05-08T19:44:00+00:00,202,shipped,CUST-1372,synthetic,2025-05-07T00:00:00+00:00
675e3081-b4fb-4187-9ff0-1f633d1814f2,Auto shipment 2809,78b74b5c-e459-4f23-b196-79e2b104375d,2024-11-30T00:00:00+00:00,2024-12-04T07:33:00+00:00,182,shipped,CUST-3085,synthetic,2024-12-03T00:00:00+00:00
a0b0ba2d-15e3-44a6-861b-458ab3a41221,Auto shipment 2810,78b74b5c-e459-4f23-b196-79e2b104375d,2025-07-09T00:00:00+00:00,2025-07-11T02:55:00+00:00,218,shipped,CUST-9221,synthetic,2025-07-10T00:00:00+00:00
d76d1a1c-b364-4e70-a571-f2530fc2b847,Auto shipment 2811,1c21be0f-7a41-4fd2-98f6-829a3308a50a,2025-10-15T00:00:00+00:00,2025-10-16T13:20:00+00:00,127,shipped,CUST-3773,synthetic,2025-10-15T00:00:00+00:00
31cabc85-1590-456b-884f-0cbfd3998f80,Auto shipment 2812,1c21be0f-7a41-4fd2-98f6-829a3308a50a,2025-03-11T00:00:00+00:00,2025-03-11T08:27:00+00:00,130,shipped,CUST-4429,synthetic,2025-03-10T00:00:00+00:00
a8fedded-e01b-4270-8f11-74fc85708c26,Auto shipment 2813,68db2e0c-1613-41ae-a22c-4959cbb08fe6,2025-01-11T00:00:00+00:00,2025-01-15T02:45:00+00:00,296,shipped,CUST-7693,synthetic,2025-01-14T00:00:00+00:00
fba02923-2991-46d7-9f22-0355b00525aa,Auto shipment 2814,78b74b5c-e459-4f23-b196-79e2b104375d,2024-11-09T00:00:00+00:00,2024-11-11T19:03:00+00:00,392,shipped,CUST-7380,synthetic,2024-11-10T00:00:00+00:00
19b611f8-5cd5-4b3d-b854-9adeeebd06f6,Auto shipment 2815,1c21be0f-7a41-4fd2-98f6-829a3308a50a,2025-04-03T00:00:00+00:00,2025-04-07T08:35:00+00:00,210,shipped,CUST-3091,synthetic,2025-04-06T00:00:00+00:00
020b6fba-fcc9-491e-b98d-97b908435a79,Auto shipment 2816,1c21be0f-7a41-4fd2-98f6-829a3308a50a,2024-12-22T00:00:00+00:00,2024-12-24T11:54:00+00:00,270,shipped,CUST-1734,synthetic,2024-12-23T00:00:00+00:00
8d9ebffb-c77b-4499-9cf3-0e3b31baa0fd,Auto shipment 2817,68db2e0c-1613-41ae-a22c-4959cbb08fe6,2025-10-04T00:00:00+00:00,2025-10-08T00:35:00+00:00,327,shipped,CUST-3366,synthetic,2025-10-07T00:00:00+00:00
d12410ea-7645-448f-824c-c7f383c599f2,Auto shipment 2818,78b74b5c-e459-4f23-b196-79e2b104375d,2025-04-08T00:00:00+00:00,2025-04-09T05:43:00+00:00,319,shipped,CUST-8539,synthetic,2025-04-08T00:00:00+00:00
807579b1-02b9-4efa-b178-0c568744cd98,Auto shipment 2819,78b74b5c-e459-4f23-b196-79e2b104375d,2024-11-26T00:00:00+00:00,2024-11-28T11:53:00+00:00,214,shipped,CUST-4246,synthetic,2024-11-27T00:00:00+00:00
8beb6cb2-3747-4059-987a-182cffc81421,Auto shipment 2820,68db2e0c-1613-41ae-a22c-4959cbb08fe6,2025-05-25T00:00:00+00:00,2025-05-29T08:06:00+00:00,237,shipped,CUST-6138,synthetic,2025-05-28T00:00:00+00:00
649a7a1d-fefd-434d-b649-0699a08f64f7,Auto shipment 2821,1c21be0f-7a41-4fd2-98f6-829a3308a50a,2024-11-30T00:00:00+00:00,2024-12-03T14:56:00+00:00,200,shipped,CUST-5636,synthetic,2024-12-02T00:00:00+00:00
23899e41-c85d-4eb9-b003-e4547087b7ca,Auto shipment 2822,1c21be0f-7a41-4fd2-98f6-829a3308a50a,2025-09-08T00:00:00+00:00,2025-09-08T08:33:00+00:00,265,shipped,CUST-9697,synthetic,2025-09-07T00:00:00+00:00
6db00976-0923-458f-8c43-37778c6029d0,Auto shipment 2823,78b74b5c-e459-4f23-b196-79e2b104375d,2025-10-23T00:00:00+00:00,2025-10-24T19:29:00+00:00,312,shipped,CUST-3921,synthetic,2025-10-23T00:00:00+00:00
9c8f9c9f-1c43-4830-832b-758d8a977a73,Auto shipment 2824,78b74b5c-e459-4f23-b196-79e2b104375d,2024-12-23T00:00:00+00:00,2024-12-24T10:41:00+00:00,351,shipped,CUST-8286,synthetic,2024-12-23T00:00:00+00:00
70262483-f471-4587-b4a2-d5208ba70a6c,Auto shipment 2825,78b74b5c-e459-4f23-b196-79e2b104375d,2025-02-03T00:00:00+00:00,2025-02-06T03:39:00+00:00,189,shipped,CUST-1476,synthetic,2025-02-05T00:00:00+00:00
ebccc5aa-5aeb-4c0f-ba15-9fbfd967ee56,Auto shipment 2826,78b74b5c-e459-4f23-b196-79e2b104375d,2025-02-27T00:00:00+00:00,2025-03-02T09:30:00+00:00,223,shipped,CUST-8952,synthetic,2025-03-01T00:00:00+00:00
16631fa6-ed70-4e83-94f6-1fe1bb2cf3c8,Auto shipment 2827,68db2e0c-1613-41ae-a22c-4959cbb08fe6,2025-01-11T00:00:00+00:00,2025-01-12T02:51:00+00:00,210,shipped,CUST-5997,synthetic,2025-01-11T00:00:00+00:00
c0c529fc-44fd-487b-b427-deb7f8cc2008,Auto shipment 2828,78b74b5c-e459-4f23-b196-79e2b104375d,2025-10-24T00:00:00+00:00,2025-10-28T12:58:00+00:00,139,shipped,CUST-8461,synthetic,2025-10-27T00:00:00+00:00
41c24dca-1fb0-4e06-85fd-5ee2ac2f48c9,Auto shipment 2829,1c21be0f-7a41-4fd2-98f6-829a3308a50a,2025-01-24T00:00:00+00:00,2025-01-27T22:36:00+00:00,322,shipped,CUST-3562,synthetic,2025-01-26T00:00:00+00:00
c317ccbe-5daf-4756-94a8-8147bc365f5b,Auto shipment 2830,68db2e0c-1613-41ae-a22c-4959cbb08fe6,2025-10-29T00:00:00+00:00,2025-10-30T12:25:00+00:00,214,shipped,CUST-6983,synthetic,2025-10-29T00:00:00+00:00
254e7d9f-7d51-4e18-86c9-d8a1d9c8fac8,Auto shipment 2831,78b74b5c-e459-4f23-b196-79e2b104375d,2025-07-20T00:00:00+00:00,2025-07-21T04:41:00+00:00,140,shipped,CUST-3005,synthetic,2025-07-20T00:00:00+00:00
9212eb89-0c79-445c-aaf5-8b9c46ea79ec,Auto shipment 2832,1c21be0f-7a41-4fd2-98f6-829a3308a50a,2025-03-04T00:00:00+00:00,2025-03-04T10:51:00+00:00,337,shipped,CUST-7014,synthetic,2025-03-03T00:00:00+00:00
4d148305-f71b-4fba-8ed5-b101d3db33d9,Auto shipment 2833,1c21be0f-7a41-4fd2-98f6-829a3308a50a,2024-11-24T00:00:00+00:00,2024-11-27T13:00:00+00:00,331,shipped,CUST-7596,synthetic,2024-11-26T00:00:00+00:00
419b4f47-0ee0-414c-80fd-5649d5cc358e,Auto shipment 2834,68db2e0c-1613-41ae-a22c-4959cbb08fe6,2025-04-23T00:00:00+00:00,2025-04-24T14:21:00+00:00,356,shipped,CUST-9455,synthetic,2025-04-23T00:00:00+00:00
c09c861f-a013-4ec2-b24b-c5f31d225441,Auto shipment 2835,1c21be0f-7a41-4fd2-98f6-829a3308a50a,2024-11-22T00:00:00+00:00,2024-11-24T03:48:00+00:00,222,shipped,CUST-2147,synthetic,2024-11-23T00:00:00+00:00
cf5f0ad1-a5a3-4640-b2f5-74f0473552bf,Auto shipment 2836,1c21be0f-7a41-4fd2-98f6-829a3308a50a,2025-05-01T00:00:00+00:00,2025-05-05T13:23:00+00:00,416,shipped,CUST-1317,synthetic,2025-05-04T00:00:00+00:00
afa439af-e708-4bc5-9b7c-b2c247885d75,Auto shipment 2837,1c21be0f-7a41-4fd2-98f6-829a3308a50a,2025-01-18T00:00:00+00:00,2025-01-18T04:10:00+00:00,369,shipped,CUST-7073,synthetic,2025-01-17T00:00:00+00:00
8a53b34e-54bb-46a6-9f48-6bce99e4f0ab,Auto shipment 2838,1c21be0f-7a41-4fd2-98f6-829a3308a50a,2025-07-24T00:00:00+00:00,2025-07-26T03:54:00+00:00,333,shipped,CUST-8698,synthetic,2025-07-25T00:00:00+00:00
8d81fc4e-2fd6-465d-ba2b-f2186e7ddac7,Auto shipment 2839,78b74b5c-e459-4f23-b196-79e2b104375d,2025-06-04T00:00:00+00:00,2025-06-05T11:19:00+00:00,212,shipped,CUST-8832,synthetic,2025-06-04T00:00:00+00:00
069c1ccf-2cf4-4c4c-a242-0609ccdfbbf8,Auto shipment 2840,68db2e0c-1613-41ae-a22c-4959cbb08fe6,2025-11-05T00:00:00+00:00,2025-11-08T22:21:00+00:00,392,shipped,CUST-5502,synthetic,2025-11-07T00:00:00+00:00
a7eea92c-c400-475f-a00c-1a693f0d68c8,Auto shipment 2841,1c21be0f-7a41-4fd2-98f6-829a3308a50a,2024-11-28T00:00:00+00:00,2024-12-01T00:58:00+00:00,501,shipped,CUST-9737,synthetic,2024-11-30T00:00:00+00:00
1b08e490-1108-40f5-870c-d192d60d0867,Auto shipment 2842,78b74b5c-e459-4f23-b196-79e2b104375d,2025-04-13T00:00:00+00:00,2025-04-17T07:43:00+00:00,221,shipped,CUST-7980,synthetic,2025-04-16T00:00:00+00:00
04343459-cc7f-4270-b8b4-a1da2290d94b,Auto shipment 2843,78b74b5c-e459-4f23-b196-79e2b104375d,2025-06-19T00:00:00+00:00,2025-06-23T00:26:00+00:00,126,shipped,CUST-5101,synthetic,2025-06-22T00:00:00+00:00
acc93d9f-48ef-48c1-bc05-06f102089e11,Auto shipment 2844,1c21be0f-7a41-4fd2-98f6-829a3308a50a,2025-04-20T00:00:00+00:00,2025-04-22T01:18:00+00:00,225,shipped,CUST-4284,synthetic,2025-04-21T00:00:00+00:00
7fce6b9c-434d-45c3-8429-9eac0c39803c,Auto shipment 2845,68db2e0c-1613-41ae-a22c-4959cbb08fe6,2025-01-09T00:00:00+00:00,2025-01-09T04:37:00+00:00,189,shipped,CUST-6794,synthetic,2025-01-08T00:00:00+00:00
8dfebd23-b5cd-4164-8b0f-e0a7b5b554b6,Auto shipment 2846,78b74b5c-e459-4f23-b196-79e2b104375d,2025-09-29T00:00:00+00:00,2025-09-29T06:58:00+00:00,341,shipped,CUST-7748,synthetic,2025-09-28T00:00:00+00:00
5ebdef79-9a3b-4ef1-be95-d4b227c0a078,Auto shipment 2847,68db2e0c-1613-41ae-a22c-4959cbb08fe6,2025-07-02T00:00:00+00:00,2025-07-06T13:13:00+00:00,176,shipped,CUST-5178,synthetic,2025-07-05T00:00:00+00:00
d15e5cc8-391d-46c0-a852-1fadf6fc73f4,Auto shipment 2848,1c21be0f-7a41-4fd2-98f6-829a3308a50a,2025-02-25T00:00:00+00:00,2025-03-01T07:43:00+00:00,79,shipped,CUST-5653,synthetic,2025-02-28T00:00:00+00:00
54bf829b-be9f-4433-a7be-93b657f0ac29,Auto shipment 2849,1c21be0f-7a41-4fd2-98f6-829a3308a50a,2025-05-30T00:00:00+00:00,2025-06-03T21:00:00+00:00,519,shipped,CUST-8793,synthetic,2025-06-02T00:00:00+00:00
91598b69-29c8-49d5-b287-77d9ff257491,Auto shipment 2850,78b74b5c-e459-4f23-b196-79e2b104375d,2025-03-12T00:00:00+00:00,2025-03-12T19:12:00+00:00,148,shipped,CUST-5405,synthetic,2025-03-11T00:00:00+00:00
02919e6a-7286-470f-bce9-b9b1121e1921,Auto shipment 2851,78b74b5c-e459-4f23-b196-79e2b104375d,2025-01-15T00:00:00+00:00,2025-01-18T06:52:00+00:00,131,shipped,CUST-3789,synthetic,2025-01-17T00:00:00+00:00
55936a70-a08e-4762-9ee1-ef99983aa3a2,Auto shipment 2852,78b74b5c-e459-4f23-b196-79e2b104375d,2025-10-18T00:00:00+00:00,2025-10-19T18:46:00+00:00,357,shipped,CUST-4389,synthetic,2025-10-18T00:00:00+00:00
6fdc1f31-e217-4af7-9a09-6f8d3e026366,Auto shipment 2853,1c21be0f-7a41-4fd2-98f6-829a3308a50a,2024-12-24T00:00:00+00:00,2024-12-26T21:24:00+00:00,375,shipped,CUST-7010,synthetic,2024-12-25T00:00:00+00:00
c0f3ef9f-18fe-4466-b5b1-771af922d8c7,Auto shipment 2854,68db2e0c-1613-41ae-a22c-4959cbb08fe6,2025-08-10T00:00:00+00:00,2025-08-14T16:08:00+00:00,182,shipped,CUST-9616,synthetic,2025-08-13T00:00:00+00:00
5cfdeb80-e750-47ee-b6a9-32e6d04c4e38,Auto shipment 2855,78b74b5c-e459-4f23-b196-79e2b104375d,2024-11-20T00:00:00+00:00,2024-11-22T10:44:00+00:00,479,shipped,CUST-7653,synthetic,2024-11-21T00:00:00+00:00
ed15660f-a62e-49e2-8378-9456b30703ae,Auto shipment 2856,68db2e0c-1613-41ae-a22c-4959cbb08fe6,2025-07-03T00:00:00+00:00,2025-07-06T18:23:00+00:00,422,shipped,CUST-7395,synthetic,2025-07-05T00:00:00+00:00
a50df7cc-3bdd-4874-b5d0-3497d9e84828,Auto shipment 2857,68db2e0c-1613-41ae-a22c-4959cbb08fe6,2025-08-16T00:00:00+00:00,2025-08-16T10:24:00+00:00,230,shipped,CUST-6487,synthetic,2025-08-15T00:00:00+00:00
d58e6b60-d31e-4121-a683-343b920e297d,Auto shipment 2858,68db2e0c-1613-41ae-a22c-4959cbb08fe6,2025-01-26T00:00:00+00:00,2025-01-26T15:53:00+00:00,290,shipped,CUST-7145,synthetic,2025-01-25T00:00:00+00:00
bd3c0ce0-44a5-441f-8a0f-b9caee0a46b2,Auto shipment 2859,1c21be0f-7a41-4fd2-98f6-829a3308a50a,2025-10-20T00:00:00+00:00,2025-10-21T14:34:00+00:00,418,shipped,CUST-2512,synthetic,2025-10-20T00:00:00+00:00
4292f86d-0b8d-4e0f-a9ad-e16535779feb,Auto shipment 2860,68db2e0c-1613-41ae-a22c-4959cbb08fe6,2025-09-09T00:00:00+00:00,2025-09-13T07:48:00+00:00,182,shipped,CUST-7213,synthetic,2025-09-12T00:00:00+00:00
43279585-bf39-48a8-96a7-35277f71b6f4,Auto shipment 2861,1c21be0f-7a41-4fd2-98f6-829a3308a50a,2025-02-03T00:00:00+00:00,2025-02-04T11:54:00+00:00,448,shipped,CUST-3899,synthetic,2025-02-03T00:00:00+00:00
a7a95563-b8cb-4941-a730-f8d1c363be4c,Auto shipment 2862,78b74b5c-e459-4f23-b196-79e2b104375d,2024-12-19T00:00:00+00:00,2024-12-21T17:01:00+00:00,317,shipped,CUST-2430,synthetic,2024-12-20T00:00:00+00:00
7d3b3518-81fe-4207-adc7-06ab09b54dc6,Auto shipment 2863,68db2e0c-1613-41ae-a22c-4959cbb08fe6,2024-12-22T00:00:00+00:00,2024-12-22T15:56:00+00:00,351,shipped,CUST-7874,synthetic,2024-12-21T00:00:00+00:00
6eee0ec9-97e6-4008-89f9-c576cebe3baa,Auto shipment 2864,68db2e0c-1613-41ae-a22c-4959cbb08fe6,2024-12-25T00:00:00+00:00,2024-12-26T15:01:00+00:00,283,shipped,CUST-2267,synthetic,2024-12-25T00:00:00+00:00
56a024a8-95be-41ee-b29b-5fcf88044e83,Auto shipment 2865,68db2e0c-1613-41ae-a22c-4959cbb08fe6,2025-08-07T00:00:00+00:00,2025-08-08T02:34:00+00:00,242,shipped,CUST-8363,synthetic,2025-08-07T00:00:00+00:00
96fbbb4e-3072-42ca-9b97-691d7ac2fa2e,Auto shipment 2866,1c21be0f-7a41-4fd2-98f6-829a3308a50a,2025-05-25T00:00:00+00:00,2025-05-26T20:38:00+00:00,299,shipped,CUST-3027,synthetic,2025-05-25T00:00:00+00:00
7acd8903-23e9-45d5-ba8f-00d78979ce78,Auto shipment 2867,1c21be0f-7a41-4fd2-98f6-829a3308a50a,2025-04-02T00:00:00+00:00,2025-04-05T08:55:00+00:00,182,shipped,CUST-6650,synthetic,2025-04-04T00:00:00+00:00
6b11e550-d4e1-47ef-814a-fa867ce7926e,Auto shipment 2868,68db2e0c-1613-41ae-a22c-4959cbb08fe6,2025-01-17T00:00:00+00:00,2025-01-21T11:58:00+00:00,189,shipped,CUST-2830,synthetic,2025-01-20T00:00:00+00:00
1bae6b4e-54da-4572-98e8-0be19d8ceb52,Auto shipment 2869,1c21be0f-7a41-4fd2-98f6-829a3308a50a,2025-05-30T00:00:00+00:00,2025-06-02T15:51:00+00:00,299,shipped,CUST-1465,synthetic,2025-06-01T00:00:00+00:00
ff23fc39-b3ed-45eb-a3e8-b021e6866464,Auto shipment 2870,68db2e0c-1613-41ae-a22c-4959cbb08fe6,2025-01-27T00:00:00+00:00,2025-01-29T21:56:00+00:00,256,shipped,CUST-7299,synthetic,2025-01-28T00:00:00+00:00
79138a03-bedd-4dea-8214-2d180a83aa96,Auto shipment 2871,1c21be0f-7a41-4fd2-98f6-829a3308a50a,2025-05-13T00:00:00+00:00,2025-05-17T22:33:00+00:00,290,shipped,CUST-6033,synthetic,2025-05-16T00:00:00+00:00
511fa921-5328-470b-8e98-93e1819e33d2,Auto shipment 2872,68db2e0c-1613-41ae-a22c-4959cbb08fe6,2025-05-29T00:00:00+00:00,2025-05-31T09:12:00+00:00,219,shipped,CUST-3855,synthetic,2025-05-30T00:00:00+00:00
2f738c44-a9be-492e-b764-a68d4bfd5ee1,Auto shipment 2873,78b74b5c-e459-4f23-b196-79e2b104375d,2025-05-25T00:00:00+00:00,2025-05-26T02:16:00+00:00,435,shipped,CUST-7759,synthetic,2025-05-25T00:00:00+00:00
a74d1504-23ac-4dfe-b3ac-060ce044a822,Auto shipment 2874,78b74b5c-e459-4f23-b196-79e2b104375d,2025-03-20T00:00:00+00:00,2025-03-20T07:17:00+00:00,174,shipped,CUST-4320,synthetic,2025-03-19T00:00:00+00:00
4df85321-4f4f-437a-8de7-e284b891f5d6,Auto shipment 2875,68db2e0c-1613-41ae-a22c-4959cbb08fe6,2025-08-23T00:00:00+00:00,2025-08-24T19:32:00+00:00,309,shipped,CUST-7205,synthetic,2025-08-23T00:00:00+00:00
8cb38f77-97b0-4acf-8910-02c727a71513,Auto shipment 2876,78b74b5c-e459-4f23-b196-79e2b104375d,2025-10-08T00:00:00+00:00,2025-10-09T14:52:00+00:00,298,shipped,CUST-4718,synthetic,2025-10-08T00:00:00+00:00
5fc75fad-f109-440b-99ca-2f9742889219,Auto shipment 2877,1c21be0f-7a41-4fd2-98f6-829a3308a50a,2025-01-11T00:00:00+00:00,2025-01-12T13:36:00+00:00,308,shipped,CUST-7959,synthetic,2025-01-11T00:00:00+00:00
0654934f-2f42-4d1b-a8fc-365ef347e32a,Auto shipment 2878,68db2e0c-1613-41ae-a22c-4959cbb08fe6,2025-01-13T00:00:00+00:00,2025-01-16T08:47:00+00:00,526,shipped,CUST-1952,synthetic,2025-01-15T00:00:00+00:00
f4fe4172-a82b-45f3-add3-1258775c34d8,Auto shipment 2879,78b74b5c-e459-4f23-b196-79e2b104375d,2025-01-11T00:00:00+00:00,2025-01-13T22:30:00+00:00,152,shipped,CUST-5247,synthetic,2025-01-12T00:00:00+00:00
ab2f6257-67ce-4771-8c91-1a2038cd340f,Auto shipment 2880,68db2e0c-1613-41ae-a22c-4959cbb08fe6,2025-03-29T00:00:00+00:00,2025-04-02T19:10:00+00:00,326,shipped,CUST-2091,synthetic,2025-04-01T00:00:00+00:00
9b73d204-c37b-4fc8-a088-1114d20c1440,Auto shipment 2881,1c21be0f-7a41-4fd2-98f6-829a3308a50a,2024-11-28T00:00:00+00:00,2024-12-02T00:03:00+00:00,376,shipped,CUST-1402,synthetic,2024-12-01T00:00:00+00:00
c8aff906-6f62-4b79-bf59-b0ffe9ae1f3f,Auto shipment 2882,1c21be0f-7a41-4fd2-98f6-829a3308a50a,2025-04-06T00:00:00+00:00,2025-04-08T21:40:00+00:00,166,shipped,CUST-5783,synthetic,2025-04-07T00:00:00+00:00
9e4caab3-b775-4de8-ab85-430becd3591d,Auto shipment 2883,1c21be0f-7a41-4fd2-98f6-829a3308a50a,2025-09-19T00:00:00+00:00,2025-09-19T19:40:00+00:00,199,shipped,CUST-8896,synthetic,2025-09-18T00:00:00+00:00
2bc65ded-7ffa-4d57-ba08-c9a4974622cd,Auto shipment 2884,78b74b5c-e459-4f23-b196-79e2b104375d,2025-05-06T00:00:00+00:00,2025-05-06T02:35:00+00:00,399,shipped,CUST-6528,synthetic,2025-05-05T00:00:00+00:00
f042541c-3dd4-45bd-800f-c15fa9321281,Auto shipment 2885,1c21be0f-7a41-4fd2-98f6-829a3308a50a,2025-04-10T00:00:00+00:00,2025-04-11T11:45:00+00:00,305,shipped,CUST-5607,synthetic,2025-04-10T00:00:00+00:00
c0e12c54-e17d-4aa2-910f-916c407eba54,Auto shipment 2886,68db2e0c-1613-41ae-a22c-4959cbb08fe6,2025-06-26T00:00:00+00:00,2025-06-27T17:07:00+00:00,156,shipped,CUST-1126,synthetic,2025-06-26T00:00:00+00:00
3f5b8d08-a3d9-46d7-a5f3-9e9156ca4255,Auto shipment 2887,1c21be0f-7a41-4fd2-98f6-829a3308a50a,2025-07-03T00:00:00+00:00,2025-07-05T18:22:00+00:00,328,shipped,CUST-4287,synthetic,2025-07-04T00:00:00+00:00
e9430c1b-233f-4120-8bed-592d2569f81b,Auto shipment 2888,68db2e0c-1613-41ae-a22c-4959cbb08fe6,2025-01-19T00:00:00+00:00,2025-01-19T16:34:00+00:00,125,shipped,CUST-8122,synthetic,2025-01-18T00:00:00+00:00
c6cb7e4d-d529-41e4-b1df-d13d00e74256,Auto shipment 2889,78b74b5c-e459-4f23-b196-79e2b104375d,2025-04-27T00:00:00+00:00,2025-04-28T15:48:00+00:00,355,shipped,CUST-4225,synthetic,2025-04-27T00:00:00+00:00
1b7344f2-6037-4c99-96d1-f5acc361bbb7,Auto shipment 2890,1c21be0f-7a41-4fd2-98f6-829a3308a50a,2025-08-28T00:00:00+00:00,2025-09-01T20:10:00+00:00,404,shipped,CUST-8470,synthetic,2025-08-31T00:00:00+00:00
3b6b3092-17c1-49dd-b966-acfc0de35450,Auto shipment 2891,78b74b5c-e459-4f23-b196-79e2b104375d,2024-11-12T00:00:00+00:00,2024-11-13T05:19:00+00:00,149,shipped,CUST-9476,synthetic,2024-11-12T00:00:00+00:00
be76d55e-5c09-49a0-98ef-50e8a17859ef,Auto shipment 2892,68db2e0c-1613-41ae-a22c-4959cbb08fe6,2025-07-14T00:00:00+00:00,2025-07-14T20:35:00+00:00,195,shipped,CUST-2451,synthetic,2025-07-13T00:00:00+00:00
325dfc41-2d0a-4266-bddf-0d193b07e18b,Auto shipment 2893,78b74b5c-e459-4f23-b196-79e2b104375d,2025-01-31T00:00:00+00:00,2025-01-31T15:29:00+00:00,379,shipped,CUST-1141,synthetic,2025-01-30T00:00:00+00:00
eb3ec7dc-b87a-4dce-9c09-14258c76a149,Auto shipment 2894,78b74b5c-e459-4f23-b196-79e2b104375d,2025-05-01T00:00:00+00:00,2025-05-05T02:32:00+00:00,152,shipped,CUST-8186,synthetic,2025-05-04T00:00:00+00:00
a9add9c4-f1e3-4257-a253-f33b423863ee,Auto shipment 2895,1c21be0f-7a41-4fd2-98f6-829a3308a50a,2025-02-05T00:00:00+00:00,2025-02-05T13:03:00+00:00,316,shipped,CUST-7874,synthetic,2025-02-04T00:00:00+00:00
4e3ba05e-65f4-4f74-8a50-37fc585b3409,Auto shipment 2896,68db2e0c-1613-41ae-a22c-4959cbb08fe6,2025-03-02T00:00:00+00:00,2025-03-06T03:29:00+00:00,121,shipped,CUST-4762,synthetic,2025-03-05T00:00:00+00:00
7ed8d46c-95e8-4e8d-bf74-e3bd9621d49f,Auto shipment 2897,78b74b5c-e459-4f23-b196-79e2b104375d,2025-07-21T00:00:00+00:00,2025-07-25T08:12:00+00:00,206,shipped,CUST-5809,synthetic,2025-07-24T00:00:00+00:00
513c4f43-c728-452c-87f1-970291bdbb99,Auto shipment 2898,1c21be0f-7a41-4fd2-98f6-829a3308a50a,2025-05-29T00:00:00+00:00,2025-05-31T08:07:00+00:00,232,shipped,CUST-9555,synthetic,2025-05-30T00:00:00+00:00
57e06c48-fbc7-4a13-b42b-c9cfec0071fd,Auto shipment 2899,68db2e0c-1613-41ae-a22c-4959cbb08fe6,2025-03-11T00:00:00+00:00,2025-03-12T21:04:00+00:00,280,shipped,CUST-5767,synthetic,2025-03-11T00:00:00+00:00
23b3a35e-5e03-47ac-a040-07f18da351c5,Auto shipment 2900,78b74b5c-e459-4f23-b196-79e2b104375d,2025-09-16T00:00:00+00:00,2025-09-18T14:07:00+00:00,266,shipped,CUST-4075,synthetic,2025-09-17T00:00:00+00:00
89a38308-3e06-4123-ad9a-f10c20f15a3c,Auto shipment 2901,78b74b5c-e459-4f23-b196-79e2b104375d,2024-12-01T00:00:00+00:00,2024-12-03T11:55:00+00:00,362,shipped,CUST-7516,synthetic,2024-12-02T00:00:00+00:00
48f6de14-38cb-45c3-8130-c670d1358f94,Auto shipment 2902,68db2e0c-1613-41ae-a22c-4959cbb08fe6,2025-04-18T00:00:00+00:00,2025-04-20T18:20:00+00:00,160,shipped,CUST-8698,synthetic,2025-04-19T00:00:00+00:00
4992e31b-6160-4b98-b186-971024463171,Auto shipment 2903,78b74b5c-e459-4f23-b196-79e2b104375d,2025-10-25T00:00:00+00:00,2025-10-25T14:45:00+00:00,255,shipped,CUST-8743,synthetic,2025-10-24T00:00:00+00:00
d2c8b4d5-0e7d-452a-9e48-14a2f268de8e,Auto shipment 2904,1c21be0f-7a41-4fd2-98f6-829a3308a50a,2025-09-01T00:00:00+00:00,2025-09-01T00:27:00+00:00,277,shipped,CUST-4342,synthetic,2025-08-31T00:00:00+00:00
523b48a8-27aa-4d8d-8e97-d6170c07488b,Auto shipment 2905,68db2e0c-1613-41ae-a22c-4959cbb08fe6,2025-09-01T00:00:00+00:00,2025-09-03T10:33:00+00:00,95,shipped,CUST-6235,synthetic,2025-09-02T00:00:00+00:00
fe8f3f61-fed3-477c-90da-ac0096f899a6,Auto shipment 2906,1c21be0f-7a41-4fd2-98f6-829a3308a50a,2025-08-20T00:00:00+00:00,2025-08-21T11:38:00+00:00,224,shipped,CUST-8372,synthetic,2025-08-20T00:00:00+00:00
2478590c-805e-4639-a6cc-5aa0431f6727,Auto shipment 2907,78b74b5c-e459-4f23-b196-79e2b104375d,2025-06-11T00:00:00+00:00,2025-06-12T16:12:00+00:00,232,shipped,CUST-3057,synthetic,2025-06-11T00:00:00+00:00
41bc0e70-a00d-4181-bbf0-6560d1a47c7d,Auto shipment 2908,78b74b5c-e459-4f23-b196-79e2b104375d,2025-05-30T00:00:00+00:00,2025-06-03T10:06:00+00:00,333,shipped,CUST-1826,synthetic,2025-06-02T00:00:00+00:00
0c2bb306-a79a-4007-921b-2497421a5c21,Auto shipment 2909,1c21be0f-7a41-4fd2-98f6-829a3308a50a,2025-01-30T00:00:00+00:00,2025-01-30T03:07:00+00:00,155,shipped,CUST-8019,synthetic,2025-01-29T00:00:00+00:00
adff8f3e-69b9-438c-9e8c-8108de2160ff,Auto shipment 2910,68db2e0c-1613-41ae-a22c-4959cbb08fe6,2025-04-24T00:00:00+00:00,2025-04-24T04:16:00+00:00,221,shipped,CUST-8931,synthetic,2025-04-23T00:00:00+00:00
cc2d729d-d0fb-4f1a-a6c2-c3670135d64d,Auto shipment 2911,68db2e0c-1613-41ae-a22c-4959cbb08fe6,2025-06-20T00:00:00+00:00,2025-06-20T22:26:00+00:00,133,shipped,CUST-9113,synthetic,2025-06-19T00:00:00+00:00
b7e9ccaa-68c1-4ef3-8bb0-f5f9c5d90b42,Auto shipment 2912,68db2e0c-1613-41ae-a22c-4959cbb08fe6,2025-08-21T00:00:00+00:00,2025-08-24T14:16:00+00:00,385,shipped,CUST-7291,synthetic,2025-08-23T00:00:00+00:00
df431618-298d-4070-8359-52fb74ed9bd1,Auto shipment 2913,78b74b5c-e459-4f23-b196-79e2b104375d,2025-02-23T00:00:00+00:00,2025-02-25T09:27:00+00:00,188,shipped,CUST-3387,synthetic,2025-02-24T00:00:00+00:00
fac561b5-c331-4f97-8519-b24379acb5f7,Auto shipment 2914,68db2e0c-1613-41ae-a22c-4959cbb08fe6,2025-11-04T00:00:00+00:00,2025-11-06T20:03:00+00:00,280,shipped,CUST-9014,synthetic,2025-11-05T00:00:00+00:00
548686b5-c0a1-4578-95c5-0e39185b67b8,Auto shipment 2915,1c21be0f-7a41-4fd2-98f6-829a3308a50a,2025-10-12T00:00:00+00:00,2025-10-13T06:24:00+00:00,461,shipped,CUST-8948,synthetic,2025-10-12T00:00:00+00:00
df25c004-4d16-483b-bc9e-a5b83deaa552,Auto shipment 2916,1c21be0f-7a41-4fd2-98f6-829a3308a50a,2025-10-27T00:00:00+00:00,2025-10-31T17:15:00+00:00,476,shipped,CUST-8814,synthetic,2025-10-30T00:00:00+00:00
6158706c-f8fe-4f59-a6fe-f71c95383353,Auto shipment 2917,1c21be0f-7a41-4fd2-98f6-829a3308a50a,2025-02-19T00:00:00+00:00,2025-02-20T09:19:00+00:00,337,shipped,CUST-1388,synthetic,2025-02-19T00:00:00+00:00
a203ac00-4892-4b49-93ce-de9a3b3df40c,Auto shipment 2918,68db2e0c-1613-41ae-a22c-4959cbb08fe6,2024-12-14T00:00:00+00:00,2024-12-16T12:25:00+00:00,357,shipped,CUST-8991,synthetic,2024-12-15T00:00:00+00:00
f8ef6af8-ebff-4d79-8632-a3108712200e,Auto shipment 2919,1c21be0f-7a41-4fd2-98f6-829a3308a50a,2025-10-15T00:00:00+00:00,2025-10-15T15:33:00+00:00,376,shipped,CUST-8876,synthetic,2025-10-14T00:00:00+00:00
6abc3f03-15f5-471f-8aa5-7c33959ae759,Auto shipment 2920,68db2e0c-1613-41ae-a22c-4959cbb08fe6,2025-01-28T00:00:00+00:00,2025-02-01T17:18:00+00:00,349,shipped,CUST-1283,synthetic,2025-01-31T00:00:00+00:00
69264881-26bd-48c9-9b24-3455d1847e02,Auto shipment 2921,68db2e0c-1613-41ae-a22c-4959cbb08fe6,2025-10-15T00:00:00+00:00,2025-10-15T13:10:00+00:00,346,shipped,CUST-2406,synthetic,2025-10-14T00:00:00+00:00
d13fccfa-8c1c-4efa-8f39-b6def0989209,Auto shipment 2922,68db2e0c-1613-41ae-a22c-4959cbb08fe6,2025-06-05T00:00:00+00:00,2025-06-06T07:07:00+00:00,295,shipped,CUST-4452,synthetic,2025-06-05T00:00:00+00:00
4a46553f-5660-4a08-a360-b1a2526f0903,Auto shipment 2923,1c21be0f-7a41-4fd2-98f6-829a3308a50a,2025-11-01T00:00:00+00:00,2025-11-05T13:37:00+00:00,288,shipped,CUST-3941,synthetic,2025-11-04T00:00:00+00:00
d9aa2f67-23b7-428a-87c0-fd7497975b23,Auto shipment 2924,78b74b5c-e459-4f23-b196-79e2b104375d,2025-10-16T00:00:00+00:00,2025-10-16T04:32:00+00:00,207,shipped,CUST-9761,synthetic,2025-10-15T00:00:00+00:00
75358fcc-ac23-4146-891b-b3871cf079c7,Auto shipment 2925,68db2e0c-1613-41ae-a22c-4959cbb08fe6,2025-10-15T00:00:00+00:00,2025-10-19T22:41:00+00:00,252,shipped,CUST-5827,synthetic,2025-10-18T00:00:00+00:00
eb55f4cb-0273-4390-bd49-059a167ba045,Auto shipment 2926,1c21be0f-7a41-4fd2-98f6-829a3308a50a,2024-12-07T00:00:00+00:00,2024-12-09T05:45:00+00:00,379,shipped,CUST-2892,synthetic,2024-12-08T00:00:00+00:00
ad974fda-e89b-4279-98ae-51b785d75c25,Auto shipment 2927,78b74b5c-e459-4f23-b196-79e2b104375d,2025-07-08T00:00:00+00:00,2025-07-10T15:28:00+00:00,159,shipped,CUST-3041,synthetic,2025-07-09T00:00:00+00:00
f3770792-4e9b-4180-ba6f-ce17482ebbcb,Auto shipment 2928,78b74b5c-e459-4f23-b196-79e2b104375d,2025-08-08T00:00:00+00:00,2025-08-10T06:47:00+00:00,252,shipped,CUST-3665,synthetic,2025-08-09T00:00:00+00:00
f9a92a40-5a8a-49a1-b1d0-cdec41ec74ad,Auto shipment 2929,1c21be0f-7a41-4fd2-98f6-829a3308a50a,2025-06-06T00:00:00+00:00,2025-06-09T17:57:00+00:00,491,shipped,CUST-9797,synthetic,2025-06-08T00:00:00+00:00
88209e73-5ad5-4bcc-90db-9fac8251a755,Auto shipment 2930,1c21be0f-7a41-4fd2-98f6-829a3308a50a,2025-06-29T00:00:00+00:00,2025-06-30T04:24:00+00:00,300,shipped,CUST-4511,synthetic,2025-06-29T00:00:00+00:00
41d9af69-9e67-4a36-a97b-18daa04025b0,Auto shipment 2931,78b74b5c-e459-4f23-b196-79e2b104375d,2024-11-16T00:00:00+00:00,2024-11-16T20:54:00+00:00,382,shipped,CUST-2585,synthetic,2024-11-15T00:00:00+00:00
3b320fc7-2aac-48df-84b5-4f24f105a819,Auto shipment 2932,78b74b5c-e459-4f23-b196-79e2b104375d,2025-08-21T00:00:00+00:00,2025-08-25T12:53:00+00:00,180,shipped,CUST-2531,synthetic,2025-08-24T00:00:00+00:00
2bd7314c-f1b4-427e-81d5-ea6ad432c185,Auto shipment 2933,1c21be0f-7a41-4fd2-98f6-829a3308a50a,2024-11-26T00:00:00+00:00,2024-11-30T06:58:00+00:00,384,shipped,CUST-8270,synthetic,2024-11-29T00:00:00+00:00
c56e3f5e-6cd9-44b0-8bf6-d986f71344d2,Auto shipment 2934,68db2e0c-1613-41ae-a22c-4959cbb08fe6,2025-03-08T00:00:00+00:00,2025-03-11T07:33:00+00:00,378,shipped,CUST-8146,synthetic,2025-03-10T00:00:00+00:00
18a2a950-3b3c-463a-9228-ce9a620ba01d,Auto shipment 2935,1c21be0f-7a41-4fd2-98f6-829a3308a50a,2025-03-09T00:00:00+00:00,2025-03-09T15:07:00+00:00,145,shipped,CUST-9376,synthetic,2025-03-08T00:00:00+00:00
91b86ec8-64f2-4eb3-a994-07bba2478f99,Auto shipment 2936,78b74b5c-e459-4f23-b196-79e2b104375d,2025-05-24T00:00:00+00:00,2025-05-28T01:26:00+00:00,214,shipped,CUST-2036,synthetic,2025-05-27T00:00:00+00:00
780ac8d2-60f5-4dd6-aa0a-968b10308793,Auto shipment 2937,78b74b5c-e459-4f23-b196-79e2b104375d,2025-08-01T00:00:00+00:00,2025-08-01T07:25:00+00:00,400,shipped,CUST-6073,synthetic,2025-07-31T00:00:00+00:00
784720e4-a07f-44bf-b097-4299b209cb7c,Auto shipment 2938,1c21be0f-7a41-4fd2-98f6-829a3308a50a,2025-05-02T00:00:00+00:00,2025-05-06T07:09:00+00:00,243,shipped,CUST-6746,synthetic,2025-05-05T00:00:00+00:00
7ccdf2d2-f731-4cd2-8297-c82a3f32315e,Auto shipment 2939,78b74b5c-e459-4f23-b196-79e2b104375d,2025-09-02T00:00:00+00:00,2025-09-03T04:15:00+00:00,377,shipped,CUST-9715,synthetic,2025-09-02T00:00:00+00:00
2b992ca3-135f-426b-8cd7-7752971b78bb,Auto shipment 2940,68db2e0c-1613-41ae-a22c-4959cbb08fe6,2025-03-29T00:00:00+00:00,2025-03-31T16:42:00+00:00,432,shipped,CUST-9460,synthetic,2025-03-30T00:00:00+00:00
d4719ac4-f5b4-44ab-8a2a-d2debe49b0a1,Auto shipment 2941,78b74b5c-e459-4f23-b196-79e2b104375d,2025-02-22T00:00:00+00:00,2025-02-25T11:04:00+00:00,303,shipped,CUST-9907,synthetic,2025-02-24T00:00:00+00:00
bdfc8f9c-9e40-4511-b549-4502d239d510,Auto shipment 2942,1c21be0f-7a41-4fd2-98f6-829a3308a50a,2025-02-24T00:00:00+00:00,2025-02-25T13:43:00+00:00,446,shipped,CUST-7524,synthetic,2025-02-24T00:00:00+00:00
81c08ff3-74af-4db3-92fd-d96f6d1c535a,Auto shipment 2943,78b74b5c-e459-4f23-b196-79e2b104375d,2025-08-14T00:00:00+00:00,2025-08-15T22:52:00+00:00,415,shipped,CUST-4050,synthetic,2025-08-14T00:00:00+00:00
30b5c3f2-a826-4bc9-93b6-bc9e1d1fbe58,Auto shipment 2944,68db2e0c-1613-41ae-a22c-4959cbb08fe6,2025-10-11T00:00:00+00:00,2025-10-14T05:28:00+00:00,280,shipped,CUST-1998,synthetic,2025-10-13T00:00:00+00:00
6df45bea-e3b7-4cf9-9a9d-77c3d9cf8714,Auto shipment 2945,68db2e0c-1613-41ae-a22c-4959cbb08fe6,2025-09-03T00:00:00+00:00,2025-09-03T10:28:00+00:00,376,shipped,CUST-4434,synthetic,2025-09-02T00:00:00+00:00
ab36e1f0-c873-4e60-aa07-0d098b3db3b0,Auto shipment 2946,68db2e0c-1613-41ae-a22c-4959cbb08fe6,2025-07-28T00:00:00+00:00,2025-07-28T11:43:00+00:00,397,shipped,CUST-1308,synthetic,2025-07-27T00:00:00+00:00
bad80679-be76-46dc-8b4f-974e016239ba,Auto shipment 2947,1c21be0f-7a41-4fd2-98f6-829a3308a50a,2025-09-10T00:00:00+00:00,2025-09-10T03:12:00+00:00,143,shipped,CUST-6916,synthetic,2025-09-09T00:00:00+00:00
87db678d-c7c4-4f2e-b86a-c99f0830d280,Auto shipment 2948,1c21be0f-7a41-4fd2-98f6-829a3308a50a,2025-07-01T00:00:00+00:00,2025-07-03T17:32:00+00:00,237,shipped,CUST-6944,synthetic,2025-07-02T00:00:00+00:00
c7dced14-aecf-4991-884e-63fda4f0e32f,Auto shipment 2949,1c21be0f-7a41-4fd2-98f6-829a3308a50a,2024-12-12T00:00:00+00:00,2024-12-13T18:22:00+00:00,288,shipped,CUST-8888,synthetic,2024-12-12T00:00:00+00:00
652e4416-cf6c-4b69-bb0d-214b17292214,Auto shipment 2950,1c21be0f-7a41-4fd2-98f6-829a3308a50a,2024-12-21T00:00:00+00:00,2024-12-23T03:15:00+00:00,367,shipped,CUST-5246,synthetic,2024-12-22T00:00:00+00:00
34ce04bf-317e-480e-92ea-9e5cd8524680,Auto shipment 2951,68db2e0c-1613-41ae-a22c-4959cbb08fe6,2025-08-02T00:00:00+00:00,2025-08-04T03:02:00+00:00,288,shipped,CUST-7503,synthetic,2025-08-03T00:00:00+00:00
28ca37bc-6c45-4cff-a0ba-2ab6faa132a2,Auto shipment 2952,68db2e0c-1613-41ae-a22c-4959cbb08fe6,2025-07-20T00:00:00+00:00,2025-07-22T13:26:00+00:00,191,shipped,CUST-4805,synthetic,2025-07-21T00:00:00+00:00
37316abb-6ca7-4d60-a873-ec016fe31021,Auto shipment 2953,78b74b5c-e459-4f23-b196-79e2b104375d,2025-04-21T00:00:00+00:00,2025-04-24T19:45:00+00:00,225,shipped,CUST-4648,synthetic,2025-04-23T00:00:00+00:00
98be9b3b-e5df-450a-bab7-7a5a709d4ce3,Auto shipment 2954,78b74b5c-e459-4f23-b196-79e2b104375d,2025-05-30T00:00:00+00:00,2025-05-30T04:08:00+00:00,435,shipped,CUST-8682,synthetic,2025-05-29T00:00:00+00:00
1f89e0f6-cb32-41a4-8dc8-1ae09fe6d5bb,Auto shipment 2955,1c21be0f-7a41-4fd2-98f6-829a3308a50a,2025-09-08T00:00:00+00:00,2025-09-12T13:55:00+00:00,508,shipped,CUST-2754,synthetic,2025-09-11T00:00:00+00:00
25820a1a-ba44-47a1-b032-42a148a0a2fc,Auto shipment 2956,68db2e0c-1613-41ae-a22c-4959cbb08fe6,2025-09-07T00:00:00+00:00,2025-09-07T19:35:00+00:00,495,shipped,CUST-4349,synthetic,2025-09-06T00:00:00+00:00
a3b09323-8742-4606-84d4-fe4748c07c9a,Auto shipment 2957,78b74b5c-e459-4f23-b196-79e2b104375d,2025-10-16T00:00:00+00:00,2025-10-17T00:13:00+00:00,377,shipped,CUST-2887,synthetic,2025-10-16T00:00:00+00:00
a9368eab-6209-4fea-8c43-5be7bafdc295,Auto shipment 2958,68db2e0c-1613-41ae-a22c-4959cbb08fe6,2025-01-09T00:00:00+00:00,2025-01-09T00:45:00+00:00,192,shipped,CUST-8015,synthetic,2025-01-08T00:00:00+00:00
b3c6b54e-749a-435a-a0a1-a0348662c1b3,Auto shipment 2959,78b74b5c-e459-4f23-b196-79e2b104375d,2025-09-16T00:00:00+00:00,2025-09-18T21:23:00+00:00,171,shipped,CUST-7075,synthetic,2025-09-17T00:00:00+00:00
3381af33-4f34-42ca-ad6f-ec0747cb5ca0,Auto shipment 2960,68db2e0c-1613-41ae-a22c-4959cbb08fe6,2024-11-11T00:00:00+00:00,2024-11-15T22:24:00+00:00,128,shipped,CUST-4976,synthetic,2024-11-14T00:00:00+00:00
9e8b0546-58a8-48fe-bae1-c22b3c0fc635,Auto shipment 2961,68db2e0c-1613-41ae-a22c-4959cbb08fe6,2025-01-15T00:00:00+00:00,2025-01-15T21:05:00+00:00,80,shipped,CUST-9550,synthetic,2025-01-14T00:00:00+00:00
12c32b65-1cb3-4d97-814a-d39e7c3520b2,Auto shipment 2962,1c21be0f-7a41-4fd2-98f6-829a3308a50a,2025-09-04T00:00:00+00:00,2025-09-07T16:35:00+00:00,101,shipped,CUST-3031,synthetic,2025-09-06T00:00:00+00:00
2c635839-27b2-4108-91a7-ebc4df179c58,Auto shipment 2963,78b74b5c-e459-4f23-b196-79e2b104375d,2025-10-14T00:00:00+00:00,2025-10-16T14:00:00+00:00,235,shipped,CUST-8304,synthetic,2025-10-15T00:00:00+00:00
06afa143-2d8b-4d74-8e63-518ab4e95900,Auto shipment 2964,78b74b5c-e459-4f23-b196-79e2b104375d,2025-02-24T00:00:00+00:00,2025-02-25T14:26:00+00:00,360,shipped,CUST-1223,synthetic,2025-02-24T00:00:00+00:00
dd121f53-7566-4b25-ab8c-3e645f1aa7b9,Auto shipment 2965,78b74b5c-e459-4f23-b196-79e2b104375d,2025-08-29T00:00:00+00:00,2025-09-01T00:44:00+00:00,386,shipped,CUST-8959,synthetic,2025-08-31T00:00:00+00:00
fc1a2d89-3924-4a41-a4ab-137822459405,Auto shipment 2966,1c21be0f-7a41-4fd2-98f6-829a3308a50a,2025-07-14T00:00:00+00:00,2025-07-15T15:58:00+00:00,434,shipped,CUST-7062,synthetic,2025-07-14T00:00:00+00:00
87f7e1a7-6134-49d9-82ab-b6765e89f236,Auto shipment 2967,1c21be0f-7a41-4fd2-98f6-829a3308a50a,2025-07-11T00:00:00+00:00,2025-07-14T05:47:00+00:00,359,shipped,CUST-8056,synthetic,2025-07-13T00:00:00+00:00
cf05c719-67cd-42d8-8f47-124c025e4482,Auto shipment 2968,78b74b5c-e459-4f23-b196-79e2b104375d,2024-12-11T00:00:00+00:00,2024-12-12T03:05:00+00:00,421,shipped,CUST-7646,synthetic,2024-12-11T00:00:00+00:00
026c0872-c62b-44e9-827d-7908f631c823,Auto shipment 2969,78b74b5c-e459-4f23-b196-79e2b104375d,2025-09-11T00:00:00+00:00,2025-09-13T02:51:00+00:00,166,shipped,CUST-3996,synthetic,2025-09-12T00:00:00+00:00
9fee6f37-3f38-4e88-89ff-31769ee609ca,Auto shipment 2970,78b74b5c-e459-4f23-b196-79e2b104375d,2025-05-13T00:00:00+00:00,2025-05-16T19:32:00+00:00,413,shipped,CUST-1156,synthetic,2025-05-15T00:00:00+00:00
ed4444d7-d8bc-420f-ba8d-2b6e25c643b9,Auto shipment 2971,78b74b5c-e459-4f23-b196-79e2b104375d,2025-07-12T00:00:00+00:00,2025-07-12T20:21:00+00:00,368,shipped,CUST-7738,synthetic,2025-07-11T00:00:00+00:00
f21e9023-6607-4ba0-a65f-8b5d087af0ab,Auto shipment 2972,68db2e0c-1613-41ae-a22c-4959cbb08fe6,2025-09-28T00:00:00+00:00,2025-10-01T00:48:00+00:00,284,shipped,CUST-5896,synthetic,2025-09-30T00:00:00+00:00
4803b400-867a-473b-bf3a-4e435431269f,Auto shipment 2973,78b74b5c-e459-4f23-b196-79e2b104375d,2025-09-03T00:00:00+00:00,2025-09-06T12:01:00+00:00,210,shipped,CUST-2867,synthetic,2025-09-05T00:00:00+00:00
7ddb8cb0-40c0-47f1-9fff-c71c0008b63c,Auto shipment 2974,1c21be0f-7a41-4fd2-98f6-829a3308a50a,2025-01-06T00:00:00+00:00,2025-01-09T20:38:00+00:00,138,shipped,CUST-6136,synthetic,2025-01-08T00:00:00+00:00
49dcf21e-1fed-4af4-936f-28ce7254aece,Auto shipment 2975,1c21be0f-7a41-4fd2-98f6-829a3308a50a,2025-08-09T00:00:00+00:00,2025-08-13T18:17:00+00:00,202,shipped,CUST-3098,synthetic,2025-08-12T00:00:00+00:00
ab32ffc5-bb91-4f0d-b15d-46e5699a3e8a,Auto shipment 2976,78b74b5c-e459-4f23-b196-79e2b104375d,2025-05-25T00:00:00+00:00,2025-05-26T18:21:00+00:00,294,shipped,CUST-2287,synthetic,2025-05-25T00:00:00+00:00
5c811aaa-f7d2-46a9-b14a-6b0ffd762063,Auto shipment 2977,78b74b5c-e459-4f23-b196-79e2b104375d,2025-10-22T00:00:00+00:00,2025-10-26T22:58:00+00:00,153,shipped,CUST-3826,synthetic,2025-10-25T00:00:00+00:00
33a2f1a5-0c73-44cd-bb46-007d0c97d78d,Auto shipment 2978,78b74b5c-e459-4f23-b196-79e2b104375d,2025-02-28T00:00:00+00:00,2025-02-28T22:37:00+00:00,317,shipped,CUST-7787,synthetic,2025-02-27T00:00:00+00:00
3e09a352-b4dd-4035-ae36-6a2e4be66d1e,Auto shipment 2979,1c21be0f-7a41-4fd2-98f6-829a3308a50a,2025-01-30T00:00:00+00:00,2025-02-01T07:05:00+00:00,176,shipped,CUST-4575,synthetic,2025-01-31T00:00:00+00:00
e735c7ef-118e-4185-a064-1768047747aa,Auto shipment 2980,68db2e0c-1613-41ae-a22c-4959cbb08fe6,2025-08-03T00:00:00+00:00,2025-08-06T17:05:00+00:00,227,shipped,CUST-2878,synthetic,2025-08-05T00:00:00+00:00
c6ea87dd-97ee-419f-8ed8-edf391ea6a61,Auto shipment 2981,78b74b5c-e459-4f23-b196-79e2b104375d,2025-07-27T00:00:00+00:00,2025-07-29T22:18:00+00:00,534,shipped,CUST-8421,synthetic,2025-07-28T00:00:00+00:00
0ddcfc76-b902-4d55-8ec8-612e4ba67f9f,Auto shipment 2982,1c21be0f-7a41-4fd2-98f6-829a3308a50a,2025-09-01T00:00:00+00:00,2025-09-03T10:34:00+00:00,303,shipped,CUST-3588,synthetic,2025-09-02T00:00:00+00:00
b897a742-9d2f-43af-8764-4a7ad4e562fe,Auto shipment 2983,78b74b5c-e459-4f23-b196-79e2b104375d,2024-12-27T00:00:00+00:00,2024-12-27T06:31:00+00:00,155,shipped,CUST-4029,synthetic,2024-12-26T00:00:00+00:00
8d4e4705-b741-452e-bea0-71fc391c40ab,Auto shipment 2984,78b74b5c-e459-4f23-b196-79e2b104375d,2025-05-03T00:00:00+00:00,2025-05-07T18:14:00+00:00,343,shipped,CUST-9788,synthetic,2025-05-06T00:00:00+00:00
3c8c7583-e5db-468d-8e5f-6e3f9c30e629,Auto shipment 2985,78b74b5c-e459-4f23-b196-79e2b104375d,2025-07-30T00:00:00+00:00,2025-08-03T14:50:00+00:00,375,shipped,CUST-9444,synthetic,2025-08-02T00:00:00+00:00
e6e2a299-757b-4d99-b558-0db3dedb65ca,Auto shipment 2986,78b74b5c-e459-4f23-b196-79e2b104375d,2025-04-12T00:00:00+00:00,2025-04-12T10:20:00+00:00,267,shipped,CUST-2043,synthetic,2025-04-11T00:00:00+00:00
f98f07d2-fd3d-48e9-a027-c00d3c80709e,Auto shipment 2987,78b74b5c-e459-4f23-b196-79e2b104375d,2025-06-17T00:00:00+00:00,2025-06-20T00:18:00+00:00,400,shipped,CUST-8828,synthetic,2025-06-19T00:00:00+00:00
67f16c13-73e8-44f6-b309-707268f7bac0,Auto shipment 2988,68db2e0c-1613-41ae-a22c-4959cbb08fe6,2025-08-15T00:00:00+00:00,2025-08-18T11:05:00+00:00,403,shipped,CUST-1675,synthetic,2025-08-17T00:00:00+00:00
0aa500ec-fa41-4f62-a4cf-e0855bca78ae,Auto shipment 2989,68db2e0c-1613-41ae-a22c-4959cbb08fe6,2024-11-17T00:00:00+00:00,2024-11-20T18:35:00+00:00,233,shipped,CUST-9302,synthetic,2024-11-19T00:00:00+00:00
6389346e-abe1-4f1a-939d-5ca96adbc593,Auto shipment 2990,1c21be0f-7a41-4fd2-98f6-829a3308a50a,2025-04-03T00:00:00+00:00,2025-04-03T09:38:00+00:00,313,shipped,CUST-6274,synthetic,2025-04-02T00:00:00+00:00
ca915c3d-c78a-4b71-a8c1-f4ae62e4c153,Auto shipment 2991,68db2e0c-1613-41ae-a22c-4959cbb08fe6,2025-09-17T00:00:00+00:00,2025-09-20T16:45:00+00:00,339,shipped,CUST-5059,synthetic,2025-09-19T00:00:00+00:00
af54e722-d036-4a6e-8257-d1c55ed56876,Auto shipment 2992,68db2e0c-1613-41ae-a22c-4959cbb08fe6,2025-07-02T00:00:00+00:00,2025-07-04T10:06:00+00:00,257,shipped,CUST-7778,synthetic,2025-07-03T00:00:00+00:00
39b3bc3b-b78c-4808-b361-f917a295be79,Auto shipment 2993,78b74b5c-e459-4f23-b196-79e2b104375d,2024-11-17T00:00:00+00:00,2024-11-17T13:32:00+00:00,200,shipped,CUST-8075,synthetic,2024-11-16T00:00:00+00:00
7e9a6756-42a1-4bc6-81f6-c31662ba9a66,Auto shipment 2994,68db2e0c-1613-41ae-a22c-4959cbb08fe6,2025-04-06T00:00:00+00:00,2025-04-06T21:49:00+00:00,273,shipped,CUST-8513,synthetic,2025-04-05T00:00:00+00:00
33ade225-0838-40b3-8518-1f75e1b41c2b,Auto shipment 2995,68db2e0c-1613-41ae-a22c-4959cbb08fe6,2025-03-11T00:00:00+00:00,2025-03-11T16:56:00+00:00,138,shipped,CUST-5764,synthetic,2025-03-10T00:00:00+00:00
813c147d-a15d-4f1c-81b3-a00bd7c3537a,Auto shipment 2996,68db2e0c-1613-41ae-a22c-4959cbb08fe6,2025-01-10T00:00:00+00:00,2025-01-10T19:18:00+00:00,126,shipped,CUST-7526,synthetic,2025-01-09T00:00:00+00:00
eeb6b8a8-798b-431a-a6a1-7b2a09766853,Auto shipment 2997,68db2e0c-1613-41ae-a22c-4959cbb08fe6,2025-05-31T00:00:00+00:00,2025-05-31T05:20:00+00:00,175,shipped,CUST-6047,synthetic,2025-05-30T00:00:00+00:00
65e5ce89-9c4b-476c-8c4f-4e49abeca15c,Auto shipment 2998,68db2e0c-1613-41ae-a22c-4959cbb08fe6,2024-12-16T00:00:00+00:00,2024-12-20T17:32:00+00:00,94,shipped,CUST-7450,synthetic,2024-12-19T00:00:00+00:00
005f7d51-7d69-42db-99b8-4be63cf06c52,Auto shipment 2999,78b74b5c-e459-4f23-b196-79e2b104375d,2025-08-09T00:00:00+00:00,2025-08-13T18:43:00+00:00,237,shipped,CUST-4348,synthetic,2025-08-12T00:00:00+00:00
13aac445-4663-4420-be21-438a375d5dbf,Auto shipment 3000,68db2e0c-1613-41ae-a22c-4959cbb08fe6,2025-09-22T00:00:00+00:00,2025-09-22T00:37:00+00:00,135,shipped,CUST-2181,synthetic,2025-09-21T00:00:00+00:00
8188b54e-f567-48b7-ae38-9f896df80506,Auto shipment 3001,68db2e0c-1613-41ae-a22c-4959cbb08fe6,2025-07-14T00:00:00+00:00,2025-07-17T10:33:00+00:00,390,shipped,CUST-4420,synthetic,2025-07-16T00:00:00+00:00
7b267732-bf49-45f7-9ec1-7ca42f970a7e,Auto shipment 3002,78b74b5c-e459-4f23-b196-79e2b104375d,2025-07-16T00:00:00+00:00,2025-07-19T03:33:00+00:00,446,shipped,CUST-4132,synthetic,2025-07-18T00:00:00+00:00
284e26dd-bcfa-4f07-86f6-69c725a794cc,Auto shipment 3003,1c21be0f-7a41-4fd2-98f6-829a3308a50a,2025-04-16T00:00:00+00:00,2025-04-16T08:25:00+00:00,255,shipped,CUST-4122,synthetic,2025-04-15T00:00:00+00:00
29249ebf-ca7b-4ccd-a204-a9b416efbe4d,Auto shipment 3004,68db2e0c-1613-41ae-a22c-4959cbb08fe6,2025-09-16T00:00:00+00:00,2025-09-20T15:14:00+00:00,197,shipped,CUST-9942,synthetic,2025-09-19T00:00:00+00:00
4cf08f9a-3993-4d91-8192-5e379a62764d,Auto shipment 3005,68db2e0c-1613-41ae-a22c-4959cbb08fe6,2025-03-02T00:00:00+00:00,2025-03-05T16:16:00+00:00,260,shipped,CUST-5562,synthetic,2025-03-04T00:00:00+00:00
17f41b32-b735-461f-8e6b-181a291d75a7,Auto shipment 3006,68db2e0c-1613-41ae-a22c-4959cbb08fe6,2025-10-15T00:00:00+00:00,2025-10-15T19:48:00+00:00,447,shipped,CUST-4099,synthetic,2025-10-14T00:00:00+00:00
bf908f05-1d8b-43e0-b5e8-f4311a2c81ef,Auto shipment 3007,68db2e0c-1613-41ae-a22c-4959cbb08fe6,2025-03-10T00:00:00+00:00,2025-03-11T01:42:00+00:00,331,shipped,CUST-8022,synthetic,2025-03-10T00:00:00+00:00
be32919e-9975-466a-9cfa-cc061643d2e7,Auto shipment 3008,1c21be0f-7a41-4fd2-98f6-829a3308a50a,2025-01-23T00:00:00+00:00,2025-01-24T12:30:00+00:00,173,shipped,CUST-3687,synthetic,2025-01-23T00:00:00+00:00
80bbf0e4-efaf-4753-937a-2df3262d28c3,Auto shipment 3009,78b74b5c-e459-4f23-b196-79e2b104375d,2025-08-11T00:00:00+00:00,2025-08-11T19:09:00+00:00,342,shipped,CUST-3693,synthetic,2025-08-10T00:00:00+00:00
9ce7511a-11bd-4a62-9544-e0fac558b35b,Auto shipment 3010,78b74b5c-e459-4f23-b196-79e2b104375d,2024-12-25T00:00:00+00:00,2024-12-26T06:02:00+00:00,355,shipped,CUST-7992,synthetic,2024-12-25T00:00:00+00:00
ae7533e7-7a14-418e-8be8-040359aeb410,Auto shipment 3011,78b74b5c-e459-4f23-b196-79e2b104375d,2025-01-25T00:00:00+00:00,2025-01-27T17:06:00+00:00,173,shipped,CUST-5664,synthetic,2025-01-26T00:00:00+00:00
1e32c686-d3b6-4c0d-9494-73151b2b6003,Auto shipment 3012,1c21be0f-7a41-4fd2-98f6-829a3308a50a,2024-12-22T00:00:00+00:00,2024-12-26T05:48:00+00:00,285,shipped,CUST-1966,synthetic,2024-12-25T00:00:00+00:00
9cdcc95a-eed2-4f33-95c1-1f02c7be627c,Auto shipment 3013,1c21be0f-7a41-4fd2-98f6-829a3308a50a,2024-12-02T00:00:00+00:00,2024-12-03T08:12:00+00:00,275,shipped,CUST-6611,synthetic,2024-12-02T00:00:00+00:00
4e89acab-ef0c-454c-af3d-d3bdc2087eee,Auto shipment 3014,1c21be0f-7a41-4fd2-98f6-829a3308a50a,2025-05-10T00:00:00+00:00,2025-05-14T06:43:00+00:00,350,shipped,CUST-6114,synthetic,2025-05-13T00:00:00+00:00
c022f60b-f0b2-439d-bb77-7d1ea8138a53,Auto shipment 3015,1c21be0f-7a41-4fd2-98f6-829a3308a50a,2025-04-14T00:00:00+00:00,2025-04-14T22:25:00+00:00,275,shipped,CUST-6056,synthetic,2025-04-13T00:00:00+00:00
e9b30fda-86cc-4802-8f78-1d6bd0eaf397,Auto shipment 3016,1c21be0f-7a41-4fd2-98f6-829a3308a50a,2025-01-21T00:00:00+00:00,2025-01-21T12:56:00+00:00,408,shipped,CUST-9058,synthetic,2025-01-20T00:00:00+00:00
2b46f849-3f83-4b17-adaf-99055f8f3128,Auto shipment 3017,1c21be0f-7a41-4fd2-98f6-829a3308a50a,2025-09-19T00:00:00+00:00,2025-09-21T13:34:00+00:00,213,shipped,CUST-4479,synthetic,2025-09-20T00:00:00+00:00
b9ce15da-456d-47ed-9fc3-fd461561c726,Auto shipment 3018,78b74b5c-e459-4f23-b196-79e2b104375d,2025-06-09T00:00:00+00:00,2025-06-10T14:32:00+00:00,250,shipped,CUST-6488,synthetic,2025-06-09T00:00:00+00:00
c6787c43-b434-4e73-9948-1233bf80f434,Auto shipment 3019,68db2e0c-1613-41ae-a22c-4959cbb08fe6,2025-03-31T00:00:00+00:00,2025-04-02T20:27:00+00:00,163,shipped,CUST-5345,synthetic,2025-04-01T00:00:00+00:00
e1f2859a-367e-4766-9bd6-2c61808a4e8c,Auto shipment 3020,1c21be0f-7a41-4fd2-98f6-829a3308a50a,2025-05-18T00:00:00+00:00,2025-05-22T05:32:00+00:00,235,shipped,CUST-1489,synthetic,2025-05-21T00:00:00+00:00
18e61464-6c71-4973-ba23-5d36d7c942bb,Auto shipment 3021,68db2e0c-1613-41ae-a22c-4959cbb08fe6,2025-01-11T00:00:00+00:00,2025-01-13T12:54:00+00:00,392,shipped,CUST-8896,synthetic,2025-01-12T00:00:00+00:00
f8271298-9c7c-4632-8424-3d3f692e8bbf,Auto shipment 3022,78b74b5c-e459-4f23-b196-79e2b104375d,2025-07-11T00:00:00+00:00,2025-07-12T09:26:00+00:00,151,shipped,CUST-7360,synthetic,2025-07-11T00:00:00+00:00
9d7bb68e-dcbb-445d-9fef-b557cd8ed79f,Auto shipment 3023,68db2e0c-1613-41ae-a22c-4959cbb08fe6,2025-05-09T00:00:00+00:00,2025-05-13T03:10:00+00:00,371,shipped,CUST-9950,synthetic,2025-05-12T00:00:00+00:00
573966f0-8259-4784-aacd-fa4fc7500ddc,Auto shipment 3024,68db2e0c-1613-41ae-a22c-4959cbb08fe6,2025-09-25T00:00:00+00:00,2025-09-28T13:16:00+00:00,258,shipped,CUST-7335,synthetic,2025-09-27T00:00:00+00:00
ebb71e5e-d4c8-4a46-be94-26194b13e163,Auto shipment 3025,78b74b5c-e459-4f23-b196-79e2b104375d,2024-11-14T00:00:00+00:00,2024-11-14T05:15:00+00:00,196,shipped,CUST-8655,synthetic,2024-11-13T00:00:00+00:00
0df44b4a-0bc8-4c74-a75d-71c22b6b3952,Auto shipment 3026,1c21be0f-7a41-4fd2-98f6-829a3308a50a,2025-08-23T00:00:00+00:00,2025-08-23T05:48:00+00:00,348,shipped,CUST-8939,synthetic,2025-08-22T00:00:00+00:00
230da76a-ab85-40e2-8c74-c8058f355eb2,Auto shipment 3027,68db2e0c-1613-41ae-a22c-4959cbb08fe6,2025-10-02T00:00:00+00:00,2025-10-04T02:46:00+00:00,426,shipped,CUST-4565,synthetic,2025-10-03T00:00:00+00:00
d961598b-01b9-4679-9e5b-9a12753fd5cf,Auto shipment 3028,1c21be0f-7a41-4fd2-98f6-829a3308a50a,2025-07-25T00:00:00+00:00,2025-07-28T06:18:00+00:00,162,shipped,CUST-8667,synthetic,2025-07-27T00:00:00+00:00
584eb29d-a148-4f20-86f6-623da9025e33,Auto shipment 3029,78b74b5c-e459-4f23-b196-79e2b104375d,2024-12-04T00:00:00+00:00,2024-12-04T00:36:00+00:00,282,shipped,CUST-4611,synthetic,2024-12-03T00:00:00+00:00
a62b5f91-319f-4ce3-aaa2-27aae7720e3a,Auto shipment 3030,78b74b5c-e459-4f23-b196-79e2b104375d,2024-11-12T00:00:00+00:00,2024-11-12T00:25:00+00:00,446,shipped,CUST-6256,synthetic,2024-11-11T00:00:00+00:00
efc263bd-a626-4d3f-aed0-f6ab9e1ca97c,Auto shipment 3031,68db2e0c-1613-41ae-a22c-4959cbb08fe6,2025-06-06T00:00:00+00:00,2025-06-07T19:54:00+00:00,254,shipped,CUST-8495,synthetic,2025-06-06T00:00:00+00:00
98523aaf-463a-4fa9-b6e7-d5ab660184f5,Auto shipment 3032,78b74b5c-e459-4f23-b196-79e2b104375d,2025-02-23T00:00:00+00:00,2025-02-27T15:46:00+00:00,270,shipped,CUST-7319,synthetic,2025-02-26T00:00:00+00:00
f3158c2a-c058-4502-a5d3-0f6e68150ea8,Auto shipment 3033,1c21be0f-7a41-4fd2-98f6-829a3308a50a,2025-05-03T00:00:00+00:00,2025-05-03T19:06:00+00:00,450,shipped,CUST-2952,synthetic,2025-05-02T00:00:00+00:00
5a0bd068-4cc6-4168-83b7-473aae2a57a3,Auto shipment 3034,1c21be0f-7a41-4fd2-98f6-829a3308a50a,2025-07-25T00:00:00+00:00,2025-07-27T05:17:00+00:00,321,shipped,CUST-6042,synthetic,2025-07-26T00:00:00+00:00
51456803-712e-460e-bf2f-91d07bd7595c,Auto shipment 3035,1c21be0f-7a41-4fd2-98f6-829a3308a50a,2025-06-16T00:00:00+00:00,2025-06-16T10:27:00+00:00,374,shipped,CUST-2547,synthetic,2025-06-15T00:00:00+00:00
876d14ce-14c7-4397-8593-4773cce7a69b,Auto shipment 3036,78b74b5c-e459-4f23-b196-79e2b104375d,2025-06-11T00:00:00+00:00,2025-06-15T06:10:00+00:00,259,shipped,CUST-8130,synthetic,2025-06-14T00:00:00+00:00
eddb1114-613e-4dae-abdb-394b82814101,Auto shipment 3037,78b74b5c-e459-4f23-b196-79e2b104375d,2025-07-15T00:00:00+00:00,2025-07-17T17:53:00+00:00,262,shipped,CUST-3405,synthetic,2025-07-16T00:00:00+00:00
cc08654b-5fcc-4bda-83d4-4a508b60ca4e,Auto shipment 3038,1c21be0f-7a41-4fd2-98f6-829a3308a50a,2025-08-19T00:00:00+00:00,2025-08-22T11:29:00+00:00,267,shipped,CUST-6825,synthetic,2025-08-21T00:00:00+00:00
1d1568a8-2cb0-42c0-a70d-0ffe1c98f917,Auto shipment 3039,68db2e0c-1613-41ae-a22c-4959cbb08fe6,2025-09-08T00:00:00+00:00,2025-09-12T16:26:00+00:00,412,shipped,CUST-2989,synthetic,2025-09-11T00:00:00+00:00
75f60238-0933-4724-b2d3-fdb39e18432f,Auto shipment 3040,1c21be0f-7a41-4fd2-98f6-829a3308a50a,2025-05-01T00:00:00+00:00,2025-05-03T22:04:00+00:00,432,shipped,CUST-7487,synthetic,2025-05-02T00:00:00+00:00
7a329fb9-9a96-42d2-989f-e6abe25eff8d,Auto shipment 3041,78b74b5c-e459-4f23-b196-79e2b104375d,2025-07-05T00:00:00+00:00,2025-07-07T19:42:00+00:00,379,shipped,CUST-2805,synthetic,2025-07-06T00:00:00+00:00
9b6aa6af-8986-4840-91ee-24bd14650a1e,Auto shipment 3042,1c21be0f-7a41-4fd2-98f6-829a3308a50a,2025-04-13T00:00:00+00:00,2025-04-14T17:16:00+00:00,115,shipped,CUST-6987,synthetic,2025-04-13T00:00:00+00:00
7e044db6-5647-4345-98f4-af15de8b96c6,Auto shipment 3043,68db2e0c-1613-41ae-a22c-4959cbb08fe6,2024-11-28T00:00:00+00:00,2024-11-29T17:24:00+00:00,112,shipped,CUST-5058,synthetic,2024-11-28T00:00:00+00:00
2a07fff9-41d4-4551-8175-fc34d1880720,Auto shipment 3044,78b74b5c-e459-4f23-b196-79e2b104375d,2024-11-28T00:00:00+00:00,2024-12-01T08:48:00+00:00,384,shipped,CUST-7296,synthetic,2024-11-30T00:00:00+00:00
b819e94b-1fef-47e4-b722-fc9530d1ab2e,Auto shipment 3045,68db2e0c-1613-41ae-a22c-4959cbb08fe6,2024-12-26T00:00:00+00:00,2024-12-30T10:39:00+00:00,279,shipped,CUST-8365,synthetic,2024-12-29T00:00:00+00:00
c4e311cd-d8fd-4324-b40d-66abec563003,Auto shipment 3046,68db2e0c-1613-41ae-a22c-4959cbb08fe6,2024-11-12T00:00:00+00:00,2024-11-16T05:00:00+00:00,265,shipped,CUST-5135,synthetic,2024-11-15T00:00:00+00:00
76d56dfe-6399-457b-9b74-5772edd494b6,Auto shipment 3047,68db2e0c-1613-41ae-a22c-4959cbb08fe6,2024-11-17T00:00:00+00:00,2024-11-17T05:44:00+00:00,397,shipped,CUST-9179,synthetic,2024-11-16T00:00:00+00:00
0e91e5c2-3c07-4ee7-8ce3-e0b3f76c1433,Auto shipment 3048,78b74b5c-e459-4f23-b196-79e2b104375d,2025-04-13T00:00:00+00:00,2025-04-17T20:36:00+00:00,354,shipped,CUST-2612,synthetic,2025-04-16T00:00:00+00:00
efc3ee01-6b2b-435d-b55a-360408b9afc2,Auto shipment 3049,68db2e0c-1613-41ae-a22c-4959cbb08fe6,2025-08-30T00:00:00+00:00,2025-09-01T08:23:00+00:00,263,shipped,CUST-5060,synthetic,2025-08-31T00:00:00+00:00
9ea5aee2-4a73-45c2-8525-c494fb0956f9,Auto shipment 3050,1c21be0f-7a41-4fd2-98f6-829a3308a50a,2025-08-11T00:00:00+00:00,2025-08-12T13:33:00+00:00,206,shipped,CUST-5261,synthetic,2025-08-11T00:00:00+00:00
233e1efe-6dc0-4351-9190-2bd79ac57ef9,Auto shipment 3051,68db2e0c-1613-41ae-a22c-4959cbb08fe6,2025-01-03T00:00:00+00:00,2025-01-05T13:15:00+00:00,488,shipped,CUST-1861,synthetic,2025-01-04T00:00:00+00:00
224f5066-606b-49a4-9220-0162b658b7c0,Auto shipment 3052,78b74b5c-e459-4f23-b196-79e2b104375d,2025-07-23T00:00:00+00:00,2025-07-24T13:08:00+00:00,240,shipped,CUST-7391,synthetic,2025-07-23T00:00:00+00:00
3ad3e5a0-4656-4890-9838-65294dc98ed7,Auto shipment 3053,1c21be0f-7a41-4fd2-98f6-829a3308a50a,2025-09-10T00:00:00+00:00,2025-09-13T15:13:00+00:00,336,shipped,CUST-9475,synthetic,2025-09-12T00:00:00+00:00
99f1d994-a323-43da-addd-9d9860768aa4,Auto shipment 3054,78b74b5c-e459-4f23-b196-79e2b104375d,2025-07-01T00:00:00+00:00,2025-07-01T02:54:00+00:00,372,shipped,CUST-7089,synthetic,2025-06-30T00:00:00+00:00
492dc27b-dac0-44a2-931c-e3c285d2c270,Auto shipment 3055,1c21be0f-7a41-4fd2-98f6-829a3308a50a,2025-10-25T00:00:00+00:00,2025-10-26T20:25:00+00:00,436,shipped,CUST-1135,synthetic,2025-10-25T00:00:00+00:00
2eda00db-b031-41b9-86f1-42488f6b4de0,Auto shipment 3056,78b74b5c-e459-4f23-b196-79e2b104375d,2025-05-23T00:00:00+00:00,2025-05-25T22:25:00+00:00,232,shipped,CUST-2194,synthetic,2025-05-24T00:00:00+00:00
ac002e24-f5b5-4ba0-8752-2d728f1a48a0,Auto shipment 3057,1c21be0f-7a41-4fd2-98f6-829a3308a50a,2025-05-02T00:00:00+00:00,2025-05-02T11:26:00+00:00,339,shipped,CUST-1703,synthetic,2025-05-01T00:00:00+00:00
ce5695a0-c889-49f1-bc33-0e872aea8277,Auto shipment 3058,1c21be0f-7a41-4fd2-98f6-829a3308a50a,2025-01-22T00:00:00+00:00,2025-01-22T10:22:00+00:00,131,shipped,CUST-7286,synthetic,2025-01-21T00:00:00+00:00
1d6dff26-2eb2-4922-94bb-1af347e78c8c,Auto shipment 3059,1c21be0f-7a41-4fd2-98f6-829a3308a50a,2025-05-04T00:00:00+00:00,2025-05-04T16:46:00+00:00,388,shipped,CUST-7238,synthetic,2025-05-03T00:00:00+00:00
53a8daf5-bcc9-4809-9597-b84ba1a9bf7f,Auto shipment 3060,78b74b5c-e459-4f23-b196-79e2b104375d,2024-12-20T00:00:00+00:00,2024-12-23T17:03:00+00:00,362,shipped,CUST-4526,synthetic,2024-12-22T00:00:00+00:00
2b65e020-9862-47e5-aeac-3191da4b5ee0,Auto shipment 3061,68db2e0c-1613-41ae-a22c-4959cbb08fe6,2025-08-20T00:00:00+00:00,2025-08-23T01:54:00+00:00,401,shipped,CUST-4669,synthetic,2025-08-22T00:00:00+00:00
b99587ad-7d78-4ea4-8703-394f18788436,Auto shipment 3062,1c21be0f-7a41-4fd2-98f6-829a3308a50a,2024-11-20T00:00:00+00:00,2024-11-22T06:54:00+00:00,216,shipped,CUST-6625,synthetic,2024-11-21T00:00:00+00:00
3ec2a792-2407-4578-813e-8b7cf2ef7f3e,Auto shipment 3063,1c21be0f-7a41-4fd2-98f6-829a3308a50a,2025-07-21T00:00:00+00:00,2025-07-25T18:47:00+00:00,338,shipped,CUST-5709,synthetic,2025-07-24T00:00:00+00:00
923e9778-357a-43ea-869e-014bfd540033,Auto shipment 3064,1c21be0f-7a41-4fd2-98f6-829a3308a50a,2024-12-12T00:00:00+00:00,2024-12-12T06:18:00+00:00,382,shipped,CUST-7295,synthetic,2024-12-11T00:00:00+00:00
e9f58641-833b-4caf-a577-5c4d3ed8a79c,Auto shipment 3065,78b74b5c-e459-4f23-b196-79e2b104375d,2025-06-16T00:00:00+00:00,2025-06-20T03:38:00+00:00,395,shipped,CUST-2751,synthetic,2025-06-19T00:00:00+00:00
ca9bdff4-ef90-4fe3-9d69-78fe5287a8c7,Auto shipment 3066,78b74b5c-e459-4f23-b196-79e2b104375d,2025-06-22T00:00:00+00:00,2025-06-25T03:27:00+00:00,186,shipped,CUST-2338,synthetic,2025-06-24T00:00:00+00:00
98496304-3e0f-41f9-9d72-f176f871e148,Auto shipment 3067,78b74b5c-e459-4f23-b196-79e2b104375d,2025-01-08T00:00:00+00:00,2025-01-11T05:38:00+00:00,299,shipped,CUST-2346,synthetic,2025-01-10T00:00:00+00:00
41adc30e-6323-46c4-a64b-7d5ef6e5cc93,Auto shipment 3068,68db2e0c-1613-41ae-a22c-4959cbb08fe6,2025-10-26T00:00:00+00:00,2025-10-27T06:09:00+00:00,253,shipped,CUST-8016,synthetic,2025-10-26T00:00:00+00:00
21bbc897-3769-4892-8ed9-e0c627f6ff77,Auto shipment 3069,78b74b5c-e459-4f23-b196-79e2b104375d,2025-07-10T00:00:00+00:00,2025-07-14T12:13:00+00:00,416,shipped,CUST-9726,synthetic,2025-07-13T00:00:00+00:00
d0bc7b8c-4993-4887-9c00-a91b5af5edcf,Auto shipment 3070,68db2e0c-1613-41ae-a22c-4959cbb08fe6,2025-02-10T00:00:00+00:00,2025-02-13T15:23:00+00:00,429,shipped,CUST-4846,synthetic,2025-02-12T00:00:00+00:00
33adf91e-2875-404a-ae21-a2b01ae58bfe,Auto shipment 3071,1c21be0f-7a41-4fd2-98f6-829a3308a50a,2025-08-09T00:00:00+00:00,2025-08-11T00:28:00+00:00,332,shipped,CUST-9991,synthetic,2025-08-10T00:00:00+00:00
33d6c737-2666-4eca-b3b4-2c4095e4d3a4,Auto shipment 3072,78b74b5c-e459-4f23-b196-79e2b104375d,2025-10-03T00:00:00+00:00,2025-10-07T01:02:00+00:00,141,shipped,CUST-6225,synthetic,2025-10-06T00:00:00+00:00
1fa5fbd5-3305-4672-b4f7-7be7f486d377,Auto shipment 3073,1c21be0f-7a41-4fd2-98f6-829a3308a50a,2025-09-10T00:00:00+00:00,2025-09-11T17:40:00+00:00,173,shipped,CUST-2244,synthetic,2025-09-10T00:00:00+00:00
b27e34f8-99f0-4e78-ab7a-aefebe21f2bb,Auto shipment 3074,68db2e0c-1613-41ae-a22c-4959cbb08fe6,2025-01-17T00:00:00+00:00,2025-01-18T15:41:00+00:00,342,shipped,CUST-2730,synthetic,2025-01-17T00:00:00+00:00
f182f0d9-3754-4131-b506-c90d95f6898c,Auto shipment 3075,1c21be0f-7a41-4fd2-98f6-829a3308a50a,2025-06-30T00:00:00+00:00,2025-07-04T07:01:00+00:00,243,shipped,CUST-4653,synthetic,2025-07-03T00:00:00+00:00
3a6ed936-6204-40cd-ac88-b2155096ef3f,Auto shipment 3076,1c21be0f-7a41-4fd2-98f6-829a3308a50a,2025-01-12T00:00:00+00:00,2025-01-16T03:30:00+00:00,544,shipped,CUST-7984,synthetic,2025-01-15T00:00:00+00:00
5a44aab8-4ba7-4b03-a63e-8c11ad3d8b84,Auto shipment 3077,1c21be0f-7a41-4fd2-98f6-829a3308a50a,2025-09-08T00:00:00+00:00,2025-09-12T09:00:00+00:00,299,shipped,CUST-9524,synthetic,2025-09-11T00:00:00+00:00
0351bfc3-c91e-4ae5-8db6-081917fd7f56,Auto shipment 3078,68db2e0c-1613-41ae-a22c-4959cbb08fe6,2025-10-04T00:00:00+00:00,2025-10-05T03:51:00+00:00,345,shipped,CUST-4768,synthetic,2025-10-04T00:00:00+00:00
9dafd79e-41b9-41d8-98ea-1905a6b03251,Auto shipment 3079,68db2e0c-1613-41ae-a22c-4959cbb08fe6,2025-07-04T00:00:00+00:00,2025-07-08T16:05:00+00:00,326,shipped,CUST-8403,synthetic,2025-07-07T00:00:00+00:00
f6e28721-ef6a-4239-ac90-0cc136989675,Auto shipment 3080,78b74b5c-e459-4f23-b196-79e2b104375d,2025-05-25T00:00:00+00:00,2025-05-26T07:35:00+00:00,430,shipped,CUST-9433,synthetic,2025-05-25T00:00:00+00:00
cfc8bfd9-4e91-4a60-a48b-b52fa03628c5,Auto shipment 3081,68db2e0c-1613-41ae-a22c-4959cbb08fe6,2025-03-25T00:00:00+00:00,2025-03-27T01:35:00+00:00,317,shipped,CUST-3488,synthetic,2025-03-26T00:00:00+00:00
b9d7c997-d3cb-4c28-94a7-6d6ef5e411ff,Auto shipment 3082,78b74b5c-e459-4f23-b196-79e2b104375d,2025-09-11T00:00:00+00:00,2025-09-14T13:14:00+00:00,411,shipped,CUST-9592,synthetic,2025-09-13T00:00:00+00:00
1133a85b-6ddb-4806-9f86-74f2ca9680f0,Auto shipment 3083,78b74b5c-e459-4f23-b196-79e2b104375d,2025-04-28T00:00:00+00:00,2025-05-02T22:43:00+00:00,258,shipped,CUST-2064,synthetic,2025-05-01T00:00:00+00:00
407ec05d-a7a5-4380-8f3e-34926102fb41,Auto shipment 3084,1c21be0f-7a41-4fd2-98f6-829a3308a50a,2025-09-19T00:00:00+00:00,2025-09-23T15:17:00+00:00,184,shipped,CUST-9771,synthetic,2025-09-22T00:00:00+00:00
e9eda9a6-c5f9-4192-acdc-cb204a138e6e,Auto shipment 3085,68db2e0c-1613-41ae-a22c-4959cbb08fe6,2025-05-11T00:00:00+00:00,2025-05-14T06:19:00+00:00,287,shipped,CUST-2243,synthetic,2025-05-13T00:00:00+00:00
9aecdf97-5bc3-4c81-844f-da37466ef6b9,Auto shipment 3086,1c21be0f-7a41-4fd2-98f6-829a3308a50a,2024-11-26T00:00:00+00:00,2024-11-30T04:51:00+00:00,297,shipped,CUST-6778,synthetic,2024-11-29T00:00:00+00:00
48db1b94-594d-445a-8d73-957f7513f990,Auto shipment 3087,68db2e0c-1613-41ae-a22c-4959cbb08fe6,2025-04-07T00:00:00+00:00,2025-04-07T06:22:00+00:00,514,shipped,CUST-1703,synthetic,2025-04-06T00:00:00+00:00
5e621262-bd3c-4a8d-b757-9e306e07728e,Auto shipment 3088,68db2e0c-1613-41ae-a22c-4959cbb08fe6,2025-05-12T00:00:00+00:00,2025-05-15T15:49:00+00:00,374,shipped,CUST-8129,synthetic,2025-05-14T00:00:00+00:00
3ebbb369-124a-47ed-a91c-a285711b4501,Auto shipment 3089,68db2e0c-1613-41ae-a22c-4959cbb08fe6,2025-08-31T00:00:00+00:00,2025-09-03T20:25:00+00:00,100,shipped,CUST-2058,synthetic,2025-09-02T00:00:00+00:00
95201190-825d-4bb0-ac52-697ab4687b59,Auto shipment 3090,1c21be0f-7a41-4fd2-98f6-829a3308a50a,2025-09-09T00:00:00+00:00,2025-09-10T01:31:00+00:00,375,shipped,CUST-1593,synthetic,2025-09-09T00:00:00+00:00
274ad1c4-5ac9-4b89-a376-b87121ffa12b,Auto shipment 3091,78b74b5c-e459-4f23-b196-79e2b104375d,2025-07-19T00:00:00+00:00,2025-07-21T14:31:00+00:00,358,shipped,CUST-6562,synthetic,2025-07-20T00:00:00+00:00
c851cc23-374b-4bfc-89eb-166a519441cc,Auto shipment 3092,1c21be0f-7a41-4fd2-98f6-829a3308a50a,2025-08-20T00:00:00+00:00,2025-08-24T14:47:00+00:00,219,shipped,CUST-2608,synthetic,2025-08-23T00:00:00+00:00
ad0424f5-370f-4f07-aee5-f72404341b5c,Auto shipment 3093,78b74b5c-e459-4f23-b196-79e2b104375d,2025-02-07T00:00:00+00:00,2025-02-11T08:20:00+00:00,167,shipped,CUST-2873,synthetic,2025-02-10T00:00:00+00:00
7a9fdd2b-af44-4640-9317-7679542a596d,Auto shipment 3094,1c21be0f-7a41-4fd2-98f6-829a3308a50a,2025-07-28T00:00:00+00:00,2025-08-01T01:32:00+00:00,152,shipped,CUST-7885,synthetic,2025-07-31T00:00:00+00:00
dc07193f-ae33-4eec-9de1-518e21540dfd,Auto shipment 3095,1c21be0f-7a41-4fd2-98f6-829a3308a50a,2025-05-08T00:00:00+00:00,2025-05-08T19:27:00+00:00,382,shipped,CUST-3497,synthetic,2025-05-07T00:00:00+00:00
f0a15041-5ebe-4bea-bb93-09ceb76e8e7f,Auto shipment 3096,68db2e0c-1613-41ae-a22c-4959cbb08fe6,2025-07-26T00:00:00+00:00,2025-07-26T06:50:00+00:00,454,shipped,CUST-5477,synthetic,2025-07-25T00:00:00+00:00
311abb9c-cdbf-43dd-9421-59303dd30741,Auto shipment 3097,68db2e0c-1613-41ae-a22c-4959cbb08fe6,2025-01-07T00:00:00+00:00,2025-01-09T22:00:00+00:00,298,shipped,CUST-3507,synthetic,2025-01-08T00:00:00+00:00
e1cc4d9f-4d60-4529-abde-78f5959ed41f,Auto shipment 3098,78b74b5c-e459-4f23-b196-79e2b104375d,2024-12-22T00:00:00+00:00,2024-12-23T21:56:00+00:00,208,shipped,CUST-7789,synthetic,2024-12-22T00:00:00+00:00
97afd883-0f16-4e56-b1af-e2e64b3aff55,Auto shipment 3099,1c21be0f-7a41-4fd2-98f6-829a3308a50a,2025-01-31T00:00:00+00:00,2025-01-31T02:32:00+00:00,113,shipped,CUST-1934,synthetic,2025-01-30T00:00:00+00:00
1ec58d08-c268-42ca-9763-4c56fa51a4f9,Auto shipment 3100,78b74b5c-e459-4f23-b196-79e2b104375d,2025-06-03T00:00:00+00:00,2025-06-07T02:20:00+00:00,195,shipped,CUST-3956,synthetic,2025-06-06T00:00:00+00:00
c0c8900f-ec5c-487b-99cd-0249aeb10a5f,Auto shipment 3101,1c21be0f-7a41-4fd2-98f6-829a3308a50a,2025-01-13T00:00:00+00:00,2025-01-17T02:27:00+00:00,245,shipped,CUST-5924,synthetic,2025-01-16T00:00:00+00:00
6e8d905d-21f4-42cd-907c-c08e9b01f72a,Auto shipment 3102,68db2e0c-1613-41ae-a22c-4959cbb08fe6,2025-01-24T00:00:00+00:00,2025-01-27T21:57:00+00:00,268,shipped,CUST-3031,synthetic,2025-01-26T00:00:00+00:00
201c63de-05ad-49f3-a39e-360200f51886,Auto shipment 3103,1c21be0f-7a41-4fd2-98f6-829a3308a50a,2025-09-13T00:00:00+00:00,2025-09-14T00:10:00+00:00,201,shipped,CUST-5453,synthetic,2025-09-13T00:00:00+00:00
da9d31f8-a81f-41b2-99d3-2bc5d96a7668,Auto shipment 3104,1c21be0f-7a41-4fd2-98f6-829a3308a50a,2025-03-10T00:00:00+00:00,2025-03-14T00:14:00+00:00,322,shipped,CUST-1170,synthetic,2025-03-13T00:00:00+00:00
5837394a-3b63-44f4-8ce7-3f5a2e5de7f1,Auto shipment 3105,1c21be0f-7a41-4fd2-98f6-829a3308a50a,2025-06-02T00:00:00+00:00,2025-06-06T13:21:00+00:00,190,shipped,CUST-5262,synthetic,2025-06-05T00:00:00+00:00
9ee40475-8574-4d76-a94b-d7c8b6de0192,Auto shipment 3106,78b74b5c-e459-4f23-b196-79e2b104375d,2025-03-07T00:00:00+00:00,2025-03-11T10:23:00+00:00,131,shipped,CUST-2590,synthetic,2025-03-10T00:00:00+00:00
5d82a202-f786-4e1e-8c72-98ebea4eccc2,Auto shipment 3107,68db2e0c-1613-41ae-a22c-4959cbb08fe6,2025-03-29T00:00:00+00:00,2025-03-30T07:51:00+00:00,324,shipped,CUST-6636,synthetic,2025-03-29T00:00:00+00:00
d05629ee-ee25-49cb-8e96-19d875690016,Auto shipment 3108,68db2e0c-1613-41ae-a22c-4959cbb08fe6,2025-08-08T00:00:00+00:00,2025-08-11T10:03:00+00:00,268,shipped,CUST-5348,synthetic,2025-08-10T00:00:00+00:00
2d055cc0-1877-47b4-875b-7865f2f5cdcc,Auto shipment 3109,68db2e0c-1613-41ae-a22c-4959cbb08fe6,2025-09-05T00:00:00+00:00,2025-09-08T19:48:00+00:00,414,shipped,CUST-9085,synthetic,2025-09-07T00:00:00+00:00
80a13722-84fa-48c5-9c53-8cfde8f8e70d,Auto shipment 3110,78b74b5c-e459-4f23-b196-79e2b104375d,2024-11-25T00:00:00+00:00,2024-11-26T02:08:00+00:00,326,shipped,CUST-6396,synthetic,2024-11-25T00:00:00+00:00
3c9bff86-559a-4e0f-aec7-1fffb00ac9ce,Auto shipment 3111,68db2e0c-1613-41ae-a22c-4959cbb08fe6,2025-10-12T00:00:00+00:00,2025-10-12T10:15:00+00:00,109,shipped,CUST-5619,synthetic,2025-10-11T00:00:00+00:00
46c32fe5-c2ae-43bf-b4f9-0009de8d75e1,Auto shipment 3112,1c21be0f-7a41-4fd2-98f6-829a3308a50a,2025-01-05T00:00:00+00:00,2025-01-08T03:01:00+00:00,411,shipped,CUST-1670,synthetic,2025-01-07T00:00:00+00:00
9f6059d2-c035-4069-9532-fc3dcc2cf111,Auto shipment 3113,68db2e0c-1613-41ae-a22c-4959cbb08fe6,2025-04-23T00:00:00+00:00,2025-04-27T03:05:00+00:00,142,shipped,CUST-8649,synthetic,2025-04-26T00:00:00+00:00
eedf81ab-269e-4ac2-b6f0-2c6d046e625b,Auto shipment 3114,68db2e0c-1613-41ae-a22c-4959cbb08fe6,2025-02-21T00:00:00+00:00,2025-02-25T13:00:00+00:00,398,shipped,CUST-2536,synthetic,2025-02-24T00:00:00+00:00
a0a128db-0c2e-4a8d-9da7-d33f0097ba20,Auto shipment 3115,1c21be0f-7a41-4fd2-98f6-829a3308a50a,2025-03-25T00:00:00+00:00,2025-03-25T08:21:00+00:00,203,shipped,CUST-4933,synthetic,2025-03-24T00:00:00+00:00
0fedd206-6885-4706-b240-0b8a74921d1b,Auto shipment 3116,1c21be0f-7a41-4fd2-98f6-829a3308a50a,2025-02-22T00:00:00+00:00,2025-02-26T11:18:00+00:00,194,shipped,CUST-6940,synthetic,2025-02-25T00:00:00+00:00
6ec3ba57-5385-45a9-95d7-a3714ad314d8,Auto shipment 3117,68db2e0c-1613-41ae-a22c-4959cbb08fe6,2024-11-23T00:00:00+00:00,2024-11-25T10:50:00+00:00,526,shipped,CUST-6768,synthetic,2024-11-24T00:00:00+00:00
1cf71d83-ff90-49b7-b6e3-8fd0e0c978b8,Auto shipment 3118,78b74b5c-e459-4f23-b196-79e2b104375d,2025-09-04T00:00:00+00:00,2025-09-08T02:10:00+00:00,379,shipped,CUST-4272,synthetic,2025-09-07T00:00:00+00:00
a597cff6-6ba9-40d1-bd09-3c9e0887bfa5,Auto shipment 3119,1c21be0f-7a41-4fd2-98f6-829a3308a50a,2025-03-29T00:00:00+00:00,2025-03-31T15:50:00+00:00,336,shipped,CUST-2486,synthetic,2025-03-30T00:00:00+00:00
a9ee325c-a89b-4466-927a-23bb652d7fc1,Auto shipment 3120,1c21be0f-7a41-4fd2-98f6-829a3308a50a,2025-02-05T00:00:00+00:00,2025-02-05T13:29:00+00:00,199,shipped,CUST-5041,synthetic,2025-02-04T00:00:00+00:00
8b0d15ce-5d5c-4e7e-a669-86e826a40465,Auto shipment 3121,1c21be0f-7a41-4fd2-98f6-829a3308a50a,2025-02-28T00:00:00+00:00,2025-03-02T09:33:00+00:00,433,shipped,CUST-2143,synthetic,2025-03-01T00:00:00+00:00
67daf856-5c8a-43ec-b8d4-b1a3a6a8a330,Auto shipment 3122,78b74b5c-e459-4f23-b196-79e2b104375d,2025-10-17T00:00:00+00:00,2025-10-19T19:15:00+00:00,256,shipped,CUST-8035,synthetic,2025-10-18T00:00:00+00:00
d99e54f1-313e-4603-bf30-5abf86387ef1,Auto shipment 3123,78b74b5c-e459-4f23-b196-79e2b104375d,2025-07-31T00:00:00+00:00,2025-08-02T02:03:00+00:00,333,shipped,CUST-3760,synthetic,2025-08-01T00:00:00+00:00
f8467181-3e92-4ac5-89e0-9337d6b67e86,Auto shipment 3124,78b74b5c-e459-4f23-b196-79e2b104375d,2025-03-16T00:00:00+00:00,2025-03-19T04:48:00+00:00,100,shipped,CUST-2703,synthetic,2025-03-18T00:00:00+00:00
ccadb17b-22cb-42f7-95c9-b9fa43090bdc,Auto shipment 3125,78b74b5c-e459-4f23-b196-79e2b104375d,2024-12-12T00:00:00+00:00,2024-12-16T00:31:00+00:00,208,shipped,CUST-9800,synthetic,2024-12-15T00:00:00+00:00
ab47d31a-2ca2-4dad-ab6b-ea9ecf47e0c6,Auto shipment 3126,78b74b5c-e459-4f23-b196-79e2b104375d,2025-05-27T00:00:00+00:00,2025-05-29T04:03:00+00:00,155,shipped,CUST-5603,synthetic,2025-05-28T00:00:00+00:00
441a1379-b495-44db-9c4e-4966dadf524b,Auto shipment 3127,1c21be0f-7a41-4fd2-98f6-829a3308a50a,2025-04-21T00:00:00+00:00,2025-04-21T19:52:00+00:00,281,shipped,CUST-6845,synthetic,2025-04-20T00:00:00+00:00
0c34313c-b915-4daa-8c4e-6d9291a606f3,Auto shipment 3128,68db2e0c-1613-41ae-a22c-4959cbb08fe6,2025-02-17T00:00:00+00:00,2025-02-20T09:10:00+00:00,292,shipped,CUST-3019,synthetic,2025-02-19T00:00:00+00:00
dc3efe46-b8a7-46d7-b8b6-e0057a868ca2,Auto shipment 3129,1c21be0f-7a41-4fd2-98f6-829a3308a50a,2024-11-30T00:00:00+00:00,2024-12-04T02:40:00+00:00,126,shipped,CUST-6648,synthetic,2024-12-03T00:00:00+00:00
09508939-a9bc-4b10-af2e-e2bf78a8f697,Auto shipment 3130,1c21be0f-7a41-4fd2-98f6-829a3308a50a,2025-08-28T00:00:00+00:00,2025-08-29T03:10:00+00:00,245,shipped,CUST-3937,synthetic,2025-08-28T00:00:00+00:00
c28a3c32-4b24-49f0-81f0-1bc2192ddefe,Auto shipment 3131,68db2e0c-1613-41ae-a22c-4959cbb08fe6,2025-05-04T00:00:00+00:00,2025-05-06T22:47:00+00:00,439,shipped,CUST-7059,synthetic,2025-05-05T00:00:00+00:00
7dbb7dd5-0dd8-4e1e-abb0-cedfd126cd84,Auto shipment 3132,78b74b5c-e459-4f23-b196-79e2b104375d,2025-11-05T00:00:00+00:00,2025-11-09T03:57:00+00:00,281,shipped,CUST-9056,synthetic,2025-11-08T00:00:00+00:00
92292af6-898f-480e-af61-3ff09b550248,Auto shipment 3133,78b74b5c-e459-4f23-b196-79e2b104375d,2024-12-06T00:00:00+00:00,2024-12-10T15:30:00+00:00,301,shipped,CUST-5812,synthetic,2024-12-09T00:00:00+00:00
555970bb-289a-4319-bdc5-b6d52a4136c8,Auto shipment 3134,1c21be0f-7a41-4fd2-98f6-829a3308a50a,2025-10-19T00:00:00+00:00,2025-10-23T15:06:00+00:00,214,shipped,CUST-3839,synthetic,2025-10-22T00:00:00+00:00
ae3ddc50-65af-4b7f-8715-d2a1c13476b9,Auto shipment 3135,78b74b5c-e459-4f23-b196-79e2b104375d,2025-01-29T00:00:00+00:00,2025-02-01T00:26:00+00:00,443,shipped,CUST-2942,synthetic,2025-01-31T00:00:00+00:00
9ade4b49-e79b-41e0-bc06-bcfa55055f08,Auto shipment 3136,78b74b5c-e459-4f23-b196-79e2b104375d,2025-10-15T00:00:00+00:00,2025-10-17T03:09:00+00:00,221,shipped,CUST-4763,synthetic,2025-10-16T00:00:00+00:00
bed906ce-706c-4b7f-b93d-12776fbf044e,Auto shipment 3137,1c21be0f-7a41-4fd2-98f6-829a3308a50a,2025-10-25T00:00:00+00:00,2025-10-25T03:47:00+00:00,175,shipped,CUST-1783,synthetic,2025-10-24T00:00:00+00:00
d76fbec0-4692-4e21-9cea-efd68d050ac8,Auto shipment 3138,68db2e0c-1613-41ae-a22c-4959cbb08fe6,2025-01-06T00:00:00+00:00,2025-01-10T20:40:00+00:00,415,shipped,CUST-7551,synthetic,2025-01-09T00:00:00+00:00
a95abe12-f432-48de-99d6-d07ef715bae3,Auto shipment 3139,68db2e0c-1613-41ae-a22c-4959cbb08fe6,2025-09-07T00:00:00+00:00,2025-09-08T13:41:00+00:00,472,shipped,CUST-5538,synthetic,2025-09-07T00:00:00+00:00
a66aca71-7901-4edd-99aa-ce00119b591a,Auto shipment 3140,68db2e0c-1613-41ae-a22c-4959cbb08fe6,2025-04-05T00:00:00+00:00,2025-04-06T16:49:00+00:00,412,shipped,CUST-7543,synthetic,2025-04-05T00:00:00+00:00
16075ddd-9b29-46e7-9512-7a9e4af0bf76,Auto shipment 3141,68db2e0c-1613-41ae-a22c-4959cbb08fe6,2025-04-07T00:00:00+00:00,2025-04-11T17:21:00+00:00,170,shipped,CUST-7400,synthetic,2025-04-10T00:00:00+00:00
cc00b027-2212-4887-96e5-f86e288a9a3c,Auto shipment 3142,68db2e0c-1613-41ae-a22c-4959cbb08fe6,2025-01-18T00:00:00+00:00,2025-01-20T06:45:00+00:00,204,shipped,CUST-6683,synthetic,2025-01-19T00:00:00+00:00
392fde6e-1b7a-48f6-8f42-580395ec348b,Auto shipment 3143,1c21be0f-7a41-4fd2-98f6-829a3308a50a,2025-07-15T00:00:00+00:00,2025-07-16T17:44:00+00:00,281,shipped,CUST-7650,synthetic,2025-07-15T00:00:00+00:00
b43d8859-e9f7-4b9f-9d02-36ccdc2e7345,Auto shipment 3144,78b74b5c-e459-4f23-b196-79e2b104375d,2025-03-04T00:00:00+00:00,2025-03-08T21:39:00+00:00,199,shipped,CUST-7965,synthetic,2025-03-07T00:00:00+00:00
c3e0a1c9-2855-449e-a3fa-32bf316a5b52,Auto shipment 3145,78b74b5c-e459-4f23-b196-79e2b104375d,2025-07-12T00:00:00+00:00,2025-07-12T16:21:00+00:00,351,shipped,CUST-2955,synthetic,2025-07-11T00:00:00+00:00
ecc0e5f5-0ea7-4870-9e87-c219584ab7a7,Auto shipment 3146,68db2e0c-1613-41ae-a22c-4959cbb08fe6,2025-02-18T00:00:00+00:00,2025-02-20T01:27:00+00:00,251,shipped,CUST-3060,synthetic,2025-02-19T00:00:00+00:00
b34c0ff0-fa6f-4f08-a2d1-53c86c21e025,Auto shipment 3147,68db2e0c-1613-41ae-a22c-4959cbb08fe6,2024-11-11T00:00:00+00:00,2024-11-13T11:47:00+00:00,126,shipped,CUST-7678,synthetic,2024-11-12T00:00:00+00:00
65e17cfa-018c-4e0f-addd-2cb961c64280,Auto shipment 3148,78b74b5c-e459-4f23-b196-79e2b104375d,2025-04-06T00:00:00+00:00,2025-04-07T04:39:00+00:00,405,shipped,CUST-9634,synthetic,2025-04-06T00:00:00+00:00
85a020b2-fe46-4191-8d86-b69b303bbf16,Auto shipment 3149,68db2e0c-1613-41ae-a22c-4959cbb08fe6,2025-09-26T00:00:00+00:00,2025-09-28T02:05:00+00:00,344,shipped,CUST-1755,synthetic,2025-09-27T00:00:00+00:00
d07bfa76-f4c9-4f9f-8bb4-dfb5bfafe72f,Auto shipment 3150,1c21be0f-7a41-4fd2-98f6-829a3308a50a,2025-01-02T00:00:00+00:00,2025-01-05T12:44:00+00:00,478,shipped,CUST-4938,synthetic,2025-01-04T00:00:00+00:00
271741cd-4188-445e-9804-9381e3e2746c,Auto shipment 3151,78b74b5c-e459-4f23-b196-79e2b104375d,2025-07-23T00:00:00+00:00,2025-07-23T06:56:00+00:00,393,shipped,CUST-3402,synthetic,2025-07-22T00:00:00+00:00
ab972db9-09bd-46a8-a866-08e8af12cd89,Auto shipment 3152,68db2e0c-1613-41ae-a22c-4959cbb08fe6,2025-02-01T00:00:00+00:00,2025-02-05T12:44:00+00:00,219,shipped,CUST-7491,synthetic,2025-02-04T00:00:00+00:00
4bc270a4-136c-4068-a598-2a00f855933c,Auto shipment 3153,68db2e0c-1613-41ae-a22c-4959cbb08fe6,2025-10-09T00:00:00+00:00,2025-10-09T05:58:00+00:00,354,shipped,CUST-3455,synthetic,2025-10-08T00:00:00+00:00
ffd5fafe-24c4-49d3-9d28-51b399267e61,Auto shipment 3154,68db2e0c-1613-41ae-a22c-4959cbb08fe6,2025-02-18T00:00:00+00:00,2025-02-18T07:06:00+00:00,163,shipped,CUST-6351,synthetic,2025-02-17T00:00:00+00:00
9c84cc16-df7a-47e0-8f26-54486ccb5540,Auto shipment 3155,78b74b5c-e459-4f23-b196-79e2b104375d,2025-06-09T00:00:00+00:00,2025-06-09T11:41:00+00:00,368,shipped,CUST-3496,synthetic,2025-06-08T00:00:00+00:00
e1075a88-37c3-459d-a8c7-624bd24ebce0,Auto shipment 3156,1c21be0f-7a41-4fd2-98f6-829a3308a50a,2024-11-29T00:00:00+00:00,2024-11-30T11:28:00+00:00,191,shipped,CUST-4516,synthetic,2024-11-29T00:00:00+00:00
b1faa76c-1be0-48fe-a277-5c2d36f490d8,Auto shipment 3157,78b74b5c-e459-4f23-b196-79e2b104375d,2025-09-26T00:00:00+00:00,2025-09-27T07:33:00+00:00,472,shipped,CUST-1073,synthetic,2025-09-26T00:00:00+00:00
bee720b7-856b-4243-8c99-7b980ee834f0,Auto shipment 3158,1c21be0f-7a41-4fd2-98f6-829a3308a50a,2024-11-29T00:00:00+00:00,2024-12-01T03:56:00+00:00,301,shipped,CUST-6771,synthetic,2024-11-30T00:00:00+00:00
eededdd6-f515-4cec-822f-33370804514a,Auto shipment 3159,1c21be0f-7a41-4fd2-98f6-829a3308a50a,2025-07-14T00:00:00+00:00,2025-07-15T09:36:00+00:00,144,shipped,CUST-7767,synthetic,2025-07-14T00:00:00+00:00
ad6d31ec-2d22-4906-a32b-1427654d4f0a,Auto shipment 3160,1c21be0f-7a41-4fd2-98f6-829a3308a50a,2025-01-23T00:00:00+00:00,2025-01-24T08:54:00+00:00,395,shipped,CUST-9328,synthetic,2025-01-23T00:00:00+00:00
ea859840-e83a-403c-bcf3-67b641db4e5d,Auto shipment 3161,1c21be0f-7a41-4fd2-98f6-829a3308a50a,2024-12-14T00:00:00+00:00,2024-12-16T08:58:00+00:00,140,shipped,CUST-7318,synthetic,2024-12-15T00:00:00+00:00
a88bff6b-1c3c-4fa4-bf5a-665dfc4fe405,Auto shipment 3162,68db2e0c-1613-41ae-a22c-4959cbb08fe6,2025-02-04T00:00:00+00:00,2025-02-06T18:30:00+00:00,351,shipped,CUST-7962,synthetic,2025-02-05T00:00:00+00:00
35faee1f-9546-44f9-83b9-c378a9462388,Auto shipment 3163,1c21be0f-7a41-4fd2-98f6-829a3308a50a,2025-01-28T00:00:00+00:00,2025-01-31T19:37:00+00:00,221,shipped,CUST-5730,synthetic,2025-01-30T00:00:00+00:00
c1350c28-ec83-4329-8c29-b31e413caf29,Auto shipment 3164,78b74b5c-e459-4f23-b196-79e2b104375d,2024-11-30T00:00:00+00:00,2024-11-30T00:51:00+00:00,338,shipped,CUST-8584,synthetic,2024-11-29T00:00:00+00:00
943b1edc-7839-4d26-bdf4-813c18b3d32c,Auto shipment 3165,1c21be0f-7a41-4fd2-98f6-829a3308a50a,2024-12-08T00:00:00+00:00,2024-12-10T05:04:00+00:00,305,shipped,CUST-5373,synthetic,2024-12-09T00:00:00+00:00
9f108314-5966-4390-bfbe-9bbe74cad11d,Auto shipment 3166,1c21be0f-7a41-4fd2-98f6-829a3308a50a,2025-04-06T00:00:00+00:00,2025-04-08T05:47:00+00:00,464,shipped,CUST-6883,synthetic,2025-04-07T00:00:00+00:00
fae63ffb-ec1c-4601-9a16-777e4b9a4f30,Auto shipment 3167,1c21be0f-7a41-4fd2-98f6-829a3308a50a,2025-10-28T00:00:00+00:00,2025-10-29T03:16:00+00:00,348,shipped,CUST-9159,synthetic,2025-10-28T00:00:00+00:00
a3f9d957-642b-4dfd-8e4a-aa12b74f0ff4,Auto shipment 3168,1c21be0f-7a41-4fd2-98f6-829a3308a50a,2025-02-06T00:00:00+00:00,2025-02-08T08:11:00+00:00,299,shipped,CUST-3525,synthetic,2025-02-07T00:00:00+00:00
7ceecadd-d585-4ac3-a3a2-008f3fa90777,Auto shipment 3169,1c21be0f-7a41-4fd2-98f6-829a3308a50a,2024-11-29T00:00:00+00:00,2024-11-29T05:36:00+00:00,419,shipped,CUST-5354,synthetic,2024-11-28T00:00:00+00:00
2f16eed4-0e61-41ef-82a6-51b0f82edf6a,Auto shipment 3170,1c21be0f-7a41-4fd2-98f6-829a3308a50a,2025-03-21T00:00:00+00:00,2025-03-25T10:55:00+00:00,195,shipped,CUST-9182,synthetic,2025-03-24T00:00:00+00:00
4c6f57c4-ceec-49e3-8bf6-45d905cdf223,Auto shipment 3171,1c21be0f-7a41-4fd2-98f6-829a3308a50a,2025-02-19T00:00:00+00:00,2025-02-19T16:17:00+00:00,337,shipped,CUST-7078,synthetic,2025-02-18T00:00:00+00:00
d55544b6-b457-49e4-b18c-dcda314a7a81,Auto shipment 3172,1c21be0f-7a41-4fd2-98f6-829a3308a50a,2025-10-14T00:00:00+00:00,2025-10-17T04:42:00+00:00,300,shipped,CUST-7876,synthetic,2025-10-16T00:00:00+00:00
9d249eb5-d173-4db8-865b-6f31c9793fdd,Auto shipment 3173,78b74b5c-e459-4f23-b196-79e2b104375d,2025-07-28T00:00:00+00:00,2025-07-29T21:15:00+00:00,398,shipped,CUST-5526,synthetic,2025-07-28T00:00:00+00:00
379302d4-fdb9-4d96-a372-9833c0a79858,Auto shipment 3174,1c21be0f-7a41-4fd2-98f6-829a3308a50a,2024-12-31T00:00:00+00:00,2025-01-01T07:07:00+00:00,405,shipped,CUST-7312,synthetic,2024-12-31T00:00:00+00:00
076d4573-64d3-4930-ad27-174a60fffacb,Auto shipment 3175,68db2e0c-1613-41ae-a22c-4959cbb08fe6,2025-10-08T00:00:00+00:00,2025-10-08T09:33:00+00:00,235,shipped,CUST-9906,synthetic,2025-10-07T00:00:00+00:00
f65ae845-9a7b-4067-b7dc-4dacb228f308,Auto shipment 3176,78b74b5c-e459-4f23-b196-79e2b104375d,2025-07-08T00:00:00+00:00,2025-07-11T09:34:00+00:00,182,shipped,CUST-1259,synthetic,2025-07-10T00:00:00+00:00
c84b5efc-859d-4041-98f9-0c9ebdffce69,Auto shipment 3177,68db2e0c-1613-41ae-a22c-4959cbb08fe6,2024-12-24T00:00:00+00:00,2024-12-24T15:40:00+00:00,399,shipped,CUST-5031,synthetic,2024-12-23T00:00:00+00:00
b5f58d74-e60e-4d97-a0e7-f64e3f5ad12b,Auto shipment 3178,78b74b5c-e459-4f23-b196-79e2b104375d,2025-01-09T00:00:00+00:00,2025-01-13T09:22:00+00:00,301,shipped,CUST-2683,synthetic,2025-01-12T00:00:00+00:00
152cc0c9-1153-4e05-9107-8b3b9d0f66a0,Auto shipment 3179,1c21be0f-7a41-4fd2-98f6-829a3308a50a,2025-01-19T00:00:00+00:00,2025-01-20T10:37:00+00:00,429,shipped,CUST-7293,synthetic,2025-01-19T00:00:00+00:00
07736bba-676c-492b-9ae4-b62055273084,Auto shipment 3180,68db2e0c-1613-41ae-a22c-4959cbb08fe6,2025-05-14T00:00:00+00:00,2025-05-15T11:48:00+00:00,522,shipped,CUST-7425,synthetic,2025-05-14T00:00:00+00:00
f9ea47d9-55f9-4079-9aa8-3cca8a18d9e3,Auto shipment 3181,68db2e0c-1613-41ae-a22c-4959cbb08fe6,2024-11-26T00:00:00+00:00,2024-11-26T17:10:00+00:00,236,shipped,CUST-6254,synthetic,2024-11-25T00:00:00+00:00
8b17b208-a1cb-4f20-9e5b-cba4a763f761,Auto shipment 3182,1c21be0f-7a41-4fd2-98f6-829a3308a50a,2024-12-02T00:00:00+00:00,2024-12-06T13:32:00+00:00,183,shipped,CUST-5113,synthetic,2024-12-05T00:00:00+00:00
845a8500-2ede-43af-a398-b2b535c1b365,Auto shipment 3183,68db2e0c-1613-41ae-a22c-4959cbb08fe6,2025-10-17T00:00:00+00:00,2025-10-17T00:36:00+00:00,306,shipped,CUST-1149,synthetic,2025-10-16T00:00:00+00:00
3fe14ce2-8f44-4aa9-8f0d-1b3740121ff5,Auto shipment 3184,68db2e0c-1613-41ae-a22c-4959cbb08fe6,2025-01-18T00:00:00+00:00,2025-01-18T19:26:00+00:00,418,shipped,CUST-1790,synthetic,2025-01-17T00:00:00+00:00
a4480572-065a-4c7e-8e95-6166292f6d1f,Auto shipment 3185,78b74b5c-e459-4f23-b196-79e2b104375d,2025-04-20T00:00:00+00:00,2025-04-21T18:57:00+00:00,311,shipped,CUST-9129,synthetic,2025-04-20T00:00:00+00:00
85e29950-8f00-478b-af29-ff1377706549,Auto shipment 3186,78b74b5c-e459-4f23-b196-79e2b104375d,2025-09-18T00:00:00+00:00,2025-09-20T06:58:00+00:00,290,shipped,CUST-5471,synthetic,2025-09-19T00:00:00+00:00
7f5aaecc-0d21-4ea3-a830-fcf7fab18ea0,Auto shipment 3187,78b74b5c-e459-4f23-b196-79e2b104375d,2024-12-31T00:00:00+00:00,2025-01-03T21:54:00+00:00,187,shipped,CUST-5880,synthetic,2025-01-02T00:00:00+00:00
659abf5e-81fd-4147-8dbd-74bcb470c8d4,Auto shipment 3188,1c21be0f-7a41-4fd2-98f6-829a3308a50a,2025-09-20T00:00:00+00:00,2025-09-22T21:19:00+00:00,163,shipped,CUST-7485,synthetic,2025-09-21T00:00:00+00:00
31900662-a508-4fee-bfc5-2111708b0720,Auto shipment 3189,78b74b5c-e459-4f23-b196-79e2b104375d,2025-06-12T00:00:00+00:00,2025-06-12T08:08:00+00:00,179,shipped,CUST-7541,synthetic,2025-06-11T00:00:00+00:00
ea9ed7d6-be9b-4196-b062-29bf437e9ff0,Auto shipment 3190,78b74b5c-e459-4f23-b196-79e2b104375d,2025-02-10T00:00:00+00:00,2025-02-14T13:07:00+00:00,329,shipped,CUST-3971,synthetic,2025-02-13T00:00:00+00:00
519e6efb-0d6d-4094-8e6e-9f93777f35ef,Auto shipment 3191,68db2e0c-1613-41ae-a22c-4959cbb08fe6,2024-12-08T00:00:00+00:00,2024-12-09T00:42:00+00:00,274,shipped,CUST-9269,synthetic,2024-12-08T00:00:00+00:00
7cafd433-c35e-435f-9173-8db3e71a0233,Auto shipment 3192,1c21be0f-7a41-4fd2-98f6-829a3308a50a,2025-04-07T00:00:00+00:00,2025-04-11T14:22:00+00:00,331,shipped,CUST-9907,synthetic,2025-04-10T00:00:00+00:00
0cf1f733-8cc8-4924-b243-d83b79248b91,Auto shipment 3193,68db2e0c-1613-41ae-a22c-4959cbb08fe6,2025-09-03T00:00:00+00:00,2025-09-04T17:19:00+00:00,375,shipped,CUST-8273,synthetic,2025-09-03T00:00:00+00:00
aee0fa56-2998-42b4-80de-ec983f91bd61,Auto shipment 3194,1c21be0f-7a41-4fd2-98f6-829a3308a50a,2024-11-21T00:00:00+00:00,2024-11-24T04:36:00+00:00,363,shipped,CUST-5151,synthetic,2024-11-23T00:00:00+00:00
50256c7f-95e8-4381-8bbf-8748c5395049,Auto shipment 3195,78b74b5c-e459-4f23-b196-79e2b104375d,2025-05-21T00:00:00+00:00,2025-05-21T11:52:00+00:00,349,shipped,CUST-5498,synthetic,2025-05-20T00:00:00+00:00
c354741d-5250-4270-a790-028e7461d1c5,Auto shipment 3196,1c21be0f-7a41-4fd2-98f6-829a3308a50a,2025-07-27T00:00:00+00:00,2025-07-31T02:05:00+00:00,358,shipped,CUST-4797,synthetic,2025-07-30T00:00:00+00:00
81abcd1b-aa76-45e3-8aff-1c1e025b2803,Auto shipment 3197,1c21be0f-7a41-4fd2-98f6-829a3308a50a,2025-02-09T00:00:00+00:00,2025-02-09T00:41:00+00:00,277,shipped,CUST-6333,synthetic,2025-02-08T00:00:00+00:00
20f30223-b450-4dc9-af4d-fcf35a496b8b,Auto shipment 3198,78b74b5c-e459-4f23-b196-79e2b104375d,2025-07-31T00:00:00+00:00,2025-08-03T22:11:00+00:00,225,shipped,CUST-6869,synthetic,2025-08-02T00:00:00+00:00
2d618505-022f-4eff-872d-ac67a2805f29,Auto shipment 3199,1c21be0f-7a41-4fd2-98f6-829a3308a50a,2024-12-31T00:00:00+00:00,2025-01-01T22:07:00+00:00,143,shipped,CUST-6707,synthetic,2024-12-31T00:00:00+00:00
f8020b4d-f2d6-4c9a-9e56-38eefbfda142,Auto shipment 3200,1c21be0f-7a41-4fd2-98f6-829a3308a50a,2025-02-01T00:00:00+00:00,2025-02-05T22:35:00+00:00,408,shipped,CUST-1838,synthetic,2025-02-04T00:00:00+00:00
4981230a-08e5-4d6a-ab73-68c77b4f3fbd,Auto shipment 3201,1c21be0f-7a41-4fd2-98f6-829a3308a50a,2025-05-21T00:00:00+00:00,2025-05-24T21:56:00+00:00,312,shipped,CUST-7281,synthetic,2025-05-23T00:00:00+00:00
897a8e4b-3d05-4aa2-8c28-56d5910a7447,Auto shipment 3202,78b74b5c-e459-4f23-b196-79e2b104375d,2024-12-29T00:00:00+00:00,2024-12-31T06:44:00+00:00,170,shipped,CUST-3139,synthetic,2024-12-30T00:00:00+00:00
47b52b18-09de-42bf-8d4b-85f4513c2505,Auto shipment 3203,78b74b5c-e459-4f23-b196-79e2b104375d,2025-04-14T00:00:00+00:00,2025-04-18T01:27:00+00:00,448,shipped,CUST-6613,synthetic,2025-04-17T00:00:00+00:00
54ca6e20-df0a-4c48-a7a1-1e9a79a9e3e5,Auto shipment 3204,78b74b5c-e459-4f23-b196-79e2b104375d,2024-12-15T00:00:00+00:00,2024-12-19T16:06:00+00:00,497,shipped,CUST-2898,synthetic,2024-12-18T00:00:00+00:00
9d60dde7-e2cd-4c4f-967b-55e58a188593,Auto shipment 3205,68db2e0c-1613-41ae-a22c-4959cbb08fe6,2025-03-07T00:00:00+00:00,2025-03-09T03:40:00+00:00,220,shipped,CUST-9177,synthetic,2025-03-08T00:00:00+00:00
5bf73348-74b4-4a3b-99bc-0abfb2d1b57b,Auto shipment 3206,78b74b5c-e459-4f23-b196-79e2b104375d,2024-11-16T00:00:00+00:00,2024-11-16T06:00:00+00:00,194,shipped,CUST-6657,synthetic,2024-11-15T00:00:00+00:00
edaa4686-904c-4e21-8419-5dc9b0cd8743,Auto shipment 3207,68db2e0c-1613-41ae-a22c-4959cbb08fe6,2025-08-24T00:00:00+00:00,2025-08-25T22:45:00+00:00,390,shipped,CUST-8478,synthetic,2025-08-24T00:00:00+00:00
097f9ccd-f337-4aeb-b9cf-8d9922818be9,Auto shipment 3208,78b74b5c-e459-4f23-b196-79e2b104375d,2025-01-08T00:00:00+00:00,2025-01-11T22:15:00+00:00,233,shipped,CUST-7521,synthetic,2025-01-10T00:00:00+00:00
0d96babb-b631-4ac6-94dc-18059a6aec49,Auto shipment 3209,78b74b5c-e459-4f23-b196-79e2b104375d,2025-02-06T00:00:00+00:00,2025-02-08T09:30:00+00:00,110,shipped,CUST-3954,synthetic,2025-02-07T00:00:00+00:00
af9d33be-6b6c-4f0e-860b-5e28164c015e,Auto shipment 3210,78b74b5c-e459-4f23-b196-79e2b104375d,2025-03-16T00:00:00+00:00,2025-03-16T04:33:00+00:00,405,shipped,CUST-7769,synthetic,2025-03-15T00:00:00+00:00
76d4de70-a7a1-4c38-ad04-e1c1a9fbc3d4,Auto shipment 3211,1c21be0f-7a41-4fd2-98f6-829a3308a50a,2025-05-22T00:00:00+00:00,2025-05-25T21:57:00+00:00,238,shipped,CUST-9527,synthetic,2025-05-24T00:00:00+00:00
f6c4e522-0f09-4ccc-92f9-469e8909ea3b,Auto shipment 3212,78b74b5c-e459-4f23-b196-79e2b104375d,2025-10-14T00:00:00+00:00,2025-10-15T14:03:00+00:00,386,shipped,CUST-5853,synthetic,2025-10-14T00:00:00+00:00
b2c564d7-ae25-459e-abc7-b56987709fcd,Auto shipment 3213,68db2e0c-1613-41ae-a22c-4959cbb08fe6,2024-12-29T00:00:00+00:00,2024-12-29T21:04:00+00:00,179,shipped,CUST-8608,synthetic,2024-12-28T00:00:00+00:00
b0fe3ba3-6554-49c5-a55a-ad54ddf1951c,Auto shipment 3214,78b74b5c-e459-4f23-b196-79e2b104375d,2024-12-01T00:00:00+00:00,2024-12-02T11:52:00+00:00,328,shipped,CUST-5032,synthetic,2024-12-01T00:00:00+00:00
27d10167-8ab0-4545-970d-59f9c139d81b,Auto shipment 3215,68db2e0c-1613-41ae-a22c-4959cbb08fe6,2025-04-10T00:00:00+00:00,2025-04-12T13:21:00+00:00,307,shipped,CUST-7580,synthetic,2025-04-11T00:00:00+00:00
34f4d032-b584-4998-8f17-997feb63ed71,Auto shipment 3216,78b74b5c-e459-4f23-b196-79e2b104375d,2025-04-16T00:00:00+00:00,2025-04-16T19:52:00+00:00,284,shipped,CUST-7150,synthetic,2025-04-15T00:00:00+00:00
e2fc0988-1602-44ac-bf0e-f3d9b262d982,Auto shipment 3217,78b74b5c-e459-4f23-b196-79e2b104375d,2025-04-30T00:00:00+00:00,2025-05-03T12:28:00+00:00,245,shipped,CUST-5767,synthetic,2025-05-02T00:00:00+00:00
b7be56a6-9962-4ffc-b6e5-a7f7da7c3f76,Auto shipment 3218,1c21be0f-7a41-4fd2-98f6-829a3308a50a,2025-09-28T00:00:00+00:00,2025-09-28T10:48:00+00:00,386,shipped,CUST-9090,synthetic,2025-09-27T00:00:00+00:00
b242797a-31ad-4a99-a77c-c323f629d444,Auto shipment 3219,1c21be0f-7a41-4fd2-98f6-829a3308a50a,2025-01-05T00:00:00+00:00,2025-01-06T05:47:00+00:00,98,shipped,CUST-4508,synthetic,2025-01-05T00:00:00+00:00
e4b444ce-be2c-4660-8fc7-fdd51bdb9979,Auto shipment 3220,78b74b5c-e459-4f23-b196-79e2b104375d,2024-12-27T00:00:00+00:00,2024-12-31T18:08:00+00:00,152,shipped,CUST-3872,synthetic,2024-12-30T00:00:00+00:00
31e72d5a-406a-42e4-ab47-44b07ce40b51,Auto shipment 3221,68db2e0c-1613-41ae-a22c-4959cbb08fe6,2025-07-01T00:00:00+00:00,2025-07-01T19:25:00+00:00,417,shipped,CUST-9320,synthetic,2025-06-30T00:00:00+00:00
51fd437c-428f-40e1-b48b-e969189ce045,Auto shipment 3222,1c21be0f-7a41-4fd2-98f6-829a3308a50a,2025-07-24T00:00:00+00:00,2025-07-25T02:09:00+00:00,327,shipped,CUST-3641,synthetic,2025-07-24T00:00:00+00:00
7eb0fc8c-675b-479c-8aea-7ea930d06e33,Auto shipment 3223,68db2e0c-1613-41ae-a22c-4959cbb08fe6,2025-11-01T00:00:00+00:00,2025-11-03T03:38:00+00:00,124,shipped,CUST-7331,synthetic,2025-11-02T00:00:00+00:00
9e49323c-1d89-480f-b27b-6fd62a75c886,Auto shipment 3224,68db2e0c-1613-41ae-a22c-4959cbb08fe6,2025-02-25T00:00:00+00:00,2025-02-27T08:51:00+00:00,167,shipped,CUST-8708,synthetic,2025-02-26T00:00:00+00:00
2ba40deb-3626-41d0-a3fe-0c1103e048c1,Auto shipment 3225,78b74b5c-e459-4f23-b196-79e2b104375d,2025-02-25T00:00:00+00:00,2025-02-25T14:04:00+00:00,187,shipped,CUST-3403,synthetic,2025-02-24T00:00:00+00:00
55afbc08-b5ce-49ad-8b92-ddc2226ab255,Auto shipment 3226,1c21be0f-7a41-4fd2-98f6-829a3308a50a,2024-12-26T00:00:00+00:00,2024-12-30T01:13:00+00:00,393,shipped,CUST-1099,synthetic,2024-12-29T00:00:00+00:00
941c2f0c-1bad-4fb3-af7a-d79c2d4386ab,Auto shipment 3227,78b74b5c-e459-4f23-b196-79e2b104375d,2025-02-27T00:00:00+00:00,2025-02-27T17:01:00+00:00,212,shipped,CUST-3481,synthetic,2025-02-26T00:00:00+00:00
68b486ae-7e3d-4f72-a4ac-abb64c3cfdb2,Auto shipment 3228,78b74b5c-e459-4f23-b196-79e2b104375d,2025-08-30T00:00:00+00:00,2025-09-03T08:37:00+00:00,382,shipped,CUST-4390,synthetic,2025-09-02T00:00:00+00:00
d79dc1df-32e0-409e-8e22-ce968b89af2b,Auto shipment 3229,68db2e0c-1613-41ae-a22c-4959cbb08fe6,2025-09-30T00:00:00+00:00,2025-09-30T04:33:00+00:00,376,shipped,CUST-5882,synthetic,2025-09-29T00:00:00+00:00
7e2d93bd-2f66-4471-83ff-ba70d6d73a69,Auto shipment 3230,78b74b5c-e459-4f23-b196-79e2b104375d,2025-08-20T00:00:00+00:00,2025-08-20T08:01:00+00:00,172,shipped,CUST-7933,synthetic,2025-08-19T00:00:00+00:00
7db01815-4ddd-4df8-bd98-3005909da6c1,Auto shipment 3231,78b74b5c-e459-4f23-b196-79e2b104375d,2024-11-26T00:00:00+00:00,2024-11-28T19:14:00+00:00,263,shipped,CUST-8137,synthetic,2024-11-27T00:00:00+00:00
0e00c12e-b0df-4387-a7bc-71c16cc34064,Auto shipment 3232,1c21be0f-7a41-4fd2-98f6-829a3308a50a,2024-12-26T00:00:00+00:00,2024-12-26T06:12:00+00:00,347,shipped,CUST-7453,synthetic,2024-12-25T00:00:00+00:00
25c82428-18b7-4686-a5f5-310835b1c459,Auto shipment 3233,78b74b5c-e459-4f23-b196-79e2b104375d,2025-09-13T00:00:00+00:00,2025-09-17T22:23:00+00:00,278,shipped,CUST-9318,synthetic,2025-09-16T00:00:00+00:00
5906b370-9f75-49cd-b131-1f5e846532b7,Auto shipment 3234,78b74b5c-e459-4f23-b196-79e2b104375d,2025-09-23T00:00:00+00:00,2025-09-25T02:17:00+00:00,252,shipped,CUST-6344,synthetic,2025-09-24T00:00:00+00:00
8c808fcd-0feb-4651-a446-132e8b0b52e3,Auto shipment 3235,1c21be0f-7a41-4fd2-98f6-829a3308a50a,2025-04-23T00:00:00+00:00,2025-04-24T05:58:00+00:00,288,shipped,CUST-9555,synthetic,2025-04-23T00:00:00+00:00
fd4c39df-7d05-42a9-a94b-3edd0bf3922a,Auto shipment 3236,1c21be0f-7a41-4fd2-98f6-829a3308a50a,2025-07-12T00:00:00+00:00,2025-07-13T08:16:00+00:00,387,shipped,CUST-3477,synthetic,2025-07-12T00:00:00+00:00
ae52a115-b455-4a48-b0c7-0dc95187be90,Auto shipment 3237,68db2e0c-1613-41ae-a22c-4959cbb08fe6,2025-01-25T00:00:00+00:00,2025-01-28T10:23:00+00:00,207,shipped,CUST-9861,synthetic,2025-01-27T00:00:00+00:00
87fa33af-7861-4309-ab92-46be957039d0,Auto shipment 3238,68db2e0c-1613-41ae-a22c-4959cbb08fe6,2024-12-13T00:00:00+00:00,2024-12-17T18:29:00+00:00,237,shipped,CUST-1125,synthetic,2024-12-16T00:00:00+00:00
9eada3f5-6c1f-4be6-8dc2-10ca4cc312b9,Auto shipment 3239,68db2e0c-1613-41ae-a22c-4959cbb08fe6,2024-12-14T00:00:00+00:00,2024-12-16T10:54:00+00:00,144,shipped,CUST-5224,synthetic,2024-12-15T00:00:00+00:00
df377a03-0408-4c75-b4ca-d6c02d49801e,Auto shipment 3240,78b74b5c-e459-4f23-b196-79e2b104375d,2025-10-12T00:00:00+00:00,2025-10-13T06:32:00+00:00,337,shipped,CUST-9173,synthetic,2025-10-12T00:00:00+00:00
b4fc160b-0e82-4abb-a57e-eea572a65df8,Auto shipment 3241,78b74b5c-e459-4f23-b196-79e2b104375d,2025-06-21T00:00:00+00:00,2025-06-21T10:48:00+00:00,370,shipped,CUST-5330,synthetic,2025-06-20T00:00:00+00:00
f6179d85-c9e6-4232-8ce8-0ac1a3947419,Auto shipment 3242,68db2e0c-1613-41ae-a22c-4959cbb08fe6,2025-07-05T00:00:00+00:00,2025-07-06T00:40:00+00:00,124,shipped,CUST-6601,synthetic,2025-07-05T00:00:00+00:00
06d4d209-5f4f-4b3a-80e1-9c4deaad556f,Auto shipment 3243,68db2e0c-1613-41ae-a22c-4959cbb08fe6,2025-08-26T00:00:00+00:00,2025-08-26T08:43:00+00:00,465,shipped,CUST-3611,synthetic,2025-08-25T00:00:00+00:00
05ea6af3-2772-4a3e-a076-992fbbb6e705,Auto shipment 3244,68db2e0c-1613-41ae-a22c-4959cbb08fe6,2025-08-23T00:00:00+00:00,2025-08-24T03:41:00+00:00,266,shipped,CUST-3744,synthetic,2025-08-23T00:00:00+00:00
3cea1d09-9f52-400f-9607-388a3950a353,Auto shipment 3245,68db2e0c-1613-41ae-a22c-4959cbb08fe6,2025-09-15T00:00:00+00:00,2025-09-19T01:31:00+00:00,280,shipped,CUST-2264,synthetic,2025-09-18T00:00:00+00:00
26fae9cd-8a3a-4eae-8f66-3a3dc6aff7be,Auto shipment 3246,1c21be0f-7a41-4fd2-98f6-829a3308a50a,2025-09-11T00:00:00+00:00,2025-09-12T22:53:00+00:00,146,shipped,CUST-4458,synthetic,2025-09-11T00:00:00+00:00
7667b4fa-2709-406a-97d2-da0f7ebe4cfb,Auto shipment 3247,78b74b5c-e459-4f23-b196-79e2b104375d,2025-03-07T00:00:00+00:00,2025-03-10T16:22:00+00:00,514,shipped,CUST-1739,synthetic,2025-03-09T00:00:00+00:00
a6567075-2429-4e34-964f-bb8c626389e4,Auto shipment 3248,78b74b5c-e459-4f23-b196-79e2b104375d,2024-12-14T00:00:00+00:00,2024-12-18T05:41:00+00:00,151,shipped,CUST-3113,synthetic,2024-12-17T00:00:00+00:00
a0cd5545-79cb-4d14-ab1d-c4d9ad61aadc,Auto shipment 3249,68db2e0c-1613-41ae-a22c-4959cbb08fe6,2025-06-05T00:00:00+00:00,2025-06-07T18:12:00+00:00,335,shipped,CUST-3452,synthetic,2025-06-06T00:00:00+00:00
45c22b0c-6169-45c1-86ee-4304519e83ec,Auto shipment 3250,78b74b5c-e459-4f23-b196-79e2b104375d,2025-05-17T00:00:00+00:00,2025-05-21T06:58:00+00:00,160,shipped,CUST-8180,synthetic,2025-05-20T00:00:00+00:00
8f79fa9b-ffb2-46e7-b36f-02cfe6801324,Auto shipment 3251,1c21be0f-7a41-4fd2-98f6-829a3308a50a,2025-05-14T00:00:00+00:00,2025-05-16T12:43:00+00:00,279,shipped,CUST-7396,synthetic,2025-05-15T00:00:00+00:00
11a9d8cb-32dd-477b-824a-adeacce485bc,Auto shipment 3252,78b74b5c-e459-4f23-b196-79e2b104375d,2025-05-04T00:00:00+00:00,2025-05-05T12:24:00+00:00,256,shipped,CUST-8188,synthetic,2025-05-04T00:00:00+00:00
924b3e22-83d1-47ae-905b-c1b0fc7474e0,Auto shipment 3253,78b74b5c-e459-4f23-b196-79e2b104375d,2025-05-27T00:00:00+00:00,2025-05-31T13:16:00+00:00,271,shipped,CUST-2117,synthetic,2025-05-30T00:00:00+00:00
98c7bb8b-0caa-4c3c-b50b-1162e0fef429,Auto shipment 3254,78b74b5c-e459-4f23-b196-79e2b104375d,2025-02-06T00:00:00+00:00,2025-02-06T20:50:00+00:00,289,shipped,CUST-9928,synthetic,2025-02-05T00:00:00+00:00
ec19d533-816d-4ef5-b08f-cfe2bebf25ed,Auto shipment 3255,1c21be0f-7a41-4fd2-98f6-829a3308a50a,2025-05-12T00:00:00+00:00,2025-05-14T13:13:00+00:00,421,shipped,CUST-5739,synthetic,2025-05-13T00:00:00+00:00
c15545c4-1765-47c9-9267-8b2886617916,Auto shipment 3256,78b74b5c-e459-4f23-b196-79e2b104375d,2024-12-26T00:00:00+00:00,2024-12-26T00:44:00+00:00,386,shipped,CUST-4821,synthetic,2024-12-25T00:00:00+00:00
3971d489-af08-416d-9ca3-85fd9a0f96f8,Auto shipment 3257,68db2e0c-1613-41ae-a22c-4959cbb08fe6,2024-12-06T00:00:00+00:00,2024-12-10T07:23:00+00:00,201,shipped,CUST-6381,synthetic,2024-12-09T00:00:00+00:00
36a05072-0ed9-4cc0-a07b-8d43711fe1a8,Auto shipment 3258,68db2e0c-1613-41ae-a22c-4959cbb08fe6,2025-01-09T00:00:00+00:00,2025-01-13T06:44:00+00:00,429,shipped,CUST-6113,synthetic,2025-01-12T00:00:00+00:00
0f384474-5408-4a0f-825e-86e8a37902b7,Auto shipment 3259,78b74b5c-e459-4f23-b196-79e2b104375d,2025-10-06T00:00:00+00:00,2025-10-09T04:48:00+00:00,204,shipped,CUST-6593,synthetic,2025-10-08T00:00:00+00:00
5e550464-16a0-4d8b-ae99-61e99f7f1399,Auto shipment 3260,1c21be0f-7a41-4fd2-98f6-829a3308a50a,2025-06-04T00:00:00+00:00,2025-06-05T07:49:00+00:00,240,shipped,CUST-3352,synthetic,2025-06-04T00:00:00+00:00
9521e37d-cd7b-457f-8fa2-09c06a4d29cb,Auto shipment 3261,1c21be0f-7a41-4fd2-98f6-829a3308a50a,2025-07-20T00:00:00+00:00,2025-07-24T20:33:00+00:00,394,shipped,CUST-3161,synthetic,2025-07-23T00:00:00+00:00
eb41240f-6bed-405a-b706-17ceb9594889,Auto shipment 3262,78b74b5c-e459-4f23-b196-79e2b104375d,2025-08-09T00:00:00+00:00,2025-08-11T04:36:00+00:00,130,shipped,CUST-6700,synthetic,2025-08-10T00:00:00+00:00
23106bb7-1272-4c66-9c75-25ab51300909,Auto shipment 3263,68db2e0c-1613-41ae-a22c-4959cbb08fe6,2025-02-05T00:00:00+00:00,2025-02-07T05:14:00+00:00,195,shipped,CUST-5010,synthetic,2025-02-06T00:00:00+00:00
f738338f-9184-45e4-898e-a9a6a02464d9,Auto shipment 3264,1c21be0f-7a41-4fd2-98f6-829a3308a50a,2025-10-29T00:00:00+00:00,2025-11-01T03:09:00+00:00,438,shipped,CUST-9486,synthetic,2025-10-31T00:00:00+00:00
da001fea-133f-4776-b865-cf6b466afc74,Auto shipment 3265,78b74b5c-e459-4f23-b196-79e2b104375d,2025-08-25T00:00:00+00:00,2025-08-27T12:35:00+00:00,160,shipped,CUST-1910,synthetic,2025-08-26T00:00:00+00:00
c134bdf6-09c7-4963-93cd-c9d7d24da24c,Auto shipment 3266,68db2e0c-1613-41ae-a22c-4959cbb08fe6,2025-07-10T00:00:00+00:00,2025-07-10T02:20:00+00:00,275,shipped,CUST-9208,synthetic,2025-07-09T00:00:00+00:00
a3a0e059-d011-4cd8-89b4-d23f65cec46f,Auto shipment 3267,68db2e0c-1613-41ae-a22c-4959cbb08fe6,2025-07-27T00:00:00+00:00,2025-07-27T15:02:00+00:00,131,shipped,CUST-5483,synthetic,2025-07-26T00:00:00+00:00
58b0cfa8-87f0-4ba9-9b01-e6663643ee70,Auto shipment 3268,1c21be0f-7a41-4fd2-98f6-829a3308a50a,2024-11-20T00:00:00+00:00,2024-11-24T12:38:00+00:00,313,shipped,CUST-3250,synthetic,2024-11-23T00:00:00+00:00
258b0253-c824-4858-bb31-e0be0a77cb01,Auto shipment 3269,68db2e0c-1613-41ae-a22c-4959cbb08fe6,2025-06-13T00:00:00+00:00,2025-06-17T08:24:00+00:00,177,shipped,CUST-5653,synthetic,2025-06-16T00:00:00+00:00
c543bab8-5496-44db-b881-ceeafcadf00a,Auto shipment 3270,68db2e0c-1613-41ae-a22c-4959cbb08fe6,2025-03-20T00:00:00+00:00,2025-03-23T12:44:00+00:00,319,shipped,CUST-9398,synthetic,2025-03-22T00:00:00+00:00
a9d6447c-97f3-46ee-8e02-39bf021cc425,Auto shipment 3271,1c21be0f-7a41-4fd2-98f6-829a3308a50a,2025-08-02T00:00:00+00:00,2025-08-03T22:37:00+00:00,134,shipped,CUST-1362,synthetic,2025-08-02T00:00:00+00:00
256c6662-0427-4505-b596-0ddeb2e43f9c,Auto shipment 3272,78b74b5c-e459-4f23-b196-79e2b104375d,2025-07-08T00:00:00+00:00,2025-07-08T13:57:00+00:00,87,shipped,CUST-4844,synthetic,2025-07-07T00:00:00+00:00
3a281061-0c93-4ef7-a9fe-cd75efa66ccf,Auto shipment 3273,1c21be0f-7a41-4fd2-98f6-829a3308a50a,2025-08-31T00:00:00+00:00,2025-09-03T21:45:00+00:00,421,shipped,CUST-7218,synthetic,2025-09-02T00:00:00+00:00
dd431660-e3d7-456e-a2d5-f82448830973,Auto shipment 3274,68db2e0c-1613-41ae-a22c-4959cbb08fe6,2025-09-05T00:00:00+00:00,2025-09-06T05:52:00+00:00,151,shipped,CUST-1174,synthetic,2025-09-05T00:00:00+00:00
a1e0f242-6ed0-45ad-bfa4-842c3dfdc404,Auto shipment 3275,1c21be0f-7a41-4fd2-98f6-829a3308a50a,2025-03-23T00:00:00+00:00,2025-03-25T22:19:00+00:00,265,shipped,CUST-5927,synthetic,2025-03-24T00:00:00+00:00
90a0b981-09a7-4580-9a19-deaacc00e03c,Auto shipment 3276,68db2e0c-1613-41ae-a22c-4959cbb08fe6,2025-06-26T00:00:00+00:00,2025-06-27T17:03:00+00:00,357,shipped,CUST-3637,synthetic,2025-06-26T00:00:00+00:00
9f4bf657-7a5b-4c9e-bd59-41916a30c2d5,Auto shipment 3277,1c21be0f-7a41-4fd2-98f6-829a3308a50a,2025-09-07T00:00:00+00:00,2025-09-11T18:06:00+00:00,490,shipped,CUST-3119,synthetic,2025-09-10T00:00:00+00:00
ba442291-57c9-4830-bf90-3108a682fde9,Auto shipment 3278,78b74b5c-e459-4f23-b196-79e2b104375d,2025-05-30T00:00:00+00:00,2025-05-31T16:09:00+00:00,205,shipped,CUST-2065,synthetic,2025-05-30T00:00:00+00:00
8cf15cc6-9ff7-4b8c-a649-bcee56e25654,Auto shipment 3279,68db2e0c-1613-41ae-a22c-4959cbb08fe6,2024-11-28T00:00:00+00:00,2024-12-01T01:19:00+00:00,343,shipped,CUST-3581,synthetic,2024-11-30T00:00:00+00:00
bde1118b-12de-4a74-b808-6558233e7a76,Auto shipment 3280,78b74b5c-e459-4f23-b196-79e2b104375d,2024-12-28T00:00:00+00:00,2024-12-30T21:03:00+00:00,322,shipped,CUST-7428,synthetic,2024-12-29T00:00:00+00:00
66de64af-1e27-4712-9c77-8bdf27832596,Auto shipment 3281,78b74b5c-e459-4f23-b196-79e2b104375d,2025-10-11T00:00:00+00:00,2025-10-12T20:00:00+00:00,210,shipped,CUST-6369,synthetic,2025-10-11T00:00:00+00:00
36d19a10-aeea-4beb-a027-cac7f2eea3da,Auto shipment 3282,78b74b5c-e459-4f23-b196-79e2b104375d,2024-11-29T00:00:00+00:00,2024-11-29T16:24:00+00:00,279,shipped,CUST-7875,synthetic,2024-11-28T00:00:00+00:00
f75e62ee-75e8-4ed5-a5cd-98152d4836a4,Auto shipment 3283,1c21be0f-7a41-4fd2-98f6-829a3308a50a,2025-03-27T00:00:00+00:00,2025-03-27T08:47:00+00:00,301,shipped,CUST-1574,synthetic,2025-03-26T00:00:00+00:00
73560930-2ee2-4f95-812f-5c051e8d61ee,Auto shipment 3284,68db2e0c-1613-41ae-a22c-4959cbb08fe6,2025-07-09T00:00:00+00:00,2025-07-10T10:33:00+00:00,448,shipped,CUST-8758,synthetic,2025-07-09T00:00:00+00:00
6e529f44-dea8-48da-a7a6-6c77ead3c37e,Auto shipment 3285,68db2e0c-1613-41ae-a22c-4959cbb08fe6,2025-03-18T00:00:00+00:00,2025-03-19T11:15:00+00:00,256,shipped,CUST-2455,synthetic,2025-03-18T00:00:00+00:00
44533e44-4ffa-48f0-a376-eb86464f0062,Auto shipment 3286,1c21be0f-7a41-4fd2-98f6-829a3308a50a,2025-01-22T00:00:00+00:00,2025-01-26T17:41:00+00:00,210,shipped,CUST-1789,synthetic,2025-01-25T00:00:00+00:00
954f5b46-ce6b-425a-b2e8-0683af8f0ee7,Auto shipment 3287,68db2e0c-1613-41ae-a22c-4959cbb08fe6,2025-08-30T00:00:00+00:00,2025-08-31T01:18:00+00:00,183,shipped,CUST-3440,synthetic,2025-08-30T00:00:00+00:00
9d60ea98-455b-4ab0-9194-34d3fb126e46,Auto shipment 3288,78b74b5c-e459-4f23-b196-79e2b104375d,2025-07-27T00:00:00+00:00,2025-07-30T22:16:00+00:00,227,shipped,CUST-7593,synthetic,2025-07-29T00:00:00+00:00
603735d0-f5d6-4b6f-abf9-00025d69b16a,Auto shipment 3289,68db2e0c-1613-41ae-a22c-4959cbb08fe6,2024-11-17T00:00:00+00:00,2024-11-19T15:10:00+00:00,335,shipped,CUST-8045,synthetic,2024-11-18T00:00:00+00:00
35926292-726d-4746-8944-c807365cb9a5,Auto shipment 3290,68db2e0c-1613-41ae-a22c-4959cbb08fe6,2024-12-22T00:00:00+00:00,2024-12-22T12:09:00+00:00,118,shipped,CUST-9145,synthetic,2024-12-21T00:00:00+00:00
9da76ad3-c993-4639-b5f0-3adf28f1eb6a,Auto shipment 3291,78b74b5c-e459-4f23-b196-79e2b104375d,2025-01-15T00:00:00+00:00,2025-01-15T08:24:00+00:00,262,shipped,CUST-5811,synthetic,2025-01-14T00:00:00+00:00
19be9f7c-b814-4802-9440-c6492dfb45dc,Auto shipment 3292,1c21be0f-7a41-4fd2-98f6-829a3308a50a,2025-02-27T00:00:00+00:00,2025-03-01T16:09:00+00:00,193,shipped,CUST-2197,synthetic,2025-02-28T00:00:00+00:00
fae039c6-0401-4928-8cf8-9542991bd405,Auto shipment 3293,68db2e0c-1613-41ae-a22c-4959cbb08fe6,2025-07-31T00:00:00+00:00,2025-07-31T04:32:00+00:00,176,shipped,CUST-9236,synthetic,2025-07-30T00:00:00+00:00
06244444-4172-4d82-ad95-43824bba54e0,Auto shipment 3294,68db2e0c-1613-41ae-a22c-4959cbb08fe6,2025-05-22T00:00:00+00:00,2025-05-23T21:03:00+00:00,308,shipped,CUST-8842,synthetic,2025-05-22T00:00:00+00:00
989c61ee-7df5-4534-bbff-2070389e3fa5,Auto shipment 3295,1c21be0f-7a41-4fd2-98f6-829a3308a50a,2025-06-19T00:00:00+00:00,2025-06-22T13:47:00+00:00,348,shipped,CUST-2670,synthetic,2025-06-21T00:00:00+00:00
8e23c5a0-4157-40a0-b607-a4f6fc6b77eb,Auto shipment 3296,1c21be0f-7a41-4fd2-98f6-829a3308a50a,2025-03-10T00:00:00+00:00,2025-03-14T07:47:00+00:00,401,shipped,CUST-9311,synthetic,2025-03-13T00:00:00+00:00
cd372370-f1b5-4386-abae-9783cc2b1503,Auto shipment 3297,78b74b5c-e459-4f23-b196-79e2b104375d,2025-04-06T00:00:00+00:00,2025-04-07T14:08:00+00:00,125,shipped,CUST-9777,synthetic,2025-04-06T00:00:00+00:00
8d42f298-37be-4680-b06b-2452a3f6070d,Auto shipment 3298,68db2e0c-1613-41ae-a22c-4959cbb08fe6,2025-03-10T00:00:00+00:00,2025-03-14T04:43:00+00:00,133,shipped,CUST-2793,synthetic,2025-03-13T00:00:00+00:00
3ebe9efa-d8fb-422d-9346-6f7a0cecc2e1,Auto shipment 3299,78b74b5c-e459-4f23-b196-79e2b104375d,2025-09-08T00:00:00+00:00,2025-09-12T12:12:00+00:00,251,shipped,CUST-2604,synthetic,2025-09-11T00:00:00+00:00
f2baa4fd-c242-47d1-8936-4c9a5fe380b3,Auto shipment 3300,78b74b5c-e459-4f23-b196-79e2b104375d,2025-03-09T00:00:00+00:00,2025-03-12T16:07:00+00:00,332,shipped,CUST-7115,synthetic,2025-03-11T00:00:00+00:00
3d5126ef-58ea-42d1-9225-d89094479e86,Auto shipment 3301,78b74b5c-e459-4f23-b196-79e2b104375d,2025-03-04T00:00:00+00:00,2025-03-08T22:44:00+00:00,247,shipped,CUST-8561,synthetic,2025-03-07T00:00:00+00:00
c06abf29-9654-4b82-bbb0-271181884ebb,Auto shipment 3302,1c21be0f-7a41-4fd2-98f6-829a3308a50a,2025-04-10T00:00:00+00:00,2025-04-12T22:54:00+00:00,420,shipped,CUST-6050,synthetic,2025-04-11T00:00:00+00:00
e5d412b7-a1f2-4827-b024-6a55be983980,Auto shipment 3303,1c21be0f-7a41-4fd2-98f6-829a3308a50a,2025-01-20T00:00:00+00:00,2025-01-20T12:38:00+00:00,281,shipped,CUST-1156,synthetic,2025-01-19T00:00:00+00:00
77d4d73f-2b51-425d-b55f-cad31da72841,Auto shipment 3304,78b74b5c-e459-4f23-b196-79e2b104375d,2025-01-03T00:00:00+00:00,2025-01-06T22:41:00+00:00,342,shipped,CUST-4517,synthetic,2025-01-05T00:00:00+00:00
00d051ee-4216-400e-9a92-dd28c3faff4d,Auto shipment 3305,78b74b5c-e459-4f23-b196-79e2b104375d,2025-04-10T00:00:00+00:00,2025-04-14T15:02:00+00:00,379,shipped,CUST-7675,synthetic,2025-04-13T00:00:00+00:00
67ac91f0-8c28-425b-acc8-9ea380cb4df0,Auto shipment 3306,78b74b5c-e459-4f23-b196-79e2b104375d,2025-04-29T00:00:00+00:00,2025-04-30T09:52:00+00:00,152,shipped,CUST-9448,synthetic,2025-04-29T00:00:00+00:00
2a82a420-3c68-492e-9e6e-79e23bb421ab,Auto shipment 3307,1c21be0f-7a41-4fd2-98f6-829a3308a50a,2025-06-01T00:00:00+00:00,2025-06-01T10:21:00+00:00,280,shipped,CUST-3440,synthetic,2025-05-31T00:00:00+00:00
186312ca-75d7-45bc-a4b4-ca9846e7f032,Auto shipment 3308,1c21be0f-7a41-4fd2-98f6-829a3308a50a,2024-11-25T00:00:00+00:00,2024-11-27T03:06:00+00:00,276,shipped,CUST-8423,synthetic,2024-11-26T00:00:00+00:00
4abad926-ed3f-4673-92ec-a660aa9a7e93,Auto shipment 3309,1c21be0f-7a41-4fd2-98f6-829a3308a50a,2025-03-19T00:00:00+00:00,2025-03-21T13:27:00+00:00,357,shipped,CUST-1864,synthetic,2025-03-20T00:00:00+00:00
e3deaec5-e824-4c2a-a3e1-5eb919830eb9,Auto shipment 3310,78b74b5c-e459-4f23-b196-79e2b104375d,2025-03-24T00:00:00+00:00,2025-03-27T12:16:00+00:00,377,shipped,CUST-6413,synthetic,2025-03-26T00:00:00+00:00
bd296e23-9a31-42c1-8d85-68fc7dd1617e,Auto shipment 3311,1c21be0f-7a41-4fd2-98f6-829a3308a50a,2025-02-19T00:00:00+00:00,2025-02-20T09:36:00+00:00,311,shipped,CUST-8338,synthetic,2025-02-19T00:00:00+00:00
347f8bb5-2020-408a-8ab1-5a50ae8745b5,Auto shipment 3312,68db2e0c-1613-41ae-a22c-4959cbb08fe6,2025-10-19T00:00:00+00:00,2025-10-19T08:38:00+00:00,201,shipped,CUST-9805,synthetic,2025-10-18T00:00:00+00:00
acb48f5e-0095-4fc4-b746-c0f73b7944f5,Auto shipment 3313,68db2e0c-1613-41ae-a22c-4959cbb08fe6,2025-01-12T00:00:00+00:00,2025-01-13T20:58:00+00:00,408,shipped,CUST-8639,synthetic,2025-01-12T00:00:00+00:00
9a03078f-00ab-4536-95a4-526a8fbf9055,Auto shipment 3314,78b74b5c-e459-4f23-b196-79e2b104375d,2025-10-21T00:00:00+00:00,2025-10-24T08:25:00+00:00,160,shipped,CUST-9830,synthetic,2025-10-23T00:00:00+00:00
9ac5428c-d803-4342-adc6-10650939beda,Auto shipment 3315,1c21be0f-7a41-4fd2-98f6-829a3308a50a,2025-09-02T00:00:00+00:00,2025-09-03T18:22:00+00:00,520,shipped,CUST-8134,synthetic,2025-09-02T00:00:00+00:00
0bf62a73-dcda-45ff-b3a8-744b4f1b3ea7,Auto shipment 3316,78b74b5c-e459-4f23-b196-79e2b104375d,2025-01-31T00:00:00+00:00,2025-02-03T18:24:00+00:00,371,shipped,CUST-7640,synthetic,2025-02-02T00:00:00+00:00
dec07076-01a6-4f1d-bf38-c27bbfc7d876,Auto shipment 3317,1c21be0f-7a41-4fd2-98f6-829a3308a50a,2025-09-23T00:00:00+00:00,2025-09-23T20:01:00+00:00,119,shipped,CUST-6783,synthetic,2025-09-22T00:00:00+00:00
07d25e1e-5f3f-436b-bdb1-448dfed07320,Auto shipment 3318,78b74b5c-e459-4f23-b196-79e2b104375d,2025-11-07T00:00:00+00:00,2025-11-09T06:06:00+00:00,294,shipped,CUST-9065,synthetic,2025-11-08T00:00:00+00:00
aaaba407-fa5e-4bc4-84a5-8d60b42ab3df,Auto shipment 3319,68db2e0c-1613-41ae-a22c-4959cbb08fe6,2025-07-25T00:00:00+00:00,2025-07-27T17:24:00+00:00,437,shipped,CUST-6464,synthetic,2025-07-26T00:00:00+00:00
d6d91d31-561f-4930-8b47-51f0512b8ac3,Auto shipment 3320,78b74b5c-e459-4f23-b196-79e2b104375d,2025-01-13T00:00:00+00:00,2025-01-17T05:53:00+00:00,298,shipped,CUST-2304,synthetic,2025-01-16T00:00:00+00:00
1b1e2b1e-788f-4c38-be0a-d1f1e447dc0d,Auto shipment 3321,78b74b5c-e459-4f23-b196-79e2b104375d,2025-08-03T00:00:00+00:00,2025-08-03T05:08:00+00:00,406,shipped,CUST-1766,synthetic,2025-08-02T00:00:00+00:00
0f63c92f-b1e3-4eef-a323-0efcaab31930,Auto shipment 3322,78b74b5c-e459-4f23-b196-79e2b104375d,2025-02-01T00:00:00+00:00,2025-02-05T03:48:00+00:00,302,shipped,CUST-4120,synthetic,2025-02-04T00:00:00+00:00
0a09109e-50b1-4072-b777-410266002156,Auto shipment 3323,78b74b5c-e459-4f23-b196-79e2b104375d,2025-09-15T00:00:00+00:00,2025-09-17T14:31:00+00:00,294,shipped,CUST-7440,synthetic,2025-09-16T00:00:00+00:00
7f1ffdbf-734a-41ca-a5bb-ab11f4c76632,Auto shipment 3324,78b74b5c-e459-4f23-b196-79e2b104375d,2025-05-04T00:00:00+00:00,2025-05-05T03:02:00+00:00,249,shipped,CUST-5349,synthetic,2025-05-04T00:00:00+00:00
c933499d-3db8-4183-aec0-0ed4349b2c87,Auto shipment 3325,1c21be0f-7a41-4fd2-98f6-829a3308a50a,2025-06-27T00:00:00+00:00,2025-06-30T07:45:00+00:00,288,shipped,CUST-5215,synthetic,2025-06-29T00:00:00+00:00
8d2b3e41-ac27-4f6c-b260-4472c4a6ba9b,Auto shipment 3326,1c21be0f-7a41-4fd2-98f6-829a3308a50a,2024-12-27T00:00:00+00:00,2024-12-28T02:44:00+00:00,341,shipped,CUST-2248,synthetic,2024-12-27T00:00:00+00:00
8495beeb-d4df-4e97-ae22-12cafcecd051,Auto shipment 3327,1c21be0f-7a41-4fd2-98f6-829a3308a50a,2025-10-29T00:00:00+00:00,2025-11-01T13:58:00+00:00,164,shipped,CUST-3216,synthetic,2025-10-31T00:00:00+00:00
0008c3c8-4e9b-49e8-9988-a501fbd19a11,Auto shipment 3328,1c21be0f-7a41-4fd2-98f6-829a3308a50a,2025-05-14T00:00:00+00:00,2025-05-14T21:55:00+00:00,100,shipped,CUST-9858,synthetic,2025-05-13T00:00:00+00:00
98d2d63b-072d-43ea-b67d-cf2a87b3633f,Auto shipment 3329,68db2e0c-1613-41ae-a22c-4959cbb08fe6,2025-09-07T00:00:00+00:00,2025-09-10T08:33:00+00:00,261,shipped,CUST-4631,synthetic,2025-09-09T00:00:00+00:00
f330b0af-026b-4c30-b6c5-094323325ef7,Auto shipment 3330,78b74b5c-e459-4f23-b196-79e2b104375d,2025-06-25T00:00:00+00:00,2025-06-27T14:00:00+00:00,359,shipped,CUST-9917,synthetic,2025-06-26T00:00:00+00:00
b307b397-88c4-4278-9065-bdfc5641af74,Auto shipment 3331,1c21be0f-7a41-4fd2-98f6-829a3308a50a,2025-10-22T00:00:00+00:00,2025-10-25T15:33:00+00:00,181,shipped,CUST-9593,synthetic,2025-10-24T00:00:00+00:00
59abc284-5bfc-4f0b-ad41-ace1f76d6539,Auto shipment 3332,78b74b5c-e459-4f23-b196-79e2b104375d,2024-11-06T00:00:00+00:00,2024-11-10T19:20:00+00:00,468,shipped,CUST-1869,synthetic,2024-11-09T00:00:00+00:00
c08039a6-f0d3-47a7-83fe-1da3d5f2c74e,Auto shipment 3333,68db2e0c-1613-41ae-a22c-4959cbb08fe6,2025-02-28T00:00:00+00:00,2025-02-28T16:56:00+00:00,148,shipped,CUST-6845,synthetic,2025-02-27T00:00:00+00:00
30b3c56e-a8cb-452b-b658-31dfb8bdbd65,Auto shipment 3334,78b74b5c-e459-4f23-b196-79e2b104375d,2025-06-27T00:00:00+00:00,2025-07-01T03:12:00+00:00,495,shipped,CUST-4836,synthetic,2025-06-30T00:00:00+00:00
d6273281-acf4-4104-b135-b2e731845563,Auto shipment 3335,78b74b5c-e459-4f23-b196-79e2b104375d,2025-08-14T00:00:00+00:00,2025-08-15T19:38:00+00:00,207,shipped,CUST-8298,synthetic,2025-08-14T00:00:00+00:00
bc30f041-de80-485b-b508-9180103e8f3e,Auto shipment 3336,1c21be0f-7a41-4fd2-98f6-829a3308a50a,2025-08-09T00:00:00+00:00,2025-08-11T21:36:00+00:00,197,shipped,CUST-9352,synthetic,2025-08-10T00:00:00+00:00
ccab21ba-1e64-4338-af3b-9da0b548245d,Auto shipment 3337,78b74b5c-e459-4f23-b196-79e2b104375d,2025-06-03T00:00:00+00:00,2025-06-06T00:36:00+00:00,143,shipped,CUST-8372,synthetic,2025-06-05T00:00:00+00:00
4b82843a-e298-4459-a353-571e254ee9ba,Auto shipment 3338,68db2e0c-1613-41ae-a22c-4959cbb08fe6,2025-02-20T00:00:00+00:00,2025-02-20T01:27:00+00:00,146,shipped,CUST-7732,synthetic,2025-02-19T00:00:00+00:00
dac37133-fc90-4ce1-b355-50238195477c,Auto shipment 3339,1c21be0f-7a41-4fd2-98f6-829a3308a50a,2025-10-11T00:00:00+00:00,2025-10-13T05:14:00+00:00,194,shipped,CUST-5805,synthetic,2025-10-12T00:00:00+00:00
f5d7f4cc-967d-4b0a-a648-1250292e078c,Auto shipment 3340,68db2e0c-1613-41ae-a22c-4959cbb08fe6,2025-10-25T00:00:00+00:00,2025-10-26T16:03:00+00:00,169,shipped,CUST-7252,synthetic,2025-10-25T00:00:00+00:00
3ce2dc33-7504-4c50-8022-12568ab75727,Auto shipment 3341,1c21be0f-7a41-4fd2-98f6-829a3308a50a,2025-03-31T00:00:00+00:00,2025-04-03T11:36:00+00:00,311,shipped,CUST-7375,synthetic,2025-04-02T00:00:00+00:00
4095e1eb-d2f0-49ed-97e3-4cd50b41aa15,Auto shipment 3342,68db2e0c-1613-41ae-a22c-4959cbb08fe6,2025-03-14T00:00:00+00:00,2025-03-15T10:25:00+00:00,377,shipped,CUST-8090,synthetic,2025-03-14T00:00:00+00:00
fe21feb0-a2be-4ed9-8604-ffc6cdef6d57,Auto shipment 3343,78b74b5c-e459-4f23-b196-79e2b104375d,2024-11-28T00:00:00+00:00,2024-12-02T15:53:00+00:00,520,shipped,CUST-7044,synthetic,2024-12-01T00:00:00+00:00
9cb9e510-b5cd-4584-acb5-c75d4efb011b,Auto shipment 3344,1c21be0f-7a41-4fd2-98f6-829a3308a50a,2025-06-11T00:00:00+00:00,2025-06-14T15:02:00+00:00,125,shipped,CUST-2770,synthetic,2025-06-13T00:00:00+00:00
a3e134e2-34f9-43f0-97ad-36b479881507,Auto shipment 3345,68db2e0c-1613-41ae-a22c-4959cbb08fe6,2025-01-20T00:00:00+00:00,2025-01-24T00:06:00+00:00,243,shipped,CUST-3831,synthetic,2025-01-23T00:00:00+00:00
3509b8a7-40e2-4596-b8c2-d28aa68a0c8e,Auto shipment 3346,1c21be0f-7a41-4fd2-98f6-829a3308a50a,2025-07-08T00:00:00+00:00,2025-07-10T09:35:00+00:00,454,shipped,CUST-2664,synthetic,2025-07-09T00:00:00+00:00
13625056-e90c-4a06-b479-921f83c491ee,Auto shipment 3347,78b74b5c-e459-4f23-b196-79e2b104375d,2025-08-05T00:00:00+00:00,2025-08-06T12:09:00+00:00,299,shipped,CUST-8520,synthetic,2025-08-05T00:00:00+00:00
c54f327d-2a52-4618-b47f-bc83037cb060,Auto shipment 3348,68db2e0c-1613-41ae-a22c-4959cbb08fe6,2025-10-19T00:00:00+00:00,2025-10-19T09:45:00+00:00,239,shipped,CUST-4732,synthetic,2025-10-18T00:00:00+00:00
fd25025f-1f4d-4ca0-8506-e34753e2b95a,Auto shipment 3349,68db2e0c-1613-41ae-a22c-4959cbb08fe6,2025-09-21T00:00:00+00:00,2025-09-21T04:04:00+00:00,174,shipped,CUST-5142,synthetic,2025-09-20T00:00:00+00:00
c2ccc558-32de-44bb-a389-24c43a42a056,Auto shipment 3350,68db2e0c-1613-41ae-a22c-4959cbb08fe6,2024-12-14T00:00:00+00:00,2024-12-14T22:40:00+00:00,202,shipped,CUST-5021,synthetic,2024-12-13T00:00:00+00:00
75bf48c9-9a8b-4db5-92b0-353036ad0d32,Auto shipment 3351,1c21be0f-7a41-4fd2-98f6-829a3308a50a,2025-03-22T00:00:00+00:00,2025-03-25T12:15:00+00:00,402,shipped,CUST-8874,synthetic,2025-03-24T00:00:00+00:00
1770e436-f97c-4faa-b6aa-1df241722433,Auto shipment 3352,78b74b5c-e459-4f23-b196-79e2b104375d,2025-07-23T00:00:00+00:00,2025-07-25T15:07:00+00:00,357,shipped,CUST-8900,synthetic,2025-07-24T00:00:00+00:00
5d21b6fe-6b9d-4d58-b95a-ce212f32da6a,Auto shipment 3353,68db2e0c-1613-41ae-a22c-4959cbb08fe6,2025-10-01T00:00:00+00:00,2025-10-05T07:48:00+00:00,166,shipped,CUST-1946,synthetic,2025-10-04T00:00:00+00:00
5da16cf0-3559-4669-b540-8bbdc05cbb3c,Auto shipment 3354,68db2e0c-1613-41ae-a22c-4959cbb08fe6,2025-01-22T00:00:00+00:00,2025-01-24T07:45:00+00:00,432,shipped,CUST-3595,synthetic,2025-01-23T00:00:00+00:00
d3daf95f-5492-4ff0-b172-093305a987eb,Auto shipment 3355,78b74b5c-e459-4f23-b196-79e2b104375d,2025-05-25T00:00:00+00:00,2025-05-26T12:09:00+00:00,178,shipped,CUST-1970,synthetic,2025-05-25T00:00:00+00:00
91ec535d-b951-44ea-ab9c-4e1a9bd80537,Auto shipment 3356,68db2e0c-1613-41ae-a22c-4959cbb08fe6,2025-08-27T00:00:00+00:00,2025-08-27T14:01:00+00:00,291,shipped,CUST-6192,synthetic,2025-08-26T00:00:00+00:00
5a372603-5e3e-4b57-92d9-ea538652e4cc,Auto shipment 3357,78b74b5c-e459-4f23-b196-79e2b104375d,2025-09-24T00:00:00+00:00,2025-09-24T14:12:00+00:00,244,shipped,CUST-7524,synthetic,2025-09-23T00:00:00+00:00
238fbd83-b602-49b1-ac51-2de162dc9d11,Auto shipment 3358,68db2e0c-1613-41ae-a22c-4959cbb08fe6,2025-05-28T00:00:00+00:00,2025-05-28T08:30:00+00:00,312,shipped,CUST-9057,synthetic,2025-05-27T00:00:00+00:00
61bcd3b5-4c5e-4ab1-8bd2-0e2478bf4271,Auto shipment 3359,68db2e0c-1613-41ae-a22c-4959cbb08fe6,2025-07-12T00:00:00+00:00,2025-07-16T14:31:00+00:00,276,shipped,CUST-6832,synthetic,2025-07-15T00:00:00+00:00
0408ac01-009a-4da3-9701-90c795932f60,Auto shipment 3360,68db2e0c-1613-41ae-a22c-4959cbb08fe6,2025-06-25T00:00:00+00:00,2025-06-25T15:27:00+00:00,344,shipped,CUST-9995,synthetic,2025-06-24T00:00:00+00:00
b991038a-7ce3-4342-80c5-6ce496756897,Auto shipment 3361,1c21be0f-7a41-4fd2-98f6-829a3308a50a,2024-12-21T00:00:00+00:00,2024-12-21T00:40:00+00:00,410,shipped,CUST-3340,synthetic,2024-12-20T00:00:00+00:00
f3af2039-3639-4b3d-86c4-a9b2881bb8bc,Auto shipment 3362,78b74b5c-e459-4f23-b196-79e2b104375d,2025-02-01T00:00:00+00:00,2025-02-03T08:47:00+00:00,182,shipped,CUST-6020,synthetic,2025-02-02T00:00:00+00:00
aaf4c93b-4889-4f62-9173-1759f820b1c6,Auto shipment 3363,78b74b5c-e459-4f23-b196-79e2b104375d,2025-07-29T00:00:00+00:00,2025-07-31T15:16:00+00:00,359,shipped,CUST-1703,synthetic,2025-07-30T00:00:00+00:00
d7801048-f7a5-4265-90cd-e46eab29de8b,Auto shipment 3364,1c21be0f-7a41-4fd2-98f6-829a3308a50a,2025-01-24T00:00:00+00:00,2025-01-28T14:34:00+00:00,416,shipped,CUST-2556,synthetic,2025-01-27T00:00:00+00:00
1f3b4b83-5371-4f31-8007-50f3fac43d0c,Auto shipment 3365,68db2e0c-1613-41ae-a22c-4959cbb08fe6,2025-10-23T00:00:00+00:00,2025-10-25T09:08:00+00:00,96,shipped,CUST-1631,synthetic,2025-10-24T00:00:00+00:00
1db5e6c2-94c3-427f-b64f-22a059e79848,Auto shipment 3366,1c21be0f-7a41-4fd2-98f6-829a3308a50a,2025-01-04T00:00:00+00:00,2025-01-04T12:37:00+00:00,119,shipped,CUST-7374,synthetic,2025-01-03T00:00:00+00:00
e05c2413-5194-4e55-b242-95bd714418aa,Auto shipment 3367,1c21be0f-7a41-4fd2-98f6-829a3308a50a,2025-03-24T00:00:00+00:00,2025-03-24T10:26:00+00:00,216,shipped,CUST-4080,synthetic,2025-03-23T00:00:00+00:00
ef357880-73d7-4ce6-95d2-c5518dc1d38b,Auto shipment 3368,1c21be0f-7a41-4fd2-98f6-829a3308a50a,2025-10-12T00:00:00+00:00,2025-10-14T17:53:00+00:00,320,shipped,CUST-4299,synthetic,2025-10-13T00:00:00+00:00
0140c094-fdcd-4ce7-b8c6-810f94bed5c7,Auto shipment 3369,78b74b5c-e459-4f23-b196-79e2b104375d,2025-02-02T00:00:00+00:00,2025-02-04T09:27:00+00:00,501,shipped,CUST-4023,synthetic,2025-02-03T00:00:00+00:00
49f6d2aa-457d-457e-a2f8-7faff2de1eee,Auto shipment 3370,68db2e0c-1613-41ae-a22c-4959cbb08fe6,2024-11-15T00:00:00+00:00,2024-11-15T02:43:00+00:00,236,shipped,CUST-6670,synthetic,2024-11-14T00:00:00+00:00
6b449c3a-6875-4d32-9a1f-e1479b9cd4d6,Auto shipment 3371,1c21be0f-7a41-4fd2-98f6-829a3308a50a,2025-04-28T00:00:00+00:00,2025-05-02T05:42:00+00:00,349,shipped,CUST-1436,synthetic,2025-05-01T00:00:00+00:00
86fc2ccd-8ff6-4bce-96ca-e019f3a1f67f,Auto shipment 3372,68db2e0c-1613-41ae-a22c-4959cbb08fe6,2025-07-15T00:00:00+00:00,2025-07-17T09:56:00+00:00,346,shipped,CUST-8195,synthetic,2025-07-16T00:00:00+00:00
efc356e7-8dfe-41af-ba47-0f007e1656df,Auto shipment 3373,78b74b5c-e459-4f23-b196-79e2b104375d,2024-12-25T00:00:00+00:00,2024-12-28T00:55:00+00:00,161,shipped,CUST-9099,synthetic,2024-12-27T00:00:00+00:00
1d7c9ac2-77df-4fe1-80ed-96d0d94d8a4b,Auto shipment 3374,1c21be0f-7a41-4fd2-98f6-829a3308a50a,2024-12-02T00:00:00+00:00,2024-12-05T06:23:00+00:00,323,shipped,CUST-8005,synthetic,2024-12-04T00:00:00+00:00
4354c56b-5dfc-4370-b3ee-a65e17f4a8ce,Auto shipment 3375,1c21be0f-7a41-4fd2-98f6-829a3308a50a,2025-08-30T00:00:00+00:00,2025-09-02T13:31:00+00:00,247,shipped,CUST-2530,synthetic,2025-09-01T00:00:00+00:00
3ba31da9-aab5-4e6b-8f01-db735b9aaecf,Auto shipment 3376,78b74b5c-e459-4f23-b196-79e2b104375d,2025-04-24T00:00:00+00:00,2025-04-25T08:30:00+00:00,326,shipped,CUST-7823,synthetic,2025-04-24T00:00:00+00:00
2f9bdb7a-d6af-436d-96c2-9ba653816920,Auto shipment 3377,68db2e0c-1613-41ae-a22c-4959cbb08fe6,2025-01-20T00:00:00+00:00,2025-01-20T08:56:00+00:00,207,shipped,CUST-4454,synthetic,2025-01-19T00:00:00+00:00
eb01e6d0-b964-4efe-b778-7c1801182cfb,Auto shipment 3378,1c21be0f-7a41-4fd2-98f6-829a3308a50a,2025-09-20T00:00:00+00:00,2025-09-22T06:25:00+00:00,140,shipped,CUST-7060,synthetic,2025-09-21T00:00:00+00:00
f1087633-bec4-4021-8f11-943d39fa1422,Auto shipment 3379,68db2e0c-1613-41ae-a22c-4959cbb08fe6,2025-08-21T00:00:00+00:00,2025-08-23T04:00:00+00:00,233,shipped,CUST-9828,synthetic,2025-08-22T00:00:00+00:00
eabddf46-2073-4d19-bf05-58e2f1a00375,Auto shipment 3380,1c21be0f-7a41-4fd2-98f6-829a3308a50a,2025-11-03T00:00:00+00:00,2025-11-05T13:30:00+00:00,539,shipped,CUST-1785,synthetic,2025-11-04T00:00:00+00:00
4dc96d2c-fb85-4cc8-85ae-30fba4682b2f,Auto shipment 3381,1c21be0f-7a41-4fd2-98f6-829a3308a50a,2025-04-04T00:00:00+00:00,2025-04-05T18:11:00+00:00,278,shipped,CUST-1547,synthetic,2025-04-04T00:00:00+00:00
67b7cab1-1299-43b7-ab0f-a50ebcdcb0fa,Auto shipment 3382,68db2e0c-1613-41ae-a22c-4959cbb08fe6,2025-07-31T00:00:00+00:00,2025-08-02T10:36:00+00:00,199,shipped,CUST-7185,synthetic,2025-08-01T00:00:00+00:00
297b3d57-1a71-49ae-8887-2eb2a976998f,Auto shipment 3383,1c21be0f-7a41-4fd2-98f6-829a3308a50a,2025-07-08T00:00:00+00:00,2025-07-08T09:40:00+00:00,303,shipped,CUST-8991,synthetic,2025-07-07T00:00:00+00:00
bb33f135-24a7-4493-aa60-5612c47edebf,Auto shipment 3384,78b74b5c-e459-4f23-b196-79e2b104375d,2025-04-29T00:00:00+00:00,2025-05-01T14:09:00+00:00,257,shipped,CUST-7236,synthetic,2025-04-30T00:00:00+00:00
90157b5c-5b8e-47b2-a634-f21211cc7b03,Auto shipment 3385,1c21be0f-7a41-4fd2-98f6-829a3308a50a,2025-03-13T00:00:00+00:00,2025-03-13T05:45:00+00:00,231,shipped,CUST-5685,synthetic,2025-03-12T00:00:00+00:00
eb39ca8e-18fb-4ead-ad2b-748fa6d8c5eb,Auto shipment 3386,68db2e0c-1613-41ae-a22c-4959cbb08fe6,2025-10-23T00:00:00+00:00,2025-10-24T20:10:00+00:00,281,shipped,CUST-7465,synthetic,2025-10-23T00:00:00+00:00
cbdc6998-7ab5-49d7-8e12-ad2de6a4c8d5,Auto shipment 3387,78b74b5c-e459-4f23-b196-79e2b104375d,2025-08-06T00:00:00+00:00,2025-08-10T01:15:00+00:00,190,shipped,CUST-8950,synthetic,2025-08-09T00:00:00+00:00
42b535f0-56d4-43ee-a4dc-be5da44cd494,Auto shipment 3388,78b74b5c-e459-4f23-b196-79e2b104375d,2025-10-15T00:00:00+00:00,2025-10-16T19:55:00+00:00,456,shipped,CUST-3831,synthetic,2025-10-15T00:00:00+00:00
0e99a44a-0046-4f8c-9dd6-8111cefb9d7e,Auto shipment 3389,1c21be0f-7a41-4fd2-98f6-829a3308a50a,2025-03-13T00:00:00+00:00,2025-03-17T06:35:00+00:00,422,shipped,CUST-9985,synthetic,2025-03-16T00:00:00+00:00
d638c9c1-e935-4d64-a90c-d0634dad54dc,Auto shipment 3390,1c21be0f-7a41-4fd2-98f6-829a3308a50a,2025-02-09T00:00:00+00:00,2025-02-13T06:37:00+00:00,255,shipped,CUST-2940,synthetic,2025-02-12T00:00:00+00:00
54bb8c7f-a571-488a-93d7-53989a765900,Auto shipment 3391,68db2e0c-1613-41ae-a22c-4959cbb08fe6,2025-09-07T00:00:00+00:00,2025-09-11T17:13:00+00:00,247,shipped,CUST-3597,synthetic,2025-09-10T00:00:00+00:00
08594b57-33bd-4606-96b8-b144209e87da,Auto shipment 3392,78b74b5c-e459-4f23-b196-79e2b104375d,2024-11-18T00:00:00+00:00,2024-11-20T01:38:00+00:00,173,shipped,CUST-3059,synthetic,2024-11-19T00:00:00+00:00
0178b7db-2602-4944-b88b-017ba9a7551f,Auto shipment 3393,78b74b5c-e459-4f23-b196-79e2b104375d,2025-04-20T00:00:00+00:00,2025-04-23T03:43:00+00:00,165,shipped,CUST-4627,synthetic,2025-04-22T00:00:00+00:00
67e32049-4575-468f-a863-f3f263eeadef,Auto shipment 3394,68db2e0c-1613-41ae-a22c-4959cbb08fe6,2025-03-19T00:00:00+00:00,2025-03-22T15:53:00+00:00,432,shipped,CUST-1105,synthetic,2025-03-21T00:00:00+00:00
fefca4a4-25be-4514-bed7-d637cb586b39,Auto shipment 3395,78b74b5c-e459-4f23-b196-79e2b104375d,2025-02-26T00:00:00+00:00,2025-02-28T22:01:00+00:00,447,shipped,CUST-1854,synthetic,2025-02-27T00:00:00+00:00
0dca03d3-a597-4ce6-b5f3-ac638c50f1e9,Auto shipment 3396,1c21be0f-7a41-4fd2-98f6-829a3308a50a,2025-01-09T00:00:00+00:00,2025-01-10T13:51:00+00:00,154,shipped,CUST-4084,synthetic,2025-01-09T00:00:00+00:00
eed258a0-dd4d-4fb6-828d-984e0720c2e5,Auto shipment 3397,1c21be0f-7a41-4fd2-98f6-829a3308a50a,2025-05-30T00:00:00+00:00,2025-05-30T20:16:00+00:00,247,shipped,CUST-9918,synthetic,2025-05-29T00:00:00+00:00
0e026e5c-cb35-498a-979b-19b243cb56a8,Auto shipment 3398,78b74b5c-e459-4f23-b196-79e2b104375d,2025-06-17T00:00:00+00:00,2025-06-21T21:04:00+00:00,171,shipped,CUST-5347,synthetic,2025-06-20T00:00:00+00:00
ec933b5c-8c6c-404a-bb26-8896d4509bb7,Auto shipment 3399,78b74b5c-e459-4f23-b196-79e2b104375d,2025-08-23T00:00:00+00:00,2025-08-26T10:22:00+00:00,241,shipped,CUST-3007,synthetic,2025-08-25T00:00:00+00:00
79ef44f7-88c9-4f6e-bfdf-7c2e1b12d85a,Auto shipment 3400,78b74b5c-e459-4f23-b196-79e2b104375d,2025-06-03T00:00:00+00:00,2025-06-04T10:49:00+00:00,285,shipped,CUST-2676,synthetic,2025-06-03T00:00:00+00:00
3ed24136-d69e-4175-b176-00b5bf7e91eb,Auto shipment 3401,1c21be0f-7a41-4fd2-98f6-829a3308a50a,2025-04-08T00:00:00+00:00,2025-04-12T03:11:00+00:00,199,shipped,CUST-6533,synthetic,2025-04-11T00:00:00+00:00
0ddb2152-0e22-4ad2-ad91-b80331e4acfc,Auto shipment 3402,1c21be0f-7a41-4fd2-98f6-829a3308a50a,2025-05-07T00:00:00+00:00,2025-05-10T19:42:00+00:00,333,shipped,CUST-4683,synthetic,2025-05-09T00:00:00+00:00
82bed557-adf0-41f1-890c-ea93bc29f592,Auto shipment 3403,1c21be0f-7a41-4fd2-98f6-829a3308a50a,2025-06-28T00:00:00+00:00,2025-07-01T20:18:00+00:00,440,shipped,CUST-6044,synthetic,2025-06-30T00:00:00+00:00
8652ee4f-7899-4039-adbb-08fa138e286d,Auto shipment 3404,78b74b5c-e459-4f23-b196-79e2b104375d,2025-11-04T00:00:00+00:00,2025-11-06T21:38:00+00:00,112,shipped,CUST-5385,synthetic,2025-11-05T00:00:00+00:00
607a9fb2-b71f-4b16-b82b-314c2ecf8c15,Auto shipment 3405,1c21be0f-7a41-4fd2-98f6-829a3308a50a,2025-09-30T00:00:00+00:00,2025-10-04T21:10:00+00:00,95,shipped,CUST-4642,synthetic,2025-10-03T00:00:00+00:00
b9956e20-f050-4b63-b633-fb49c5d5726d,Auto shipment 3406,78b74b5c-e459-4f23-b196-79e2b104375d,2025-08-18T00:00:00+00:00,2025-08-21T21:27:00+00:00,482,shipped,CUST-6832,synthetic,2025-08-20T00:00:00+00:00
dc96aae8-ea67-4fa0-aaec-b41954c65162,Auto shipment 3407,78b74b5c-e459-4f23-b196-79e2b104375d,2024-12-25T00:00:00+00:00,2024-12-26T00:19:00+00:00,429,shipped,CUST-4695,synthetic,2024-12-25T00:00:00+00:00
b5e8720e-e580-42f8-9234-0af63e91abc3,Auto shipment 3408,78b74b5c-e459-4f23-b196-79e2b104375d,2025-10-18T00:00:00+00:00,2025-10-18T19:01:00+00:00,397,shipped,CUST-3874,synthetic,2025-10-17T00:00:00+00:00
eaf65466-75ed-4458-ab74-d1603a793411,Auto shipment 3409,1c21be0f-7a41-4fd2-98f6-829a3308a50a,2025-07-27T00:00:00+00:00,2025-07-27T18:19:00+00:00,450,shipped,CUST-9483,synthetic,2025-07-26T00:00:00+00:00
b99fe026-5529-47d9-ae5d-2fdc655fb619,Auto shipment 3410,68db2e0c-1613-41ae-a22c-4959cbb08fe6,2025-05-03T00:00:00+00:00,2025-05-04T17:35:00+00:00,401,shipped,CUST-5962,synthetic,2025-05-03T00:00:00+00:00
ce153942-ad91-4de3-9849-55f8a0d9c21d,Auto shipment 3411,68db2e0c-1613-41ae-a22c-4959cbb08fe6,2025-03-06T00:00:00+00:00,2025-03-07T19:55:00+00:00,332,shipped,CUST-5467,synthetic,2025-03-06T00:00:00+00:00
79fe942e-6b0d-451d-8265-c696333d1dbb,Auto shipment 3412,68db2e0c-1613-41ae-a22c-4959cbb08fe6,2025-06-03T00:00:00+00:00,2025-06-06T19:35:00+00:00,141,shipped,CUST-5028,synthetic,2025-06-05T00:00:00+00:00
373160af-02bb-4794-bf91-df91eb3c077f,Auto shipment 3413,78b74b5c-e459-4f23-b196-79e2b104375d,2024-11-23T00:00:00+00:00,2024-11-26T16:53:00+00:00,435,shipped,CUST-7987,synthetic,2024-11-25T00:00:00+00:00
a11b433a-7310-45b3-959c-2912120c4832,Auto shipment 3414,78b74b5c-e459-4f23-b196-79e2b104375d,2025-09-26T00:00:00+00:00,2025-09-27T16:24:00+00:00,368,shipped,CUST-6139,synthetic,2025-09-26T00:00:00+00:00
49b173b8-9228-43b1-8483-d81baf3bd104,Auto shipment 3415,68db2e0c-1613-41ae-a22c-4959cbb08fe6,2025-01-11T00:00:00+00:00,2025-01-14T13:31:00+00:00,159,shipped,CUST-5118,synthetic,2025-01-13T00:00:00+00:00
ebf23f71-c047-45c2-8581-c954e2aad467,Auto shipment 3416,1c21be0f-7a41-4fd2-98f6-829a3308a50a,2025-02-04T00:00:00+00:00,2025-02-08T00:18:00+00:00,211,shipped,CUST-4664,synthetic,2025-02-07T00:00:00+00:00
9a7854f7-93e1-421e-bcef-7142dfb4de47,Auto shipment 3417,78b74b5c-e459-4f23-b196-79e2b104375d,2025-10-30T00:00:00+00:00,2025-11-02T08:04:00+00:00,172,shipped,CUST-9400,synthetic,2025-11-01T00:00:00+00:00
85f87454-64ec-4e77-af58-330b63fec24a,Auto shipment 3418,78b74b5c-e459-4f23-b196-79e2b104375d,2025-09-04T00:00:00+00:00,2025-09-08T22:39:00+00:00,380,shipped,CUST-1367,synthetic,2025-09-07T00:00:00+00:00
676565eb-cc45-4e2e-9329-97d7ba9ec9f0,Auto shipment 3419,78b74b5c-e459-4f23-b196-79e2b104375d,2025-09-05T00:00:00+00:00,2025-09-07T19:47:00+00:00,105,shipped,CUST-9283,synthetic,2025-09-06T00:00:00+00:00
ae3a0aaf-1cfd-4977-bd18-74e96bd2d879,Auto shipment 3420,78b74b5c-e459-4f23-b196-79e2b104375d,2025-02-08T00:00:00+00:00,2025-02-12T05:44:00+00:00,169,shipped,CUST-2638,synthetic,2025-02-11T00:00:00+00:00
b6b9ab9d-0542-4669-ba82-5766594f9c1e,Auto shipment 3421,78b74b5c-e459-4f23-b196-79e2b104375d,2025-10-14T00:00:00+00:00,2025-10-17T21:09:00+00:00,139,shipped,CUST-1612,synthetic,2025-10-16T00:00:00+00:00
c9050726-0844-4617-957a-a658c74642e7,Auto shipment 3422,78b74b5c-e459-4f23-b196-79e2b104375d,2024-11-24T00:00:00+00:00,2024-11-27T09:49:00+00:00,356,shipped,CUST-2375,synthetic,2024-11-26T00:00:00+00:00
b21a05b8-b9c6-4e76-9d54-45be8bdeaeba,Auto shipment 3423,68db2e0c-1613-41ae-a22c-4959cbb08fe6,2024-11-29T00:00:00+00:00,2024-12-03T21:36:00+00:00,331,shipped,CUST-9395,synthetic,2024-12-02T00:00:00+00:00
7d299f60-aa75-4321-a2df-556f7cc4dc31,Auto shipment 3424,68db2e0c-1613-41ae-a22c-4959cbb08fe6,2025-08-24T00:00:00+00:00,2025-08-27T17:07:00+00:00,159,shipped,CUST-6624,synthetic,2025-08-26T00:00:00+00:00
e6f8d1a2-c349-451d-a9e8-49ae784b7467,Auto shipment 3425,68db2e0c-1613-41ae-a22c-4959cbb08fe6,2025-08-08T00:00:00+00:00,2025-08-10T12:32:00+00:00,255,shipped,CUST-1794,synthetic,2025-08-09T00:00:00+00:00
cded557a-265f-4373-9c4d-b7c561ed1322,Auto shipment 3426,78b74b5c-e459-4f23-b196-79e2b104375d,2025-05-11T00:00:00+00:00,2025-05-11T00:49:00+00:00,174,shipped,CUST-1877,synthetic,2025-05-10T00:00:00+00:00
7c6da78b-fe2d-454d-8ae7-2619ce93b0f5,Auto shipment 3427,1c21be0f-7a41-4fd2-98f6-829a3308a50a,2025-04-15T00:00:00+00:00,2025-04-18T13:54:00+00:00,265,shipped,CUST-2106,synthetic,2025-04-17T00:00:00+00:00
d7f8883c-2ddc-402b-aadb-db8b402386eb,Auto shipment 3428,68db2e0c-1613-41ae-a22c-4959cbb08fe6,2025-09-12T00:00:00+00:00,2025-09-16T05:42:00+00:00,170,shipped,CUST-6568,synthetic,2025-09-15T00:00:00+00:00
9fa38590-3027-407a-8a0a-c667d7c9d8ed,Auto shipment 3429,78b74b5c-e459-4f23-b196-79e2b104375d,2024-12-08T00:00:00+00:00,2024-12-10T09:57:00+00:00,406,shipped,CUST-4166,synthetic,2024-12-09T00:00:00+00:00
d54e6c0d-f5a0-4a5c-9b3e-c369d61a518e,Auto shipment 3430,1c21be0f-7a41-4fd2-98f6-829a3308a50a,2025-05-20T00:00:00+00:00,2025-05-24T21:44:00+00:00,179,shipped,CUST-1473,synthetic,2025-05-23T00:00:00+00:00
9abf55b6-32c4-48d7-ab20-781515c1caf4,Auto shipment 3431,1c21be0f-7a41-4fd2-98f6-829a3308a50a,2025-07-27T00:00:00+00:00,2025-07-28T13:27:00+00:00,358,shipped,CUST-8683,synthetic,2025-07-27T00:00:00+00:00
d78bf277-3c14-4d3c-b752-0cf39261bf03,Auto shipment 3432,78b74b5c-e459-4f23-b196-79e2b104375d,2025-01-30T00:00:00+00:00,2025-02-03T20:09:00+00:00,428,shipped,CUST-9470,synthetic,2025-02-02T00:00:00+00:00
0278c9a0-4b00-4505-9b5d-1a27c393100b,Auto shipment 3433,1c21be0f-7a41-4fd2-98f6-829a3308a50a,2025-05-03T00:00:00+00:00,2025-05-06T21:25:00+00:00,298,shipped,CUST-3158,synthetic,2025-05-05T00:00:00+00:00
f3b56160-5ad6-4eee-90ed-4af902b3a137,Auto shipment 3434,1c21be0f-7a41-4fd2-98f6-829a3308a50a,2025-08-19T00:00:00+00:00,2025-08-23T21:23:00+00:00,282,shipped,CUST-6826,synthetic,2025-08-22T00:00:00+00:00
d441a621-d937-45e8-b12e-c93856513772,Auto shipment 3435,78b74b5c-e459-4f23-b196-79e2b104375d,2025-05-25T00:00:00+00:00,2025-05-26T13:37:00+00:00,431,shipped,CUST-5740,synthetic,2025-05-25T00:00:00+00:00
0f7a2830-8cd9-40cb-8491-1d542d5c91a3,Auto shipment 3436,68db2e0c-1613-41ae-a22c-4959cbb08fe6,2025-04-20T00:00:00+00:00,2025-04-21T18:17:00+00:00,377,shipped,CUST-2779,synthetic,2025-04-20T00:00:00+00:00
7313e07c-ee1d-45f2-8604-d4238b3fbbdf,Auto shipment 3437,78b74b5c-e459-4f23-b196-79e2b104375d,2024-11-30T00:00:00+00:00,2024-12-02T17:52:00+00:00,365,shipped,CUST-6504,synthetic,2024-12-01T00:00:00+00:00
9ca4c874-449e-4377-87b6-fe5edf5e02b8,Auto shipment 3438,1c21be0f-7a41-4fd2-98f6-829a3308a50a,2025-06-17T00:00:00+00:00,2025-06-18T02:06:00+00:00,283,shipped,CUST-9337,synthetic,2025-06-17T00:00:00+00:00
b34955a7-7fe3-4039-9162-01a70e604ea3,Auto shipment 3439,68db2e0c-1613-41ae-a22c-4959cbb08fe6,2025-10-23T00:00:00+00:00,2025-10-23T03:43:00+00:00,171,shipped,CUST-2046,synthetic,2025-10-22T00:00:00+00:00
de6d30fa-9bd6-45f5-96d7-660967264031,Auto shipment 3440,1c21be0f-7a41-4fd2-98f6-829a3308a50a,2025-02-13T00:00:00+00:00,2025-02-13T17:45:00+00:00,323,shipped,CUST-6948,synthetic,2025-02-12T00:00:00+00:00
bb3fc9d4-6436-467e-8f76-df91e5fad883,Auto shipment 3441,1c21be0f-7a41-4fd2-98f6-829a3308a50a,2025-03-01T00:00:00+00:00,2025-03-03T10:44:00+00:00,268,shipped,CUST-8319,synthetic,2025-03-02T00:00:00+00:00
77c038c5-e7ed-45ca-bd17-6cfffd7c15be,Auto shipment 3442,68db2e0c-1613-41ae-a22c-4959cbb08fe6,2025-02-13T00:00:00+00:00,2025-02-14T07:46:00+00:00,330,shipped,CUST-3683,synthetic,2025-02-13T00:00:00+00:00
7168938a-d0e5-4254-9170-db402bae669d,Auto shipment 3443,1c21be0f-7a41-4fd2-98f6-829a3308a50a,2024-12-06T00:00:00+00:00,2024-12-06T04:26:00+00:00,418,shipped,CUST-6524,synthetic,2024-12-05T00:00:00+00:00
a821915f-8c30-41c3-9808-9671a7cd97d1,Auto shipment 3444,68db2e0c-1613-41ae-a22c-4959cbb08fe6,2025-06-10T00:00:00+00:00,2025-06-10T08:48:00+00:00,399,shipped,CUST-8773,synthetic,2025-06-09T00:00:00+00:00
12729ca9-dd2b-46c1-9c49-7c33d0bfe4f5,Auto shipment 3445,78b74b5c-e459-4f23-b196-79e2b104375d,2025-07-08T00:00:00+00:00,2025-07-12T15:27:00+00:00,312,shipped,CUST-3831,synthetic,2025-07-11T00:00:00+00:00
3a198e14-c59e-46af-b730-0cc51593e630,Auto shipment 3446,1c21be0f-7a41-4fd2-98f6-829a3308a50a,2025-04-09T00:00:00+00:00,2025-04-11T11:19:00+00:00,308,shipped,CUST-5509,synthetic,2025-04-10T00:00:00+00:00
55b1b6eb-8534-44c9-ac4c-7f0815bb4038,Auto shipment 3447,1c21be0f-7a41-4fd2-98f6-829a3308a50a,2025-09-21T00:00:00+00:00,2025-09-22T22:53:00+00:00,146,shipped,CUST-9644,synthetic,2025-09-21T00:00:00+00:00
83808a5b-fdc4-4512-83ad-138d73dc83ff,Auto shipment 3448,1c21be0f-7a41-4fd2-98f6-829a3308a50a,2025-08-22T00:00:00+00:00,2025-08-23T22:49:00+00:00,177,shipped,CUST-5093,synthetic,2025-08-22T00:00:00+00:00
813bf099-0542-4186-836c-6aff5c4e40e5,Auto shipment 3449,78b74b5c-e459-4f23-b196-79e2b104375d,2025-10-25T00:00:00+00:00,2025-10-25T14:36:00+00:00,222,shipped,CUST-2035,synthetic,2025-10-24T00:00:00+00:00
bc176cb0-eb28-49eb-be88-729bc9d778d3,Auto shipment 3450,68db2e0c-1613-41ae-a22c-4959cbb08fe6,2025-10-03T00:00:00+00:00,2025-10-04T02:52:00+00:00,142,shipped,CUST-6065,synthetic,2025-10-03T00:00:00+00:00
7ae9f4af-2eb2-4e8f-aa00-c23ec595ddaa,Auto shipment 3451,68db2e0c-1613-41ae-a22c-4959cbb08fe6,2024-12-24T00:00:00+00:00,2024-12-25T06:30:00+00:00,275,shipped,CUST-5043,synthetic,2024-12-24T00:00:00+00:00
2e251a5f-59f4-40b1-b9ff-97b84816fb7b,Auto shipment 3452,78b74b5c-e459-4f23-b196-79e2b104375d,2025-05-20T00:00:00+00:00,2025-05-23T16:51:00+00:00,218,shipped,CUST-8057,synthetic,2025-05-22T00:00:00+00:00
3da5fd66-4a01-40ac-99a0-df3921ac858b,Auto shipment 3453,1c21be0f-7a41-4fd2-98f6-829a3308a50a,2025-08-27T00:00:00+00:00,2025-08-30T07:55:00+00:00,283,shipped,CUST-2068,synthetic,2025-08-29T00:00:00+00:00
5339ac5c-92b0-4cbb-8adc-e0d053c06ca7,Auto shipment 3454,78b74b5c-e459-4f23-b196-79e2b104375d,2025-07-28T00:00:00+00:00,2025-07-31T17:16:00+00:00,387,shipped,CUST-2997,synthetic,2025-07-30T00:00:00+00:00
9fdbf641-55b7-411c-8819-728a86b67c7a,Auto shipment 3455,68db2e0c-1613-41ae-a22c-4959cbb08fe6,2025-01-02T00:00:00+00:00,2025-01-02T21:22:00+00:00,247,shipped,CUST-5488,synthetic,2025-01-01T00:00:00+00:00
be7c0fec-be12-44f2-964f-4a8fd48ff442,Auto shipment 3456,1c21be0f-7a41-4fd2-98f6-829a3308a50a,2025-11-04T00:00:00+00:00,2025-11-05T21:31:00+00:00,358,shipped,CUST-9591,synthetic,2025-11-04T00:00:00+00:00
75a271f3-0d1d-4eea-8ee4-9565c0f15d81,Auto shipment 3457,68db2e0c-1613-41ae-a22c-4959cbb08fe6,2024-12-16T00:00:00+00:00,2024-12-18T01:00:00+00:00,127,shipped,CUST-4682,synthetic,2024-12-17T00:00:00+00:00
95bf96a7-a90c-487c-a3c5-ce3648df7b97,Auto shipment 3458,68db2e0c-1613-41ae-a22c-4959cbb08fe6,2025-09-02T00:00:00+00:00,2025-09-03T19:46:00+00:00,287,shipped,CUST-7405,synthetic,2025-09-02T00:00:00+00:00
a5cd60de-06b4-4f09-bab9-56a8f74f62eb,Auto shipment 3459,78b74b5c-e459-4f23-b196-79e2b104375d,2025-05-24T00:00:00+00:00,2025-05-26T02:12:00+00:00,271,shipped,CUST-4716,synthetic,2025-05-25T00:00:00+00:00
dfd013a3-b7ea-47d1-9acd-d7f9f155e6fb,Auto shipment 3460,78b74b5c-e459-4f23-b196-79e2b104375d,2025-04-15T00:00:00+00:00,2025-04-17T01:26:00+00:00,96,shipped,CUST-7268,synthetic,2025-04-16T00:00:00+00:00
f3355a10-8266-4672-923d-3ad77d7ee54a,Auto shipment 3461,68db2e0c-1613-41ae-a22c-4959cbb08fe6,2025-07-15T00:00:00+00:00,2025-07-15T02:10:00+00:00,435,shipped,CUST-4487,synthetic,2025-07-14T00:00:00+00:00
c0e9ef0b-4a2b-4c83-89c5-09d3ae44cb70,Auto shipment 3462,1c21be0f-7a41-4fd2-98f6-829a3308a50a,2025-10-03T00:00:00+00:00,2025-10-03T04:06:00+00:00,289,shipped,CUST-7848,synthetic,2025-10-02T00:00:00+00:00
eaf5cd12-b722-467f-aa7b-e72dfb24574c,Auto shipment 3463,1c21be0f-7a41-4fd2-98f6-829a3308a50a,2025-06-06T00:00:00+00:00,2025-06-09T00:00:00+00:00,437,shipped,CUST-1185,synthetic,2025-06-08T00:00:00+00:00
93f8eebb-bb06-41fc-85fa-56a4f7f93a63,Auto shipment 3464,68db2e0c-1613-41ae-a22c-4959cbb08fe6,2025-09-07T00:00:00+00:00,2025-09-09T07:32:00+00:00,128,shipped,CUST-1693,synthetic,2025-09-08T00:00:00+00:00
a538e252-e8fe-44a7-bc96-1032ef5b6751,Auto shipment 3465,78b74b5c-e459-4f23-b196-79e2b104375d,2025-06-13T00:00:00+00:00,2025-06-16T00:51:00+00:00,215,shipped,CUST-4592,synthetic,2025-06-15T00:00:00+00:00
c58d34e5-ca1a-4e2d-be0f-09dedb13f3c6,Auto shipment 3466,68db2e0c-1613-41ae-a22c-4959cbb08fe6,2025-03-29T00:00:00+00:00,2025-04-01T14:11:00+00:00,294,shipped,CUST-8977,synthetic,2025-03-31T00:00:00+00:00
6fda1071-f79f-4f72-81b9-0563490c286e,Auto shipment 3467,78b74b5c-e459-4f23-b196-79e2b104375d,2025-06-15T00:00:00+00:00,2025-06-19T20:58:00+00:00,134,shipped,CUST-9589,synthetic,2025-06-18T00:00:00+00:00
6b400ff9-76cb-4250-a05a-a920f90dbc47,Auto shipment 3468,1c21be0f-7a41-4fd2-98f6-829a3308a50a,2024-12-10T00:00:00+00:00,2024-12-12T00:11:00+00:00,128,shipped,CUST-2088,synthetic,2024-12-11T00:00:00+00:00
8a2506bb-82ff-4788-a346-8aa2b9e5df40,Auto shipment 3469,1c21be0f-7a41-4fd2-98f6-829a3308a50a,2025-08-28T00:00:00+00:00,2025-09-01T02:22:00+00:00,185,shipped,CUST-4477,synthetic,2025-08-31T00:00:00+00:00
105ed6df-b66d-4f06-a4fb-7cf19bc78cca,Auto shipment 3470,78b74b5c-e459-4f23-b196-79e2b104375d,2025-01-03T00:00:00+00:00,2025-01-07T02:50:00+00:00,511,shipped,CUST-7213,synthetic,2025-01-06T00:00:00+00:00
db30a4c0-7002-4da7-9bdd-4c0ac4531d2e,Auto shipment 3471,1c21be0f-7a41-4fd2-98f6-829a3308a50a,2025-05-18T00:00:00+00:00,2025-05-20T00:36:00+00:00,388,shipped,CUST-6365,synthetic,2025-05-19T00:00:00+00:00
4d54a009-0af0-4a9c-aa2d-9024ce3ab549,Auto shipment 3472,78b74b5c-e459-4f23-b196-79e2b104375d,2025-09-29T00:00:00+00:00,2025-10-01T17:05:00+00:00,225,shipped,CUST-2840,synthetic,2025-09-30T00:00:00+00:00
15357810-e00a-45ba-a233-9422a8eadde8,Auto shipment 3473,78b74b5c-e459-4f23-b196-79e2b104375d,2025-08-15T00:00:00+00:00,2025-08-17T07:27:00+00:00,395,shipped,CUST-3002,synthetic,2025-08-16T00:00:00+00:00
a3a9b52b-71f1-4148-b722-dbd1bb8e4d7b,Auto shipment 3474,78b74b5c-e459-4f23-b196-79e2b104375d,2024-12-09T00:00:00+00:00,2024-12-09T08:01:00+00:00,190,shipped,CUST-8766,synthetic,2024-12-08T00:00:00+00:00
0a185342-1166-467c-b3ff-099e32a1ed40,Auto shipment 3475,68db2e0c-1613-41ae-a22c-4959cbb08fe6,2024-12-31T00:00:00+00:00,2025-01-01T16:19:00+00:00,124,shipped,CUST-9716,synthetic,2024-12-31T00:00:00+00:00
07068d15-6fa3-4f4a-aa11-8bc815ba0eaa,Auto shipment 3476,1c21be0f-7a41-4fd2-98f6-829a3308a50a,2025-06-22T00:00:00+00:00,2025-06-24T14:28:00+00:00,269,shipped,CUST-7962,synthetic,2025-06-23T00:00:00+00:00
33e4a240-d35f-4790-86e9-70302e1d6606,Auto shipment 3477,68db2e0c-1613-41ae-a22c-4959cbb08fe6,2025-07-01T00:00:00+00:00,2025-07-03T05:39:00+00:00,189,shipped,CUST-4487,synthetic,2025-07-02T00:00:00+00:00
045f606e-d776-4022-9bee-7d2a95216772,Auto shipment 3478,78b74b5c-e459-4f23-b196-79e2b104375d,2025-05-18T00:00:00+00:00,2025-05-19T08:53:00+00:00,290,shipped,CUST-7147,synthetic,2025-05-18T00:00:00+00:00
07c2c9a8-95f8-4b0d-abbf-bfa8f445ecb8,Auto shipment 3479,68db2e0c-1613-41ae-a22c-4959cbb08fe6,2025-02-04T00:00:00+00:00,2025-02-04T17:43:00+00:00,300,shipped,CUST-9902,synthetic,2025-02-03T00:00:00+00:00
26cbb6ee-80f1-4e3d-bdea-ab7029761579,Auto shipment 3480,78b74b5c-e459-4f23-b196-79e2b104375d,2025-03-27T00:00:00+00:00,2025-03-28T19:21:00+00:00,337,shipped,CUST-7278,synthetic,2025-03-27T00:00:00+00:00
a9607d49-da44-471b-92f1-6d856378face,Auto shipment 3481,1c21be0f-7a41-4fd2-98f6-829a3308a50a,2025-03-10T00:00:00+00:00,2025-03-10T17:45:00+00:00,207,shipped,CUST-6410,synthetic,2025-03-09T00:00:00+00:00
4f179787-ba53-455b-93fc-0cd49e021597,Auto shipment 3482,1c21be0f-7a41-4fd2-98f6-829a3308a50a,2025-02-25T00:00:00+00:00,2025-02-26T07:13:00+00:00,275,shipped,CUST-8223,synthetic,2025-02-25T00:00:00+00:00
ca3b70fb-5280-4cf3-b726-56c5da2edcf8,Auto shipment 3483,68db2e0c-1613-41ae-a22c-4959cbb08fe6,2025-07-18T00:00:00+00:00,2025-07-19T14:23:00+00:00,429,shipped,CUST-9693,synthetic,2025-07-18T00:00:00+00:00
d47b04fe-262a-4c85-9cff-69e463a47057,Auto shipment 3484,1c21be0f-7a41-4fd2-98f6-829a3308a50a,2025-04-24T00:00:00+00:00,2025-04-26T11:00:00+00:00,398,shipped,CUST-6346,synthetic,2025-04-25T00:00:00+00:00
ed7d470a-8d12-4f7a-a323-cc680fc1bddb,Auto shipment 3485,1c21be0f-7a41-4fd2-98f6-829a3308a50a,2025-04-14T00:00:00+00:00,2025-04-17T07:27:00+00:00,177,shipped,CUST-6344,synthetic,2025-04-16T00:00:00+00:00
149163b6-8949-4b8a-82ce-d3accac6f587,Auto shipment 3486,1c21be0f-7a41-4fd2-98f6-829a3308a50a,2025-07-25T00:00:00+00:00,2025-07-27T19:55:00+00:00,137,shipped,CUST-8350,synthetic,2025-07-26T00:00:00+00:00
eca9db7c-1183-4512-bf7f-823ec48c0f87,Auto shipment 3487,78b74b5c-e459-4f23-b196-79e2b104375d,2025-04-15T00:00:00+00:00,2025-04-19T05:46:00+00:00,319,shipped,CUST-9406,synthetic,2025-04-18T00:00:00+00:00
68e94363-08eb-4e48-bb8c-7b6517cf16f0,Auto shipment 3488,78b74b5c-e459-4f23-b196-79e2b104375d,2025-01-31T00:00:00+00:00,2025-02-03T02:34:00+00:00,148,shipped,CUST-9013,synthetic,2025-02-02T00:00:00+00:00
bee722be-56fe-4e89-8b51-1c97a022a59e,Auto shipment 3489,78b74b5c-e459-4f23-b196-79e2b104375d,2025-05-15T00:00:00+00:00,2025-05-18T14:19:00+00:00,398,shipped,CUST-1738,synthetic,2025-05-17T00:00:00+00:00
bd56272d-6337-4225-8a72-3bbdd823be42,Auto shipment 3490,68db2e0c-1613-41ae-a22c-4959cbb08fe6,2025-09-15T00:00:00+00:00,2025-09-16T03:53:00+00:00,343,shipped,CUST-4716,synthetic,2025-09-15T00:00:00+00:00
953a0a23-1c0d-4cd7-9aa9-823844baed2a,Auto shipment 3491,68db2e0c-1613-41ae-a22c-4959cbb08fe6,2025-09-26T00:00:00+00:00,2025-09-30T21:33:00+00:00,268,shipped,CUST-9063,synthetic,2025-09-29T00:00:00+00:00
84533133-4dbb-4ae6-a5a6-3f69a4824fe7,Auto shipment 3492,68db2e0c-1613-41ae-a22c-4959cbb08fe6,2025-01-03T00:00:00+00:00,2025-01-07T21:41:00+00:00,159,shipped,CUST-4068,synthetic,2025-01-06T00:00:00+00:00
8c0e47e0-cce6-4352-a0e6-96ee5d842e30,Auto shipment 3493,68db2e0c-1613-41ae-a22c-4959cbb08fe6,2025-06-15T00:00:00+00:00,2025-06-16T05:49:00+00:00,305,shipped,CUST-1062,synthetic,2025-06-15T00:00:00+00:00
50e42156-af9e-4674-8559-2a079b04b19c,Auto shipment 3494,68db2e0c-1613-41ae-a22c-4959cbb08fe6,2025-05-14T00:00:00+00:00,2025-05-15T15:36:00+00:00,323,shipped,CUST-8876,synthetic,2025-05-14T00:00:00+00:00
c4f8b5e5-dc4d-43a1-8736-5c20069964aa,Auto shipment 3495,78b74b5c-e459-4f23-b196-79e2b104375d,2025-10-28T00:00:00+00:00,2025-10-28T21:06:00+00:00,107,shipped,CUST-5524,synthetic,2025-10-27T00:00:00+00:00
6eec5bcb-dc03-438d-8ef9-2a3ac4f34a14,Auto shipment 3496,78b74b5c-e459-4f23-b196-79e2b104375d,2025-05-10T00:00:00+00:00,2025-05-12T17:50:00+00:00,230,shipped,CUST-2219,synthetic,2025-05-11T00:00:00+00:00
933b972b-e11e-4382-b7d8-e56f60835bef,Auto shipment 3497,78b74b5c-e459-4f23-b196-79e2b104375d,2025-09-21T00:00:00+00:00,2025-09-24T05:17:00+00:00,102,shipped,CUST-1198,synthetic,2025-09-23T00:00:00+00:00
fc1a175f-e230-40cf-8296-ac500e475821,Auto shipment 3498,78b74b5c-e459-4f23-b196-79e2b104375d,2025-08-09T00:00:00+00:00,2025-08-11T02:10:00+00:00,180,shipped,CUST-1168,synthetic,2025-08-10T00:00:00+00:00
186353df-7bba-4e4f-a656-ba04af3e0cc6,Auto shipment 3499,78b74b5c-e459-4f23-b196-79e2b104375d,2025-06-02T00:00:00+00:00,2025-06-04T09:16:00+00:00,217,shipped,CUST-9541,synthetic,2025-06-03T00:00:00+00:00
3abc8201-8cb6-4ef0-90a1-f2cccc0929d8,Auto shipment 3500,68db2e0c-1613-41ae-a22c-4959cbb08fe6,2025-07-12T00:00:00+00:00,2025-07-16T06:01:00+00:00,307,shipped,CUST-8624,synthetic,2025-07-15T00:00:00+00:00
b420901f-7e43-42f5-8f52-9c269222726e,Auto shipment 3501,78b74b5c-e459-4f23-b196-79e2b104375d,2025-10-13T00:00:00+00:00,2025-10-14T03:28:00+00:00,285,shipped,CUST-3730,synthetic,2025-10-13T00:00:00+00:00
9b5d0417-6340-43da-99bf-6280ff96324d,Auto shipment 3502,78b74b5c-e459-4f23-b196-79e2b104375d,2025-04-26T00:00:00+00:00,2025-04-28T20:07:00+00:00,126,shipped,CUST-5206,synthetic,2025-04-27T00:00:00+00:00
8b5eba8d-92ca-45ce-8615-b578535d1c4e,Auto shipment 3503,1c21be0f-7a41-4fd2-98f6-829a3308a50a,2025-06-13T00:00:00+00:00,2025-06-15T05:21:00+00:00,216,shipped,CUST-1220,synthetic,2025-06-14T00:00:00+00:00
16cd740b-2111-40a5-a0f1-5c762db51e2b,Auto shipment 3504,68db2e0c-1613-41ae-a22c-4959cbb08fe6,2025-06-08T00:00:00+00:00,2025-06-09T15:17:00+00:00,179,shipped,CUST-5270,synthetic,2025-06-08T00:00:00+00:00
4e8d4eef-e26e-45c5-a989-4b8654044529,Auto shipment 3505,78b74b5c-e459-4f23-b196-79e2b104375d,2025-01-28T00:00:00+00:00,2025-02-01T02:42:00+00:00,335,shipped,CUST-6767,synthetic,2025-01-31T00:00:00+00:00
9c9fb535-a23f-4a2f-b215-7cb3cdc56dc1,Auto shipment 3506,68db2e0c-1613-41ae-a22c-4959cbb08fe6,2025-07-02T00:00:00+00:00,2025-07-06T20:22:00+00:00,224,shipped,CUST-2500,synthetic,2025-07-05T00:00:00+00:00
4d148a34-e332-4d66-b6a7-4d7ccd7070f5,Auto shipment 3507,68db2e0c-1613-41ae-a22c-4959cbb08fe6,2025-02-04T00:00:00+00:00,2025-02-08T21:27:00+00:00,175,shipped,CUST-3108,synthetic,2025-02-07T00:00:00+00:00
da38521d-3dd0-41ef-a33f-384011cc487d,Auto shipment 3508,78b74b5c-e459-4f23-b196-79e2b104375d,2025-01-28T00:00:00+00:00,2025-02-01T19:46:00+00:00,222,shipped,CUST-5499,synthetic,2025-01-31T00:00:00+00:00
0ad712ea-9f37-44e7-a39f-ae1ebcb95b65,Auto shipment 3509,1c21be0f-7a41-4fd2-98f6-829a3308a50a,2025-03-10T00:00:00+00:00,2025-03-14T00:05:00+00:00,202,shipped,CUST-7263,synthetic,2025-03-13T00:00:00+00:00
d03e6d32-02a9-4c82-bd49-5853f757ba2b,Auto shipment 3510,68db2e0c-1613-41ae-a22c-4959cbb08fe6,2025-03-01T00:00:00+00:00,2025-03-02T19:32:00+00:00,429,shipped,CUST-8033,synthetic,2025-03-01T00:00:00+00:00
2ce16bd9-26fa-4017-a6c8-9dd17dc0938d,Auto shipment 3511,68db2e0c-1613-41ae-a22c-4959cbb08fe6,2025-01-05T00:00:00+00:00,2025-01-06T02:03:00+00:00,180,shipped,CUST-7048,synthetic,2025-01-05T00:00:00+00:00
a3180cd1-808c-40bc-8c5c-2875c7c223a8,Auto shipment 3512,68db2e0c-1613-41ae-a22c-4959cbb08fe6,2025-04-07T00:00:00+00:00,2025-04-07T17:13:00+00:00,348,shipped,CUST-8677,synthetic,2025-04-06T00:00:00+00:00
f064516b-216f-4ba2-9c8d-01d3dc7dde95,Auto shipment 3513,78b74b5c-e459-4f23-b196-79e2b104375d,2025-10-02T00:00:00+00:00,2025-10-04T09:53:00+00:00,453,shipped,CUST-8782,synthetic,2025-10-03T00:00:00+00:00
38437c1c-a123-4dc8-b7fd-82d1e4f38a09,Auto shipment 3514,1c21be0f-7a41-4fd2-98f6-829a3308a50a,2025-11-05T00:00:00+00:00,2025-11-05T22:41:00+00:00,325,shipped,CUST-7573,synthetic,2025-11-04T00:00:00+00:00
75863b67-a8e2-44c8-9213-f509138811ed,Auto shipment 3515,78b74b5c-e459-4f23-b196-79e2b104375d,2025-03-16T00:00:00+00:00,2025-03-20T03:40:00+00:00,295,shipped,CUST-4614,synthetic,2025-03-19T00:00:00+00:00
6548d6cc-5713-4f89-a479-c6f6d6bfa0e2,Auto shipment 3516,78b74b5c-e459-4f23-b196-79e2b104375d,2025-05-15T00:00:00+00:00,2025-05-19T17:58:00+00:00,168,shipped,CUST-6594,synthetic,2025-05-18T00:00:00+00:00
2e3ab3cb-6d6d-42f0-8713-175dc5b8cdeb,Auto shipment 3517,68db2e0c-1613-41ae-a22c-4959cbb08fe6,2024-12-05T00:00:00+00:00,2024-12-08T03:23:00+00:00,446,shipped,CUST-1533,synthetic,2024-12-07T00:00:00+00:00
abb6e6fe-8dcb-4e69-a5dc-5d5116d3abf7,Auto shipment 3518,78b74b5c-e459-4f23-b196-79e2b104375d,2025-01-19T00:00:00+00:00,2025-01-20T14:14:00+00:00,382,shipped,CUST-1506,synthetic,2025-01-19T00:00:00+00:00
0033dccc-c947-48f3-8c72-c1b7f93cb50f,Auto shipment 3519,1c21be0f-7a41-4fd2-98f6-829a3308a50a,2025-04-28T00:00:00+00:00,2025-04-30T09:22:00+00:00,367,shipped,CUST-1029,synthetic,2025-04-29T00:00:00+00:00
3a5c135a-8636-4a89-a0ed-5f8708bae5cd,Auto shipment 3520,78b74b5c-e459-4f23-b196-79e2b104375d,2025-01-27T00:00:00+00:00,2025-01-30T05:49:00+00:00,290,shipped,CUST-4932,synthetic,2025-01-29T00:00:00+00:00
81f493f4-60a2-4e3a-8cf3-b5b469743e3f,Auto shipment 3521,68db2e0c-1613-41ae-a22c-4959cbb08fe6,2025-01-18T00:00:00+00:00,2025-01-21T17:40:00+00:00,334,shipped,CUST-9312,synthetic,2025-01-20T00:00:00+00:00
26b82761-5b3e-4052-a248-66d53ea7b4e9,Auto shipment 3522,68db2e0c-1613-41ae-a22c-4959cbb08fe6,2025-08-25T00:00:00+00:00,2025-08-29T11:15:00+00:00,175,shipped,CUST-6076,synthetic,2025-08-28T00:00:00+00:00
ef325d56-8b2b-417e-8d2d-baf920d00cfa,Auto shipment 3523,78b74b5c-e459-4f23-b196-79e2b104375d,2025-08-02T00:00:00+00:00,2025-08-03T11:39:00+00:00,308,shipped,CUST-9672,synthetic,2025-08-02T00:00:00+00:00
77e2ae1b-bfc4-4643-9291-eb21c86d0428,Auto shipment 3524,78b74b5c-e459-4f23-b196-79e2b104375d,2024-12-19T00:00:00+00:00,2024-12-22T13:30:00+00:00,417,shipped,CUST-5850,synthetic,2024-12-21T00:00:00+00:00
6caa617d-ac9b-4dd8-80ae-920a9cbf4a8a,Auto shipment 3525,68db2e0c-1613-41ae-a22c-4959cbb08fe6,2025-10-17T00:00:00+00:00,2025-10-21T22:53:00+00:00,409,shipped,CUST-1403,synthetic,2025-10-20T00:00:00+00:00
f64de4ad-3fb3-43f6-8b60-74b920ea301e,Auto shipment 3526,68db2e0c-1613-41ae-a22c-4959cbb08fe6,2025-01-20T00:00:00+00:00,2025-01-23T13:37:00+00:00,339,shipped,CUST-9835,synthetic,2025-01-22T00:00:00+00:00
04a1f089-27fe-4491-bf5a-57e9f6e77bbe,Auto shipment 3527,68db2e0c-1613-41ae-a22c-4959cbb08fe6,2025-08-25T00:00:00+00:00,2025-08-25T06:07:00+00:00,210,shipped,CUST-3798,synthetic,2025-08-24T00:00:00+00:00
9e3cdd73-db70-4ad7-8844-3765eda29359,Auto shipment 3528,1c21be0f-7a41-4fd2-98f6-829a3308a50a,2025-03-08T00:00:00+00:00,2025-03-11T12:30:00+00:00,362,shipped,CUST-1562,synthetic,2025-03-10T00:00:00+00:00
472b27b2-6e5a-4870-9ec4-7731e395b521,Auto shipment 3529,1c21be0f-7a41-4fd2-98f6-829a3308a50a,2025-08-03T00:00:00+00:00,2025-08-07T12:18:00+00:00,386,shipped,CUST-3090,synthetic,2025-08-06T00:00:00+00:00
40655d90-1c65-47b4-b716-817a439b0c4d,Auto shipment 3530,1c21be0f-7a41-4fd2-98f6-829a3308a50a,2025-05-28T00:00:00+00:00,2025-05-29T21:31:00+00:00,536,shipped,CUST-5294,synthetic,2025-05-28T00:00:00+00:00
8f4bedb2-075c-4760-b1ce-1b886dcdc4f3,Auto shipment 3531,1c21be0f-7a41-4fd2-98f6-829a3308a50a,2025-09-28T00:00:00+00:00,2025-10-02T06:05:00+00:00,296,shipped,CUST-8227,synthetic,2025-10-01T00:00:00+00:00
81eec2b4-2da5-4869-ba18-838aba5f637c,Auto shipment 3532,68db2e0c-1613-41ae-a22c-4959cbb08fe6,2025-09-24T00:00:00+00:00,2025-09-28T06:39:00+00:00,266,shipped,CUST-7559,synthetic,2025-09-27T00:00:00+00:00
8b067e87-f359-4bde-afb4-08b28657f010,Auto shipment 3533,68db2e0c-1613-41ae-a22c-4959cbb08fe6,2025-09-30T00:00:00+00:00,2025-10-02T05:50:00+00:00,243,shipped,CUST-4306,synthetic,2025-10-01T00:00:00+00:00
78444273-4da1-4104-8c35-7e8128657a2c,Auto shipment 3534,68db2e0c-1613-41ae-a22c-4959cbb08fe6,2025-10-17T00:00:00+00:00,2025-10-17T14:02:00+00:00,146,shipped,CUST-1349,synthetic,2025-10-16T00:00:00+00:00
65b861a0-c913-43e2-b53b-a3c2f44100e3,Auto shipment 3535,1c21be0f-7a41-4fd2-98f6-829a3308a50a,2025-06-01T00:00:00+00:00,2025-06-04T18:00:00+00:00,225,shipped,CUST-1444,synthetic,2025-06-03T00:00:00+00:00
21072d40-8d68-4292-99c0-3da6df2931de,Auto shipment 3536,1c21be0f-7a41-4fd2-98f6-829a3308a50a,2025-10-10T00:00:00+00:00,2025-10-12T07:39:00+00:00,118,shipped,CUST-1956,synthetic,2025-10-11T00:00:00+00:00
1213fb2a-b062-4ac4-8f78-849a24dc072d,Auto shipment 3537,1c21be0f-7a41-4fd2-98f6-829a3308a50a,2025-06-08T00:00:00+00:00,2025-06-11T07:18:00+00:00,132,shipped,CUST-8636,synthetic,2025-06-10T00:00:00+00:00
55c48ed2-ef5d-4988-87a9-9329034d7fc3,Auto shipment 3538,78b74b5c-e459-4f23-b196-79e2b104375d,2025-10-10T00:00:00+00:00,2025-10-10T00:57:00+00:00,86,shipped,CUST-6537,synthetic,2025-10-09T00:00:00+00:00
c9426ee4-0f27-4278-b295-ee9b3b8617e8,Auto shipment 3539,68db2e0c-1613-41ae-a22c-4959cbb08fe6,2025-04-05T00:00:00+00:00,2025-04-06T18:43:00+00:00,404,shipped,CUST-6408,synthetic,2025-04-05T00:00:00+00:00
db62cfbb-799f-454e-a84b-b38f96223a82,Auto shipment 3540,78b74b5c-e459-4f23-b196-79e2b104375d,2025-06-27T00:00:00+00:00,2025-06-30T19:16:00+00:00,308,shipped,CUST-8999,synthetic,2025-06-29T00:00:00+00:00
874e2dfe-84af-4253-abf5-6289821d4f08,Auto shipment 3541,78b74b5c-e459-4f23-b196-79e2b104375d,2025-03-14T00:00:00+00:00,2025-03-17T10:29:00+00:00,142,shipped,CUST-5853,synthetic,2025-03-16T00:00:00+00:00
e396b399-4f52-4848-be1a-588bf2bf9d7d,Auto shipment 3542,68db2e0c-1613-41ae-a22c-4959cbb08fe6,2025-08-11T00:00:00+00:00,2025-08-12T04:09:00+00:00,267,shipped,CUST-1470,synthetic,2025-08-11T00:00:00+00:00
daa11860-3cb8-455f-ba14-0319570d52e5,Auto shipment 3543,68db2e0c-1613-41ae-a22c-4959cbb08fe6,2025-06-23T00:00:00+00:00,2025-06-26T17:42:00+00:00,273,shipped,CUST-6233,synthetic,2025-06-25T00:00:00+00:00
cff5b441-70c8-475b-98c9-5b1e891eb6a9,Auto shipment 3544,68db2e0c-1613-41ae-a22c-4959cbb08fe6,2025-06-03T00:00:00+00:00,2025-06-07T10:27:00+00:00,233,shipped,CUST-2484,synthetic,2025-06-06T00:00:00+00:00
9d2ce8fb-e52a-497a-a336-cc9bea44b26b,Auto shipment 3545,68db2e0c-1613-41ae-a22c-4959cbb08fe6,2025-07-29T00:00:00+00:00,2025-07-31T12:37:00+00:00,254,shipped,CUST-9651,synthetic,2025-07-30T00:00:00+00:00
3b3e2913-c72a-46af-8441-1511c03950fd,Auto shipment 3546,68db2e0c-1613-41ae-a22c-4959cbb08fe6,2025-07-06T00:00:00+00:00,2025-07-06T18:38:00+00:00,262,shipped,CUST-4985,synthetic,2025-07-05T00:00:00+00:00
e54b62be-bdc1-40c1-a4bc-fc33997010e2,Auto shipment 3547,1c21be0f-7a41-4fd2-98f6-829a3308a50a,2025-05-21T00:00:00+00:00,2025-05-22T07:33:00+00:00,283,shipped,CUST-2179,synthetic,2025-05-21T00:00:00+00:00
4f14f3b5-5d60-4ecc-996b-26cecca186c5,Auto shipment 3548,1c21be0f-7a41-4fd2-98f6-829a3308a50a,2025-05-28T00:00:00+00:00,2025-05-31T05:41:00+00:00,176,shipped,CUST-5799,synthetic,2025-05-30T00:00:00+00:00
7befba7e-2996-4014-9c1d-6b8b11b7b673,Auto shipment 3549,68db2e0c-1613-41ae-a22c-4959cbb08fe6,2025-10-31T00:00:00+00:00,2025-11-04T14:22:00+00:00,250,shipped,CUST-7981,synthetic,2025-11-03T00:00:00+00:00
eba728ca-724e-4cef-89c5-c8781858c39b,Auto shipment 3550,78b74b5c-e459-4f23-b196-79e2b104375d,2025-07-05T00:00:00+00:00,2025-07-07T19:37:00+00:00,376,shipped,CUST-5122,synthetic,2025-07-06T00:00:00+00:00
a82a1aa9-6be1-4159-affa-088c0f237d4a,Auto shipment 3551,78b74b5c-e459-4f23-b196-79e2b104375d,2025-05-27T00:00:00+00:00,2025-05-29T08:52:00+00:00,224,shipped,CUST-3036,synthetic,2025-05-28T00:00:00+00:00
05fdfcac-f9e4-4a28-9679-8306760c2fc8,Auto shipment 3552,1c21be0f-7a41-4fd2-98f6-829a3308a50a,2025-06-06T00:00:00+00:00,2025-06-10T20:42:00+00:00,166,shipped,CUST-2449,synthetic,2025-06-09T00:00:00+00:00
3d75fd02-a68d-4022-bae7-c79eb1f82531,Auto shipment 3553,1c21be0f-7a41-4fd2-98f6-829a3308a50a,2025-07-23T00:00:00+00:00,2025-07-23T19:16:00+00:00,409,shipped,CUST-4361,synthetic,2025-07-22T00:00:00+00:00
6508debc-7369-4154-b5f3-0f0b84d035ce,Auto shipment 3554,68db2e0c-1613-41ae-a22c-4959cbb08fe6,2025-11-05T00:00:00+00:00,2025-11-07T06:52:00+00:00,283,shipped,CUST-9367,synthetic,2025-11-06T00:00:00+00:00
e3041d8d-63fa-4789-8d09-6438b7cb7193,Auto shipment 3555,78b74b5c-e459-4f23-b196-79e2b104375d,2025-05-20T00:00:00+00:00,2025-05-22T22:44:00+00:00,398,shipped,CUST-9588,synthetic,2025-05-21T00:00:00+00:00
fa0e531d-a2e5-4dd6-9927-874f1f2afad6,Auto shipment 3556,1c21be0f-7a41-4fd2-98f6-829a3308a50a,2025-03-07T00:00:00+00:00,2025-03-07T01:39:00+00:00,115,shipped,CUST-6191,synthetic,2025-03-06T00:00:00+00:00
a49f6e94-5ebd-40b3-b999-7c91fc9d2111,Auto shipment 3557,1c21be0f-7a41-4fd2-98f6-829a3308a50a,2025-07-05T00:00:00+00:00,2025-07-07T14:33:00+00:00,125,shipped,CUST-5970,synthetic,2025-07-06T00:00:00+00:00
e5b7ba8e-3bcd-45be-926a-963e2af078b7,Auto shipment 3558,78b74b5c-e459-4f23-b196-79e2b104375d,2025-05-24T00:00:00+00:00,2025-05-24T18:17:00+00:00,131,shipped,CUST-4478,synthetic,2025-05-23T00:00:00+00:00
b66635b2-1dcb-4a8d-b2a7-4a89ef4716dd,Auto shipment 3559,68db2e0c-1613-41ae-a22c-4959cbb08fe6,2025-05-04T00:00:00+00:00,2025-05-08T08:21:00+00:00,321,shipped,CUST-4842,synthetic,2025-05-07T00:00:00+00:00
1bee2885-d305-43f6-91c6-f2d47c0501c0,Auto shipment 3560,1c21be0f-7a41-4fd2-98f6-829a3308a50a,2025-02-04T00:00:00+00:00,2025-02-08T18:40:00+00:00,220,shipped,CUST-9449,synthetic,2025-02-07T00:00:00+00:00
21f6a948-ab45-4a81-a1b6-170f9dd75907,Auto shipment 3561,78b74b5c-e459-4f23-b196-79e2b104375d,2025-04-24T00:00:00+00:00,2025-04-25T01:17:00+00:00,358,shipped,CUST-4606,synthetic,2025-04-24T00:00:00+00:00
054b04b2-0af9-4ced-b1eb-f65ce7ff663b,Auto shipment 3562,68db2e0c-1613-41ae-a22c-4959cbb08fe6,2025-07-12T00:00:00+00:00,2025-07-14T09:55:00+00:00,351,shipped,CUST-4806,synthetic,2025-07-13T00:00:00+00:00
2a2a3eab-b91b-46d2-bd37-b4f9a2c9afaf,Auto shipment 3563,78b74b5c-e459-4f23-b196-79e2b104375d,2025-10-16T00:00:00+00:00,2025-10-18T02:27:00+00:00,145,shipped,CUST-7048,synthetic,2025-10-17T00:00:00+00:00
90de649a-5d68-44ab-8de2-9c6f26fd829c,Auto shipment 3564,1c21be0f-7a41-4fd2-98f6-829a3308a50a,2025-09-03T00:00:00+00:00,2025-09-04T17:36:00+00:00,393,shipped,CUST-4885,synthetic,2025-09-03T00:00:00+00:00
08a201bf-268f-4e73-bf9f-334bfc6c128f,Auto shipment 3565,78b74b5c-e459-4f23-b196-79e2b104375d,2024-11-20T00:00:00+00:00,2024-11-21T14:34:00+00:00,289,shipped,CUST-3563,synthetic,2024-11-20T00:00:00+00:00
0ed28d61-e0e3-4ff5-89d2-46a09c8ca0cc,Auto shipment 3566,78b74b5c-e459-4f23-b196-79e2b104375d,2025-10-29T00:00:00+00:00,2025-10-31T11:32:00+00:00,143,shipped,CUST-8840,synthetic,2025-10-30T00:00:00+00:00
e2cc89d5-429e-421b-ad4c-3a9021007735,Auto shipment 3567,78b74b5c-e459-4f23-b196-79e2b104375d,2025-01-01T00:00:00+00:00,2025-01-04T09:00:00+00:00,330,shipped,CUST-5822,synthetic,2025-01-03T00:00:00+00:00
e369e908-4f13-4462-919d-6e7c53399bef,Auto shipment 3568,68db2e0c-1613-41ae-a22c-4959cbb08fe6,2025-10-07T00:00:00+00:00,2025-10-07T21:56:00+00:00,357,shipped,CUST-2419,synthetic,2025-10-06T00:00:00+00:00
52a392cf-ef22-4616-a363-25ccb86e648f,Auto shipment 3569,1c21be0f-7a41-4fd2-98f6-829a3308a50a,2025-02-26T00:00:00+00:00,2025-02-26T14:04:00+00:00,283,shipped,CUST-7490,synthetic,2025-02-25T00:00:00+00:00
550e58b8-4c3f-4945-bcb7-43ac41799fe7,Auto shipment 3570,68db2e0c-1613-41ae-a22c-4959cbb08fe6,2024-12-15T00:00:00+00:00,2024-12-18T18:24:00+00:00,497,shipped,CUST-5147,synthetic,2024-12-17T00:00:00+00:00
c4442372-cad8-417e-a1a1-f84952a9b3c4,Auto shipment 3571,78b74b5c-e459-4f23-b196-79e2b104375d,2025-06-19T00:00:00+00:00,2025-06-22T17:53:00+00:00,319,shipped,CUST-2241,synthetic,2025-06-21T00:00:00+00:00
0e1c105e-49af-4b13-a94a-ec2616bcce2e,Auto shipment 3572,68db2e0c-1613-41ae-a22c-4959cbb08fe6,2025-07-21T00:00:00+00:00,2025-07-21T21:54:00+00:00,276,shipped,CUST-5480,synthetic,2025-07-20T00:00:00+00:00
688d55e2-0bb1-4e60-8362-74366eb5596a,Auto shipment 3573,78b74b5c-e459-4f23-b196-79e2b104375d,2025-06-11T00:00:00+00:00,2025-06-12T05:57:00+00:00,380,shipped,CUST-6241,synthetic,2025-06-11T00:00:00+00:00
a80ae843-b0b8-430c-9c31-b2fe888bda27,Auto shipment 3574,78b74b5c-e459-4f23-b196-79e2b104375d,2025-02-13T00:00:00+00:00,2025-02-14T02:02:00+00:00,385,shipped,CUST-1365,synthetic,2025-02-13T00:00:00+00:00
7447a02b-ec4f-4bd6-b013-7a295aa4acd5,Auto shipment 3575,68db2e0c-1613-41ae-a22c-4959cbb08fe6,2025-08-22T00:00:00+00:00,2025-08-25T11:01:00+00:00,341,shipped,CUST-3162,synthetic,2025-08-24T00:00:00+00:00
f7c8f7f1-3b15-4825-b395-6bf89b66c82f,Auto shipment 3576,1c21be0f-7a41-4fd2-98f6-829a3308a50a,2025-05-02T00:00:00+00:00,2025-05-02T16:50:00+00:00,287,shipped,CUST-1871,synthetic,2025-05-01T00:00:00+00:00
f43fd19c-0f1d-4e35-aa00-609f2f0896ab,Auto shipment 3577,78b74b5c-e459-4f23-b196-79e2b104375d,2025-10-28T00:00:00+00:00,2025-10-30T03:21:00+00:00,319,shipped,CUST-2442,synthetic,2025-10-29T00:00:00+00:00
c2c5b657-8085-404c-a369-bca0be3f1ce7,Auto shipment 3578,1c21be0f-7a41-4fd2-98f6-829a3308a50a,2025-03-15T00:00:00+00:00,2025-03-19T16:03:00+00:00,314,shipped,CUST-4261,synthetic,2025-03-18T00:00:00+00:00
52abd674-9363-4fc5-9387-9f1ef633f3f4,Auto shipment 3579,68db2e0c-1613-41ae-a22c-4959cbb08fe6,2025-09-24T00:00:00+00:00,2025-09-25T20:37:00+00:00,131,shipped,CUST-3090,synthetic,2025-09-24T00:00:00+00:00
8d163035-3ea0-4ac9-8851-1bfa41b6feb2,Auto shipment 3580,78b74b5c-e459-4f23-b196-79e2b104375d,2024-12-15T00:00:00+00:00,2024-12-16T05:46:00+00:00,132,shipped,CUST-4684,synthetic,2024-12-15T00:00:00+00:00
1b64a68a-1661-49d5-b1bd-f79accb69cb7,Auto shipment 3581,78b74b5c-e459-4f23-b196-79e2b104375d,2025-05-31T00:00:00+00:00,2025-06-02T10:09:00+00:00,159,shipped,CUST-9427,synthetic,2025-06-01T00:00:00+00:00
da26a083-1fea-4c8b-aea3-c72297789b91,Auto shipment 3582,68db2e0c-1613-41ae-a22c-4959cbb08fe6,2025-10-20T00:00:00+00:00,2025-10-23T19:40:00+00:00,249,shipped,CUST-4561,synthetic,2025-10-22T00:00:00+00:00
c83d8a5d-875c-4e3f-b072-5326457db906,Auto shipment 3583,68db2e0c-1613-41ae-a22c-4959cbb08fe6,2025-08-12T00:00:00+00:00,2025-08-14T11:00:00+00:00,365,shipped,CUST-7195,synthetic,2025-08-13T00:00:00+00:00
7f09fc4f-0374-4170-8f3f-779c81fe7c4f,Auto shipment 3584,78b74b5c-e459-4f23-b196-79e2b104375d,2025-03-13T00:00:00+00:00,2025-03-16T03:24:00+00:00,265,shipped,CUST-7067,synthetic,2025-03-15T00:00:00+00:00
040d19b8-3a20-4ff0-8582-e7a0d0b5d153,Auto shipment 3585,68db2e0c-1613-41ae-a22c-4959cbb08fe6,2024-12-14T00:00:00+00:00,2024-12-16T01:28:00+00:00,419,shipped,CUST-9189,synthetic,2024-12-15T00:00:00+00:00
94a5835e-1f48-4731-9e6f-c44e0ae6eb6d,Auto shipment 3586,68db2e0c-1613-41ae-a22c-4959cbb08fe6,2025-05-22T00:00:00+00:00,2025-05-22T21:52:00+00:00,453,shipped,CUST-1666,synthetic,2025-05-21T00:00:00+00:00
ffaf5ad3-6d93-455b-8773-c60f76bb7c0b,Auto shipment 3587,68db2e0c-1613-41ae-a22c-4959cbb08fe6,2024-12-27T00:00:00+00:00,2024-12-29T19:16:00+00:00,348,shipped,CUST-7602,synthetic,2024-12-28T00:00:00+00:00
234d09e9-6e93-4b26-afa3-f6e8d8b560c6,Auto shipment 3588,78b74b5c-e459-4f23-b196-79e2b104375d,2025-08-16T00:00:00+00:00,2025-08-19T15:48:00+00:00,236,shipped,CUST-9574,synthetic,2025-08-18T00:00:00+00:00
9290593f-9386-435a-b50c-253696cfd676,Auto shipment 3589,78b74b5c-e459-4f23-b196-79e2b104375d,2025-06-02T00:00:00+00:00,2025-06-05T13:17:00+00:00,384,shipped,CUST-8391,synthetic,2025-06-04T00:00:00+00:00
5a99a32b-b368-474e-badd-a7e300af9af2,Auto shipment 3590,68db2e0c-1613-41ae-a22c-4959cbb08fe6,2025-02-06T00:00:00+00:00,2025-02-08T05:14:00+00:00,136,shipped,CUST-8843,synthetic,2025-02-07T00:00:00+00:00
7ee67d48-9d5d-432a-90a8-add7e7543e3c,Auto shipment 3591,78b74b5c-e459-4f23-b196-79e2b104375d,2025-08-06T00:00:00+00:00,2025-08-08T02:32:00+00:00,189,shipped,CUST-4676,synthetic,2025-08-07T00:00:00+00:00
c45b3e21-49b1-426d-b223-903ad81eacc5,Auto shipment 3592,1c21be0f-7a41-4fd2-98f6-829a3308a50a,2025-09-26T00:00:00+00:00,2025-09-30T08:46:00+00:00,344,shipped,CUST-8253,synthetic,2025-09-29T00:00:00+00:00
faa9b41f-cdde-4d27-a043-bf1ef9415c41,Auto shipment 3593,1c21be0f-7a41-4fd2-98f6-829a3308a50a,2025-02-17T00:00:00+00:00,2025-02-21T18:43:00+00:00,517,shipped,CUST-3862,synthetic,2025-02-20T00:00:00+00:00
fcd11057-c6cc-41ee-af02-d29cd96dd04a,Auto shipment 3594,78b74b5c-e459-4f23-b196-79e2b104375d,2025-02-16T00:00:00+00:00,2025-02-17T18:52:00+00:00,169,shipped,CUST-5105,synthetic,2025-02-16T00:00:00+00:00
27400631-4c08-4b16-8d20-f168d6de0ac3,Auto shipment 3595,78b74b5c-e459-4f23-b196-79e2b104375d,2025-06-20T00:00:00+00:00,2025-06-23T10:53:00+00:00,364,shipped,CUST-5474,synthetic,2025-06-22T00:00:00+00:00
0a844a8e-ec56-460e-a56d-b68f6ea6022e,Auto shipment 3596,78b74b5c-e459-4f23-b196-79e2b104375d,2025-01-11T00:00:00+00:00,2025-01-14T04:48:00+00:00,229,shipped,CUST-1776,synthetic,2025-01-13T00:00:00+00:00
363ce76d-1e58-4374-a78e-ad2b96dbc5ec,Auto shipment 3597,68db2e0c-1613-41ae-a22c-4959cbb08fe6,2025-05-08T00:00:00+00:00,2025-05-08T08:47:00+00:00,481,shipped,CUST-5643,synthetic,2025-05-07T00:00:00+00:00
a482a651-f959-4eeb-ab91-1bcae12aeddc,Auto shipment 3598,78b74b5c-e459-4f23-b196-79e2b104375d,2025-09-26T00:00:00+00:00,2025-09-27T02:24:00+00:00,265,shipped,CUST-2221,synthetic,2025-09-26T00:00:00+00:00
cec0e836-1f27-44b7-97a3-490792b6ec39,Auto shipment 3599,78b74b5c-e459-4f23-b196-79e2b104375d,2025-07-28T00:00:00+00:00,2025-07-31T16:27:00+00:00,104,shipped,CUST-6628,synthetic,2025-07-30T00:00:00+00:00
a1893e19-0f5d-4f06-948d-a16b280ad2b5,Auto shipment 3600,68db2e0c-1613-41ae-a22c-4959cbb08fe6,2025-09-07T00:00:00+00:00,2025-09-10T13:01:00+00:00,298,shipped,CUST-2589,synthetic,2025-09-09T00:00:00+00:00
76af5992-8000-4a05-ac3a-fdc7275acdc4,Auto shipment 3601,1c21be0f-7a41-4fd2-98f6-829a3308a50a,2025-10-27T00:00:00+00:00,2025-10-30T06:08:00+00:00,356,shipped,CUST-3705,synthetic,2025-10-29T00:00:00+00:00
aed1d35e-6885-4f66-869c-f8af06cc8a65,Auto shipment 3602,78b74b5c-e459-4f23-b196-79e2b104375d,2025-07-01T00:00:00+00:00,2025-07-02T21:35:00+00:00,406,shipped,CUST-1331,synthetic,2025-07-01T00:00:00+00:00
e891047c-e9ed-4fdc-9817-20befe61b9ad,Auto shipment 3603,1c21be0f-7a41-4fd2-98f6-829a3308a50a,2024-11-23T00:00:00+00:00,2024-11-25T10:40:00+00:00,472,shipped,CUST-8511,synthetic,2024-11-24T00:00:00+00:00
2f0e302d-a9b9-4ab8-a07e-3fa0fc21931b,Auto shipment 3604,78b74b5c-e459-4f23-b196-79e2b104375d,2025-02-01T00:00:00+00:00,2025-02-02T01:00:00+00:00,121,shipped,CUST-6100,synthetic,2025-02-01T00:00:00+00:00
8f48aa5b-aacd-445b-85c6-d8d8dcfb55e0,Auto shipment 3605,68db2e0c-1613-41ae-a22c-4959cbb08fe6,2025-09-14T00:00:00+00:00,2025-09-15T19:54:00+00:00,292,shipped,CUST-3544,synthetic,2025-09-14T00:00:00+00:00
cfec7347-0f67-4045-b20b-398c91f1f41d,Auto shipment 3606,1c21be0f-7a41-4fd2-98f6-829a3308a50a,2025-03-08T00:00:00+00:00,2025-03-08T04:14:00+00:00,406,shipped,CUST-4814,synthetic,2025-03-07T00:00:00+00:00
5350fa9c-4b95-4ec2-84f8-499fbc5ca99e,Auto shipment 3607,1c21be0f-7a41-4fd2-98f6-829a3308a50a,2025-03-11T00:00:00+00:00,2025-03-11T15:31:00+00:00,507,shipped,CUST-1257,synthetic,2025-03-10T00:00:00+00:00
9d3d7c02-7e7c-4c25-8d32-114639851606,Auto shipment 3608,1c21be0f-7a41-4fd2-98f6-829a3308a50a,2024-11-16T00:00:00+00:00,2024-11-19T04:02:00+00:00,345,shipped,CUST-4744,synthetic,2024-11-18T00:00:00+00:00
8eae89e8-c85b-49d7-a773-f55bf64e146a,Auto shipment 3609,68db2e0c-1613-41ae-a22c-4959cbb08fe6,2025-04-11T00:00:00+00:00,2025-04-15T17:52:00+00:00,293,shipped,CUST-7080,synthetic,2025-04-14T00:00:00+00:00
9d08717f-fd8c-4cb8-8590-387424e84558,Auto shipment 3610,68db2e0c-1613-41ae-a22c-4959cbb08fe6,2025-03-25T00:00:00+00:00,2025-03-28T03:34:00+00:00,324,shipped,CUST-3709,synthetic,2025-03-27T00:00:00+00:00
c520af20-2eb8-4f63-896c-8abd396994f3,Auto shipment 3611,68db2e0c-1613-41ae-a22c-4959cbb08fe6,2025-01-01T00:00:00+00:00,2025-01-04T01:32:00+00:00,493,shipped,CUST-5096,synthetic,2025-01-03T00:00:00+00:00
39d1e60b-9bc9-4f23-b10e-db2dbef71769,Auto shipment 3612,1c21be0f-7a41-4fd2-98f6-829a3308a50a,2025-06-03T00:00:00+00:00,2025-06-04T01:06:00+00:00,295,shipped,CUST-7560,synthetic,2025-06-03T00:00:00+00:00
0f3e532c-944a-4c90-bc4f-cd7711ea7516,Auto shipment 3613,68db2e0c-1613-41ae-a22c-4959cbb08fe6,2025-01-06T00:00:00+00:00,2025-01-07T02:39:00+00:00,469,shipped,CUST-9483,synthetic,2025-01-06T00:00:00+00:00
5e0dd99c-9a62-48a5-ba1f-6dedbb3ffb30,Auto shipment 3614,68db2e0c-1613-41ae-a22c-4959cbb08fe6,2024-12-10T00:00:00+00:00,2024-12-14T18:32:00+00:00,442,shipped,CUST-2239,synthetic,2024-12-13T00:00:00+00:00
ad185351-0e4f-43fe-bff9-bcb6803169cc,Auto shipment 3615,1c21be0f-7a41-4fd2-98f6-829a3308a50a,2025-05-03T00:00:00+00:00,2025-05-07T19:36:00+00:00,137,shipped,CUST-8177,synthetic,2025-05-06T00:00:00+00:00
1315cb89-b7c3-47f6-8231-8d1329ebae2b,Auto shipment 3616,78b74b5c-e459-4f23-b196-79e2b104375d,2025-04-28T00:00:00+00:00,2025-04-30T10:53:00+00:00,247,shipped,CUST-8518,synthetic,2025-04-29T00:00:00+00:00
bf954354-216c-40e5-9ec9-632f689ae90d,Auto shipment 3617,1c21be0f-7a41-4fd2-98f6-829a3308a50a,2025-10-07T00:00:00+00:00,2025-10-08T21:50:00+00:00,271,shipped,CUST-2616,synthetic,2025-10-07T00:00:00+00:00
f70f1651-9380-4daf-8a92-8ea64b261225,Auto shipment 3618,1c21be0f-7a41-4fd2-98f6-829a3308a50a,2024-12-11T00:00:00+00:00,2024-12-11T00:53:00+00:00,103,shipped,CUST-7212,synthetic,2024-12-10T00:00:00+00:00
d3e0f352-a0eb-46e5-90e0-90213e125e02,Auto shipment 3619,68db2e0c-1613-41ae-a22c-4959cbb08fe6,2025-10-30T00:00:00+00:00,2025-10-31T08:48:00+00:00,382,shipped,CUST-4416,synthetic,2025-10-30T00:00:00+00:00
6a0de791-ebb1-4d5b-bd84-38be142a07ec,Auto shipment 3620,1c21be0f-7a41-4fd2-98f6-829a3308a50a,2024-11-23T00:00:00+00:00,2024-11-26T14:38:00+00:00,430,shipped,CUST-9783,synthetic,2024-11-25T00:00:00+00:00
da17f1a8-4dda-4e92-a3b9-14c762af03ed,Auto shipment 3621,78b74b5c-e459-4f23-b196-79e2b104375d,2025-04-12T00:00:00+00:00,2025-04-13T04:20:00+00:00,368,shipped,CUST-2177,synthetic,2025-04-12T00:00:00+00:00
f4153405-1452-4c6e-8031-63430d1f61fc,Auto shipment 3622,78b74b5c-e459-4f23-b196-79e2b104375d,2025-02-23T00:00:00+00:00,2025-02-24T20:18:00+00:00,228,shipped,CUST-3927,synthetic,2025-02-23T00:00:00+00:00
7b07bd88-7947-4b20-86ec-b1e5c86bda37,Auto shipment 3623,78b74b5c-e459-4f23-b196-79e2b104375d,2024-12-22T00:00:00+00:00,2024-12-24T03:08:00+00:00,278,shipped,CUST-9657,synthetic,2024-12-23T00:00:00+00:00
8b232b42-fec0-44ed-afc9-979645a4057e,Auto shipment 3624,78b74b5c-e459-4f23-b196-79e2b104375d,2025-10-27T00:00:00+00:00,2025-10-27T16:10:00+00:00,137,shipped,CUST-1656,synthetic,2025-10-26T00:00:00+00:00
1cb23094-d006-4366-a67c-a69aa4616026,Auto shipment 3625,68db2e0c-1613-41ae-a22c-4959cbb08fe6,2024-11-21T00:00:00+00:00,2024-11-24T00:32:00+00:00,285,shipped,CUST-5089,synthetic,2024-11-23T00:00:00+00:00
4672e635-a85a-45ed-8384-1d25661e8c0f,Auto shipment 3626,1c21be0f-7a41-4fd2-98f6-829a3308a50a,2025-04-23T00:00:00+00:00,2025-04-27T09:09:00+00:00,389,shipped,CUST-3735,synthetic,2025-04-26T00:00:00+00:00
cc7f2bf3-50b5-4738-9cc3-60fc818042a5,Auto shipment 3627,1c21be0f-7a41-4fd2-98f6-829a3308a50a,2025-10-19T00:00:00+00:00,2025-10-22T14:34:00+00:00,246,shipped,CUST-2284,synthetic,2025-10-21T00:00:00+00:00
1cae1329-8491-4d9f-a29a-f5a9727b7149,Auto shipment 3628,68db2e0c-1613-41ae-a22c-4959cbb08fe6,2025-01-12T00:00:00+00:00,2025-01-12T07:58:00+00:00,330,shipped,CUST-5576,synthetic,2025-01-11T00:00:00+00:00
bc1d8ad3-f137-412e-ac64-63d55661194d,Auto shipment 3629,68db2e0c-1613-41ae-a22c-4959cbb08fe6,2025-02-23T00:00:00+00:00,2025-02-24T20:14:00+00:00,220,shipped,CUST-7193,synthetic,2025-02-23T00:00:00+00:00
e8b39699-0a0b-4bcd-be65-d3d4eb635afb,Auto shipment 3630,78b74b5c-e459-4f23-b196-79e2b104375d,2025-10-15T00:00:00+00:00,2025-10-17T01:30:00+00:00,348,shipped,CUST-4357,synthetic,2025-10-16T00:00:00+00:00
0993770a-0ebf-4215-906c-6ea742c2432a,Auto shipment 3631,68db2e0c-1613-41ae-a22c-4959cbb08fe6,2025-07-03T00:00:00+00:00,2025-07-04T15:04:00+00:00,172,shipped,CUST-1534,synthetic,2025-07-03T00:00:00+00:00
b3b10d8d-17b3-4ef5-8545-cd24ae658420,Auto shipment 3632,1c21be0f-7a41-4fd2-98f6-829a3308a50a,2025-02-13T00:00:00+00:00,2025-02-14T19:26:00+00:00,239,shipped,CUST-4512,synthetic,2025-02-13T00:00:00+00:00
e1c37925-31c1-4393-8c35-581c2ffa5d81,Auto shipment 3633,1c21be0f-7a41-4fd2-98f6-829a3308a50a,2024-11-16T00:00:00+00:00,2024-11-16T13:09:00+00:00,299,shipped,CUST-8039,synthetic,2024-11-15T00:00:00+00:00
881e750e-d0bc-458d-8bc1-e5c166e5dc35,Auto shipment 3634,1c21be0f-7a41-4fd2-98f6-829a3308a50a,2025-01-13T00:00:00+00:00,2025-01-13T02:33:00+00:00,381,shipped,CUST-2803,synthetic,2025-01-12T00:00:00+00:00
b9f46dda-ed8b-48d4-b9c1-cdd95675501a,Auto shipment 3635,68db2e0c-1613-41ae-a22c-4959cbb08fe6,2025-01-17T00:00:00+00:00,2025-01-18T11:12:00+00:00,360,shipped,CUST-9012,synthetic,2025-01-17T00:00:00+00:00
d73beb4d-d465-4932-84c9-e2060d76d1b4,Auto shipment 3636,1c21be0f-7a41-4fd2-98f6-829a3308a50a,2025-10-22T00:00:00+00:00,2025-10-24T19:40:00+00:00,358,shipped,CUST-5104,synthetic,2025-10-23T00:00:00+00:00
50d84c60-a9de-4a9f-8883-0102f6568a06,Auto shipment 3637,1c21be0f-7a41-4fd2-98f6-829a3308a50a,2025-01-29T00:00:00+00:00,2025-02-01T19:48:00+00:00,158,shipped,CUST-7801,synthetic,2025-01-31T00:00:00+00:00
705d7c20-685f-4301-8ce6-114de96656b2,Auto shipment 3638,78b74b5c-e459-4f23-b196-79e2b104375d,2025-08-04T00:00:00+00:00,2025-08-06T00:20:00+00:00,203,shipped,CUST-8977,synthetic,2025-08-05T00:00:00+00:00
3eb65a9c-c78b-4cd3-a191-5d286d09754e,Auto shipment 3639,78b74b5c-e459-4f23-b196-79e2b104375d,2025-08-17T00:00:00+00:00,2025-08-21T16:16:00+00:00,361,shipped,CUST-8433,synthetic,2025-08-20T00:00:00+00:00
57843400-a402-41a5-9165-ab1666f92237,Auto shipment 3640,78b74b5c-e459-4f23-b196-79e2b104375d,2025-07-13T00:00:00+00:00,2025-07-16T14:23:00+00:00,200,shipped,CUST-1451,synthetic,2025-07-15T00:00:00+00:00
d21a918b-d7d3-4ce4-90f3-24cdd471ed51,Auto shipment 3641,68db2e0c-1613-41ae-a22c-4959cbb08fe6,2025-06-24T00:00:00+00:00,2025-06-24T05:37:00+00:00,376,shipped,CUST-5671,synthetic,2025-06-23T00:00:00+00:00
b8779d5d-1ea5-4af2-8fcf-4fe6cfc2d63f,Auto shipment 3642,68db2e0c-1613-41ae-a22c-4959cbb08fe6,2025-09-14T00:00:00+00:00,2025-09-18T04:38:00+00:00,234,shipped,CUST-2142,synthetic,2025-09-17T00:00:00+00:00
b73510b0-937a-4790-a8aa-370aea81b816,Auto shipment 3643,78b74b5c-e459-4f23-b196-79e2b104375d,2025-06-25T00:00:00+00:00,2025-06-28T01:04:00+00:00,441,shipped,CUST-1081,synthetic,2025-06-27T00:00:00+00:00
aa1cbb4c-6a54-4feb-9c41-e61369cf4a5c,Auto shipment 3644,68db2e0c-1613-41ae-a22c-4959cbb08fe6,2024-12-11T00:00:00+00:00,2024-12-11T02:48:00+00:00,293,shipped,CUST-9606,synthetic,2024-12-10T00:00:00+00:00
add9917a-42ae-4e6e-bc85-0cc1bacd6e30,Auto shipment 3645,68db2e0c-1613-41ae-a22c-4959cbb08fe6,2025-11-04T00:00:00+00:00,2025-11-08T22:01:00+00:00,340,shipped,CUST-7631,synthetic,2025-11-07T00:00:00+00:00
c40e1096-d442-4bba-8cba-39f64ae6a461,Auto shipment 3646,78b74b5c-e459-4f23-b196-79e2b104375d,2025-04-17T00:00:00+00:00,2025-04-18T15:37:00+00:00,234,shipped,CUST-9912,synthetic,2025-04-17T00:00:00+00:00
a6187806-0535-4bcc-8b99-675fb37fc1b8,Auto shipment 3647,1c21be0f-7a41-4fd2-98f6-829a3308a50a,2025-10-17T00:00:00+00:00,2025-10-18T17:34:00+00:00,428,shipped,CUST-9585,synthetic,2025-10-17T00:00:00+00:00
bb6faec3-ed40-47b8-ae40-6efdbe85d863,Auto shipment 3648,78b74b5c-e459-4f23-b196-79e2b104375d,2025-04-24T00:00:00+00:00,2025-04-27T20:36:00+00:00,131,shipped,CUST-8977,synthetic,2025-04-26T00:00:00+00:00
d2509e4f-0cc5-4b44-bac4-20cf49993eea,Auto shipment 3649,68db2e0c-1613-41ae-a22c-4959cbb08fe6,2025-07-10T00:00:00+00:00,2025-07-12T21:18:00+00:00,177,shipped,CUST-7932,synthetic,2025-07-11T00:00:00+00:00
09c91108-eba5-43dc-9dfb-803d41889ebc,Auto shipment 3650,78b74b5c-e459-4f23-b196-79e2b104375d,2025-01-18T00:00:00+00:00,2025-01-18T22:45:00+00:00,113,shipped,CUST-2330,synthetic,2025-01-17T00:00:00+00:00
29eccb4c-6b06-41d0-bf9a-61d30f9c96d6,Auto shipment 3651,1c21be0f-7a41-4fd2-98f6-829a3308a50a,2025-11-01T00:00:00+00:00,2025-11-01T01:01:00+00:00,247,shipped,CUST-6418,synthetic,2025-10-31T00:00:00+00:00
cb4a3d6e-1e82-4e48-ae5c-6c8b0542e9a1,Auto shipment 3652,1c21be0f-7a41-4fd2-98f6-829a3308a50a,2024-12-28T00:00:00+00:00,2024-12-30T21:20:00+00:00,519,shipped,CUST-3996,synthetic,2024-12-29T00:00:00+00:00
f0df1a94-df86-4b82-abc5-da9fa992c36a,Auto shipment 3653,68db2e0c-1613-41ae-a22c-4959cbb08fe6,2025-08-28T00:00:00+00:00,2025-08-30T05:23:00+00:00,327,shipped,CUST-9472,synthetic,2025-08-29T00:00:00+00:00
7448a701-5471-4709-92cc-2adafca19743,Auto shipment 3654,68db2e0c-1613-41ae-a22c-4959cbb08fe6,2025-08-17T00:00:00+00:00,2025-08-17T04:55:00+00:00,325,shipped,CUST-9045,synthetic,2025-08-16T00:00:00+00:00
695a7c76-00ac-4ea1-8f21-f0bd3e5bbd19,Auto shipment 3655,1c21be0f-7a41-4fd2-98f6-829a3308a50a,2025-05-28T00:00:00+00:00,2025-05-28T08:49:00+00:00,169,shipped,CUST-3788,synthetic,2025-05-27T00:00:00+00:00
af6b82b7-426c-4824-9932-81d73fa842da,Auto shipment 3656,68db2e0c-1613-41ae-a22c-4959cbb08fe6,2025-04-06T00:00:00+00:00,2025-04-06T04:54:00+00:00,122,shipped,CUST-4730,synthetic,2025-04-05T00:00:00+00:00
3ecdb843-42bf-4540-bec6-9c9390536ae5,Auto shipment 3657,78b74b5c-e459-4f23-b196-79e2b104375d,2025-02-25T00:00:00+00:00,2025-02-28T09:48:00+00:00,175,shipped,CUST-1295,synthetic,2025-02-27T00:00:00+00:00
bbdeeab5-d0da-44b3-a247-7032c03e3126,Auto shipment 3658,78b74b5c-e459-4f23-b196-79e2b104375d,2025-03-02T00:00:00+00:00,2025-03-02T06:13:00+00:00,134,shipped,CUST-6825,synthetic,2025-03-01T00:00:00+00:00
ddef5e7b-6cf4-41e0-86f4-97c5d60f3dc3,Auto shipment 3659,1c21be0f-7a41-4fd2-98f6-829a3308a50a,2025-08-11T00:00:00+00:00,2025-08-13T00:06:00+00:00,239,shipped,CUST-9956,synthetic,2025-08-12T00:00:00+00:00
f48204e5-d6ac-4ccc-bff5-fef03213a7a9,Auto shipment 3660,78b74b5c-e459-4f23-b196-79e2b104375d,2024-12-03T00:00:00+00:00,2024-12-05T05:32:00+00:00,297,shipped,CUST-1001,synthetic,2024-12-04T00:00:00+00:00
9c92c396-da82-4d0c-b10f-7925f90eec7f,Auto shipment 3661,78b74b5c-e459-4f23-b196-79e2b104375d,2024-12-19T00:00:00+00:00,2024-12-23T09:23:00+00:00,406,shipped,CUST-5901,synthetic,2024-12-22T00:00:00+00:00
5b27572f-4014-42a5-b2b3-40bdca52d7dd,Auto shipment 3662,1c21be0f-7a41-4fd2-98f6-829a3308a50a,2025-03-21T00:00:00+00:00,2025-03-21T22:18:00+00:00,334,shipped,CUST-4479,synthetic,2025-03-20T00:00:00+00:00
20f27a6a-80e0-4a59-b530-69e97a1774f0,Auto shipment 3663,78b74b5c-e459-4f23-b196-79e2b104375d,2024-12-28T00:00:00+00:00,2024-12-30T19:05:00+00:00,453,shipped,CUST-7314,synthetic,2024-12-29T00:00:00+00:00
421a8409-7f84-4de0-b788-c31534095c60,Auto shipment 3664,68db2e0c-1613-41ae-a22c-4959cbb08fe6,2025-05-18T00:00:00+00:00,2025-05-22T05:02:00+00:00,210,shipped,CUST-2895,synthetic,2025-05-21T00:00:00+00:00
2ca4007d-86a8-4ee1-a1d3-70d48264d573,Auto shipment 3665,78b74b5c-e459-4f23-b196-79e2b104375d,2025-05-08T00:00:00+00:00,2025-05-12T11:03:00+00:00,286,shipped,CUST-9827,synthetic,2025-05-11T00:00:00+00:00
a8013bb9-a2eb-4102-abc9-54f05485848d,Auto shipment 3666,68db2e0c-1613-41ae-a22c-4959cbb08fe6,2025-05-14T00:00:00+00:00,2025-05-15T12:18:00+00:00,292,shipped,CUST-1138,synthetic,2025-05-14T00:00:00+00:00
2fbe808c-df43-4586-bdf8-2ab0737dea64,Auto shipment 3667,1c21be0f-7a41-4fd2-98f6-829a3308a50a,2025-05-18T00:00:00+00:00,2025-05-21T15:39:00+00:00,357,shipped,CUST-1917,synthetic,2025-05-20T00:00:00+00:00
654a6158-05fe-4387-9a11-f19695412fdf,Auto shipment 3668,68db2e0c-1613-41ae-a22c-4959cbb08fe6,2025-09-06T00:00:00+00:00,2025-09-08T09:15:00+00:00,312,shipped,CUST-9529,synthetic,2025-09-07T00:00:00+00:00
204f9d48-e8d1-4f9c-b6a2-ca62c784d8a9,Auto shipment 3669,1c21be0f-7a41-4fd2-98f6-829a3308a50a,2025-05-29T00:00:00+00:00,2025-05-30T19:23:00+00:00,439,shipped,CUST-8050,synthetic,2025-05-29T00:00:00+00:00
6711008d-f5d7-4d41-a3f0-cc823e525027,Auto shipment 3670,1c21be0f-7a41-4fd2-98f6-829a3308a50a,2025-06-16T00:00:00+00:00,2025-06-17T22:28:00+00:00,265,shipped,CUST-3052,synthetic,2025-06-16T00:00:00+00:00
251ed50b-023e-4b99-92ee-430cbccc6c46,Auto shipment 3671,78b74b5c-e459-4f23-b196-79e2b104375d,2025-10-15T00:00:00+00:00,2025-10-19T14:42:00+00:00,274,shipped,CUST-3345,synthetic,2025-10-18T00:00:00+00:00
7106038b-d767-4a1d-a0c7-19f5505ee582,Auto shipment 3672,68db2e0c-1613-41ae-a22c-4959cbb08fe6,2025-06-02T00:00:00+00:00,2025-06-03T19:28:00+00:00,432,shipped,CUST-2323,synthetic,2025-06-02T00:00:00+00:00
3bea5d17-d037-49c2-b042-92649c3a276a,Auto shipment 3673,1c21be0f-7a41-4fd2-98f6-829a3308a50a,2025-09-15T00:00:00+00:00,2025-09-17T07:36:00+00:00,75,shipped,CUST-3859,synthetic,2025-09-16T00:00:00+00:00
1e54b4b8-963b-4584-aa5c-4795d4bed541,Auto shipment 3674,68db2e0c-1613-41ae-a22c-4959cbb08fe6,2025-08-23T00:00:00+00:00,2025-08-24T21:02:00+00:00,219,shipped,CUST-2878,synthetic,2025-08-23T00:00:00+00:00
3c2104a5-e2f8-41b0-85c9-29cc8bb8b47b,Auto shipment 3675,78b74b5c-e459-4f23-b196-79e2b104375d,2025-08-25T00:00:00+00:00,2025-08-28T15:13:00+00:00,427,shipped,CUST-8657,synthetic,2025-08-27T00:00:00+00:00
b5e7a72f-baf7-4ee3-a9f3-8cefee43b7f9,Auto shipment 3676,68db2e0c-1613-41ae-a22c-4959cbb08fe6,2025-07-11T00:00:00+00:00,2025-07-11T16:23:00+00:00,225,shipped,CUST-5223,synthetic,2025-07-10T00:00:00+00:00
86213283-5ade-462c-871a-e1d8769d2c12,Auto shipment 3677,1c21be0f-7a41-4fd2-98f6-829a3308a50a,2025-06-23T00:00:00+00:00,2025-06-26T02:02:00+00:00,191,shipped,CUST-9563,synthetic,2025-06-25T00:00:00+00:00
c7e287e4-bc7d-4aae-b28e-989bc8719ca6,Auto shipment 3678,68db2e0c-1613-41ae-a22c-4959cbb08fe6,2024-12-01T00:00:00+00:00,2024-12-04T05:42:00+00:00,413,shipped,CUST-2867,synthetic,2024-12-03T00:00:00+00:00
1faba38d-b364-4a6e-8848-83c7b2faaa58,Auto shipment 3679,68db2e0c-1613-41ae-a22c-4959cbb08fe6,2024-12-07T00:00:00+00:00,2024-12-07T01:20:00+00:00,168,shipped,CUST-1925,synthetic,2024-12-06T00:00:00+00:00
df964088-03fa-4c35-966b-d65924d1ba9a,Auto shipment 3680,68db2e0c-1613-41ae-a22c-4959cbb08fe6,2025-03-10T00:00:00+00:00,2025-03-12T20:33:00+00:00,413,shipped,CUST-3218,synthetic,2025-03-11T00:00:00+00:00
b726101b-74ea-4824-a623-55e39945b1a1,Auto shipment 3681,68db2e0c-1613-41ae-a22c-4959cbb08fe6,2025-05-04T00:00:00+00:00,2025-05-05T22:12:00+00:00,429,shipped,CUST-4605,synthetic,2025-05-04T00:00:00+00:00
999205fc-8890-4e8e-b93e-2d90e6528cf2,Auto shipment 3682,78b74b5c-e459-4f23-b196-79e2b104375d,2025-07-06T00:00:00+00:00,2025-07-10T11:35:00+00:00,131,shipped,CUST-5632,synthetic,2025-07-09T00:00:00+00:00
6b890f65-450d-49c8-ac9e-1de2dce38564,Auto shipment 3683,1c21be0f-7a41-4fd2-98f6-829a3308a50a,2025-01-11T00:00:00+00:00,2025-01-11T16:08:00+00:00,220,shipped,CUST-1048,synthetic,2025-01-10T00:00:00+00:00
79a4875d-ca76-4b2c-8953-da0a89f1d4c2,Auto shipment 3684,78b74b5c-e459-4f23-b196-79e2b104375d,2024-12-05T00:00:00+00:00,2024-12-06T05:27:00+00:00,279,shipped,CUST-3116,synthetic,2024-12-05T00:00:00+00:00
72e8fe4a-d06c-466f-b26f-f60516d98d25,Auto shipment 3685,68db2e0c-1613-41ae-a22c-4959cbb08fe6,2025-05-20T00:00:00+00:00,2025-05-24T14:44:00+00:00,181,shipped,CUST-5599,synthetic,2025-05-23T00:00:00+00:00
c14dc620-9197-498b-96c6-7d585ad89735,Auto shipment 3686,68db2e0c-1613-41ae-a22c-4959cbb08fe6,2024-11-14T00:00:00+00:00,2024-11-18T06:22:00+00:00,173,shipped,CUST-7433,synthetic,2024-11-17T00:00:00+00:00
ca61e7e3-a24a-4d69-a7f1-af493f50db9f,Auto shipment 3687,68db2e0c-1613-41ae-a22c-4959cbb08fe6,2025-04-19T00:00:00+00:00,2025-04-19T16:34:00+00:00,359,shipped,CUST-5087,synthetic,2025-04-18T00:00:00+00:00
d81946a2-e29b-41aa-8b43-1226de124679,Auto shipment 3688,1c21be0f-7a41-4fd2-98f6-829a3308a50a,2025-04-27T00:00:00+00:00,2025-04-27T03:13:00+00:00,359,shipped,CUST-4266,synthetic,2025-04-26T00:00:00+00:00
5bf93d93-c355-47c8-8515-9b1540c2bd82,Auto shipment 3689,1c21be0f-7a41-4fd2-98f6-829a3308a50a,2025-03-16T00:00:00+00:00,2025-03-19T04:55:00+00:00,364,shipped,CUST-2855,synthetic,2025-03-18T00:00:00+00:00
766fcffe-c445-4013-8a02-a3b53b463557,Auto shipment 3690,68db2e0c-1613-41ae-a22c-4959cbb08fe6,2025-04-06T00:00:00+00:00,2025-04-06T20:10:00+00:00,357,shipped,CUST-4938,synthetic,2025-04-05T00:00:00+00:00
81a0a6a6-3c0d-4911-97b7-3bc47d872139,Auto shipment 3691,78b74b5c-e459-4f23-b196-79e2b104375d,2025-01-24T00:00:00+00:00,2025-01-25T16:15:00+00:00,445,shipped,CUST-3995,synthetic,2025-01-24T00:00:00+00:00
2aff766f-cb72-468f-8ba5-861e18dc7a8b,Auto shipment 3692,1c21be0f-7a41-4fd2-98f6-829a3308a50a,2025-01-26T00:00:00+00:00,2025-01-27T01:51:00+00:00,283,shipped,CUST-7185,synthetic,2025-01-26T00:00:00+00:00
f6f2c1f0-19f6-4b61-bc7d-a1c154969938,Auto shipment 3693,68db2e0c-1613-41ae-a22c-4959cbb08fe6,2025-07-05T00:00:00+00:00,2025-07-08T22:30:00+00:00,197,shipped,CUST-4490,synthetic,2025-07-07T00:00:00+00:00
78c4a19e-9308-426e-9b19-74d6e76a3f42,Auto shipment 3694,1c21be0f-7a41-4fd2-98f6-829a3308a50a,2025-06-02T00:00:00+00:00,2025-06-06T20:53:00+00:00,284,shipped,CUST-3722,synthetic,2025-06-05T00:00:00+00:00
d2134e41-844f-49b9-a055-2f0f5369a27f,Auto shipment 3695,78b74b5c-e459-4f23-b196-79e2b104375d,2025-04-15T00:00:00+00:00,2025-04-19T04:30:00+00:00,390,shipped,CUST-9323,synthetic,2025-04-18T00:00:00+00:00
38eabdd8-fac7-48e6-9d97-55da259c3ea5,Auto shipment 3696,1c21be0f-7a41-4fd2-98f6-829a3308a50a,2025-04-21T00:00:00+00:00,2025-04-24T20:40:00+00:00,190,shipped,CUST-5420,synthetic,2025-04-23T00:00:00+00:00
48d10f68-5706-4458-bf6e-e11166975151,Auto shipment 3697,78b74b5c-e459-4f23-b196-79e2b104375d,2025-04-10T00:00:00+00:00,2025-04-11T05:39:00+00:00,145,shipped,CUST-5317,synthetic,2025-04-10T00:00:00+00:00
6ee645d5-d06a-4016-8109-4b827dcba949,Auto shipment 3698,78b74b5c-e459-4f23-b196-79e2b104375d,2025-07-11T00:00:00+00:00,2025-07-12T16:36:00+00:00,178,shipped,CUST-4133,synthetic,2025-07-11T00:00:00+00:00
64333e28-6c1d-4157-8322-fec93359ae48,Auto shipment 3699,78b74b5c-e459-4f23-b196-79e2b104375d,2025-07-17T00:00:00+00:00,2025-07-21T13:04:00+00:00,334,shipped,CUST-4381,synthetic,2025-07-20T00:00:00+00:00
d6866287-0943-4985-a628-4af85bc698dc,Auto shipment 3700,68db2e0c-1613-41ae-a22c-4959cbb08fe6,2025-10-24T00:00:00+00:00,2025-10-28T21:30:00+00:00,193,shipped,CUST-3583,synthetic,2025-10-27T00:00:00+00:00
78b04a4a-e4eb-4b16-8444-44fa218373a9,Auto shipment 3701,78b74b5c-e459-4f23-b196-79e2b104375d,2025-04-06T00:00:00+00:00,2025-04-10T02:20:00+00:00,392,shipped,CUST-8221,synthetic,2025-04-09T00:00:00+00:00
6b4347c9-fea8-43cc-a45c-d491f16fc072,Auto shipment 3702,1c21be0f-7a41-4fd2-98f6-829a3308a50a,2025-10-26T00:00:00+00:00,2025-10-29T05:20:00+00:00,297,shipped,CUST-7487,synthetic,2025-10-28T00:00:00+00:00
630f9ed7-3470-421c-94c2-24d77350929a,Auto shipment 3703,1c21be0f-7a41-4fd2-98f6-829a3308a50a,2025-02-04T00:00:00+00:00,2025-02-05T05:23:00+00:00,379,shipped,CUST-4308,synthetic,2025-02-04T00:00:00+00:00
b8722ccd-39dd-46d0-bc52-22233ed5fd6e,Auto shipment 3704,1c21be0f-7a41-4fd2-98f6-829a3308a50a,2025-08-06T00:00:00+00:00,2025-08-06T20:20:00+00:00,163,shipped,CUST-4503,synthetic,2025-08-05T00:00:00+00:00
80f0ccc1-0503-45d8-b80a-87f755d93b37,Auto shipment 3705,1c21be0f-7a41-4fd2-98f6-829a3308a50a,2024-12-11T00:00:00+00:00,2024-12-11T00:31:00+00:00,131,shipped,CUST-4699,synthetic,2024-12-10T00:00:00+00:00
3fe9c9ff-021d-4713-83fc-c3cb88ce845c,Auto shipment 3706,78b74b5c-e459-4f23-b196-79e2b104375d,2024-11-24T00:00:00+00:00,2024-11-24T21:08:00+00:00,413,shipped,CUST-8053,synthetic,2024-11-23T00:00:00+00:00
7e641d89-a568-446b-9ddf-a8bf340b22b2,Auto shipment 3707,68db2e0c-1613-41ae-a22c-4959cbb08fe6,2024-11-26T00:00:00+00:00,2024-11-27T13:31:00+00:00,286,shipped,CUST-5805,synthetic,2024-11-26T00:00:00+00:00
60103ee7-7198-47a0-be59-724d6ac5ec09,Auto shipment 3708,78b74b5c-e459-4f23-b196-79e2b104375d,2025-09-24T00:00:00+00:00,2025-09-27T13:54:00+00:00,350,shipped,CUST-3637,synthetic,2025-09-26T00:00:00+00:00
21bfebdb-18ca-4d6d-9e93-05c192469168,Auto shipment 3709,1c21be0f-7a41-4fd2-98f6-829a3308a50a,2025-05-09T00:00:00+00:00,2025-05-13T19:27:00+00:00,324,shipped,CUST-5842,synthetic,2025-05-12T00:00:00+00:00
6a851e1b-5ac0-4eae-bcf2-3a0642e6cfd7,Auto shipment 3710,68db2e0c-1613-41ae-a22c-4959cbb08fe6,2025-09-22T00:00:00+00:00,2025-09-25T12:46:00+00:00,224,shipped,CUST-5873,synthetic,2025-09-24T00:00:00+00:00
3d8409df-5e1a-4560-aad6-ecfc5b401cd9,Auto shipment 3711,68db2e0c-1613-41ae-a22c-4959cbb08fe6,2025-10-30T00:00:00+00:00,2025-11-02T18:51:00+00:00,281,shipped,CUST-7032,synthetic,2025-11-01T00:00:00+00:00
6347e12a-5f74-4342-bc12-f3683481ac4f,Auto shipment 3712,78b74b5c-e459-4f23-b196-79e2b104375d,2024-12-28T00:00:00+00:00,2024-12-30T19:53:00+00:00,500,shipped,CUST-1481,synthetic,2024-12-29T00:00:00+00:00
e8244265-41d1-4c7c-9db7-b6ab0942b196,Auto shipment 3713,1c21be0f-7a41-4fd2-98f6-829a3308a50a,2025-09-20T00:00:00+00:00,2025-09-24T18:35:00+00:00,164,shipped,CUST-3477,synthetic,2025-09-23T00:00:00+00:00
25d5e761-9c8a-4b33-b1a2-09858f82cc8e,Auto shipment 3714,68db2e0c-1613-41ae-a22c-4959cbb08fe6,2025-07-13T00:00:00+00:00,2025-07-14T08:11:00+00:00,103,shipped,CUST-9653,synthetic,2025-07-13T00:00:00+00:00
c18d47ab-ee5c-4b75-94bc-36ecd2a20be8,Auto shipment 3715,1c21be0f-7a41-4fd2-98f6-829a3308a50a,2025-04-26T00:00:00+00:00,2025-04-26T03:06:00+00:00,255,shipped,CUST-6202,synthetic,2025-04-25T00:00:00+00:00
45665df4-5f74-4728-932c-e05b46752c60,Auto shipment 3716,78b74b5c-e459-4f23-b196-79e2b104375d,2024-11-24T00:00:00+00:00,2024-11-28T15:46:00+00:00,372,shipped,CUST-2996,synthetic,2024-11-27T00:00:00+00:00
f7d1f890-e406-46f5-92b3-74ef3b749301,Auto shipment 3717,68db2e0c-1613-41ae-a22c-4959cbb08fe6,2025-07-06T00:00:00+00:00,2025-07-10T18:09:00+00:00,177,shipped,CUST-3104,synthetic,2025-07-09T00:00:00+00:00
b99781cd-9d99-4072-beee-970ff80ff85d,Auto shipment 3718,68db2e0c-1613-41ae-a22c-4959cbb08fe6,2025-02-28T00:00:00+00:00,2025-03-04T17:32:00+00:00,279,shipped,CUST-8384,synthetic,2025-03-03T00:00:00+00:00
fd4e8291-047c-4cbd-a2c3-20e6f37b5fca,Auto shipment 3719,68db2e0c-1613-41ae-a22c-4959cbb08fe6,2025-04-03T00:00:00+00:00,2025-04-04T02:12:00+00:00,412,shipped,CUST-3727,synthetic,2025-04-03T00:00:00+00:00
9ae11619-5a9b-4725-9ba6-e7d07ed2f14c,Auto shipment 3720,78b74b5c-e459-4f23-b196-79e2b104375d,2025-02-25T00:00:00+00:00,2025-02-28T00:34:00+00:00,289,shipped,CUST-6066,synthetic,2025-02-27T00:00:00+00:00
2c365f25-cc5b-4320-9e0b-f3207499c5e3,Auto shipment 3721,68db2e0c-1613-41ae-a22c-4959cbb08fe6,2025-09-25T00:00:00+00:00,2025-09-29T00:41:00+00:00,494,shipped,CUST-9101,synthetic,2025-09-28T00:00:00+00:00
a3ce50a9-93bd-4077-81c3-975ce131b9c4,Auto shipment 3722,68db2e0c-1613-41ae-a22c-4959cbb08fe6,2025-06-06T00:00:00+00:00,2025-06-10T08:17:00+00:00,343,shipped,CUST-9070,synthetic,2025-06-09T00:00:00+00:00
ba145393-8899-465b-8a5a-18736d5a6190,Auto shipment 3723,1c21be0f-7a41-4fd2-98f6-829a3308a50a,2025-01-08T00:00:00+00:00,2025-01-11T06:42:00+00:00,288,shipped,CUST-4464,synthetic,2025-01-10T00:00:00+00:00
7cd3dffe-3e0a-4ec4-a677-e317e733352e,Auto shipment 3724,68db2e0c-1613-41ae-a22c-4959cbb08fe6,2024-11-29T00:00:00+00:00,2024-12-02T14:42:00+00:00,276,shipped,CUST-2205,synthetic,2024-12-01T00:00:00+00:00
fcce4407-7742-49a3-998d-1554e44b818b,Auto shipment 3725,68db2e0c-1613-41ae-a22c-4959cbb08fe6,2025-10-03T00:00:00+00:00,2025-10-07T13:40:00+00:00,137,shipped,CUST-8760,synthetic,2025-10-06T00:00:00+00:00
f9121f60-322b-488c-bdfe-d90799404a41,Auto shipment 3726,1c21be0f-7a41-4fd2-98f6-829a3308a50a,2025-11-01T00:00:00+00:00,2025-11-04T11:22:00+00:00,350,shipped,CUST-5278,synthetic,2025-11-03T00:00:00+00:00
755b354b-f081-4cfd-98d6-04ff7df7e02e,Auto shipment 3727,78b74b5c-e459-4f23-b196-79e2b104375d,2025-05-20T00:00:00+00:00,2025-05-20T16:42:00+00:00,126,shipped,CUST-8634,synthetic,2025-05-19T00:00:00+00:00
c6bf5ac3-fc53-422a-9a16-6dbdebd7c5ab,Auto shipment 3728,78b74b5c-e459-4f23-b196-79e2b104375d,2025-07-15T00:00:00+00:00,2025-07-15T11:27:00+00:00,94,shipped,CUST-4650,synthetic,2025-07-14T00:00:00+00:00
e18e670b-4ab3-4938-9b58-39414f1e19b7,Auto shipment 3729,68db2e0c-1613-41ae-a22c-4959cbb08fe6,2025-03-01T00:00:00+00:00,2025-03-04T01:24:00+00:00,165,shipped,CUST-7188,synthetic,2025-03-03T00:00:00+00:00
23ef628f-8701-4140-8691-64dc57ccdc3d,Auto shipment 3730,1c21be0f-7a41-4fd2-98f6-829a3308a50a,2025-08-20T00:00:00+00:00,2025-08-21T02:04:00+00:00,361,shipped,CUST-9458,synthetic,2025-08-20T00:00:00+00:00
30386359-bbc5-4aef-89ee-6749bde9b121,Auto shipment 3731,78b74b5c-e459-4f23-b196-79e2b104375d,2024-11-28T00:00:00+00:00,2024-11-29T19:11:00+00:00,325,shipped,CUST-1163,synthetic,2024-11-28T00:00:00+00:00
140effdf-e20b-4cb5-b373-82732b9bed41,Auto shipment 3732,1c21be0f-7a41-4fd2-98f6-829a3308a50a,2025-04-26T00:00:00+00:00,2025-04-28T03:29:00+00:00,476,shipped,CUST-4724,synthetic,2025-04-27T00:00:00+00:00
f895adb9-c2a5-4250-af81-7095993aaad2,Auto shipment 3733,1c21be0f-7a41-4fd2-98f6-829a3308a50a,2025-08-29T00:00:00+00:00,2025-09-02T19:02:00+00:00,156,shipped,CUST-6949,synthetic,2025-09-01T00:00:00+00:00
b94fcbdd-a923-4ef2-9cb2-71839341e51b,Auto shipment 3734,68db2e0c-1613-41ae-a22c-4959cbb08fe6,2024-12-06T00:00:00+00:00,2024-12-07T12:52:00+00:00,266,shipped,CUST-1247,synthetic,2024-12-06T00:00:00+00:00
14ddf9ac-cbf5-4d42-b67e-20ebcbffeb53,Auto shipment 3735,68db2e0c-1613-41ae-a22c-4959cbb08fe6,2025-04-30T00:00:00+00:00,2025-05-02T16:14:00+00:00,218,shipped,CUST-5185,synthetic,2025-05-01T00:00:00+00:00
77796198-5cfe-423b-95b5-bbb2537abc2e,Auto shipment 3736,78b74b5c-e459-4f23-b196-79e2b104375d,2025-03-25T00:00:00+00:00,2025-03-25T22:25:00+00:00,365,shipped,CUST-3396,synthetic,2025-03-24T00:00:00+00:00
fec1dc23-6c88-4dfa-ab77-82999a8d0b36,Auto shipment 3737,68db2e0c-1613-41ae-a22c-4959cbb08fe6,2025-02-10T00:00:00+00:00,2025-02-13T19:42:00+00:00,301,shipped,CUST-9171,synthetic,2025-02-12T00:00:00+00:00
8ad641ea-fe58-49d3-9496-8d23f2561e50,Auto shipment 3738,78b74b5c-e459-4f23-b196-79e2b104375d,2025-10-15T00:00:00+00:00,2025-10-15T14:00:00+00:00,246,shipped,CUST-4543,synthetic,2025-10-14T00:00:00+00:00
7ddbd494-8445-4c3a-ac32-40414ad86ffb,Auto shipment 3739,68db2e0c-1613-41ae-a22c-4959cbb08fe6,2025-08-15T00:00:00+00:00,2025-08-16T10:02:00+00:00,436,shipped,CUST-8970,synthetic,2025-08-15T00:00:00+00:00
5aef01fe-c48c-4557-831b-8ec7a08e9bd9,Auto shipment 3740,1c21be0f-7a41-4fd2-98f6-829a3308a50a,2025-04-19T00:00:00+00:00,2025-04-23T03:10:00+00:00,341,shipped,CUST-6303,synthetic,2025-04-22T00:00:00+00:00
b9162f17-fa84-45b8-a807-32dffce429ad,Auto shipment 3741,68db2e0c-1613-41ae-a22c-4959cbb08fe6,2025-05-29T00:00:00+00:00,2025-05-30T18:26:00+00:00,451,shipped,CUST-9397,synthetic,2025-05-29T00:00:00+00:00
9583dda7-9e93-43a6-b2dc-0b43c20405fa,Auto shipment 3742,68db2e0c-1613-41ae-a22c-4959cbb08fe6,2024-12-21T00:00:00+00:00,2024-12-25T10:27:00+00:00,413,shipped,CUST-2496,synthetic,2024-12-24T00:00:00+00:00
fffc15d5-7d7a-4e8b-b7b0-8e76b1bd7d6b,Auto shipment 3743,78b74b5c-e459-4f23-b196-79e2b104375d,2025-09-28T00:00:00+00:00,2025-09-29T01:33:00+00:00,268,shipped,CUST-7608,synthetic,2025-09-28T00:00:00+00:00
bdd8f799-e0f2-40f5-b63b-169253d3d17b,Auto shipment 3744,68db2e0c-1613-41ae-a22c-4959cbb08fe6,2025-07-10T00:00:00+00:00,2025-07-10T08:51:00+00:00,332,shipped,CUST-4014,synthetic,2025-07-09T00:00:00+00:00
50579f42-de64-4002-bd3c-f1ef55792886,Auto shipment 3745,78b74b5c-e459-4f23-b196-79e2b104375d,2025-01-17T00:00:00+00:00,2025-01-21T11:58:00+00:00,230,shipped,CUST-5727,synthetic,2025-01-20T00:00:00+00:00
c0779436-3fe7-4de8-816c-74ae500101ce,Auto shipment 3746,1c21be0f-7a41-4fd2-98f6-829a3308a50a,2025-07-10T00:00:00+00:00,2025-07-12T01:39:00+00:00,130,shipped,CUST-5670,synthetic,2025-07-11T00:00:00+00:00
2ee392c6-ec23-4237-aa98-fff5da9228b8,Auto shipment 3747,78b74b5c-e459-4f23-b196-79e2b104375d,2025-05-11T00:00:00+00:00,2025-05-15T08:24:00+00:00,302,shipped,CUST-1813,synthetic,2025-05-14T00:00:00+00:00
4fe9a666-039d-4f39-ab50-baf734aa069c,Auto shipment 3748,78b74b5c-e459-4f23-b196-79e2b104375d,2025-02-02T00:00:00+00:00,2025-02-02T04:05:00+00:00,182,shipped,CUST-9508,synthetic,2025-02-01T00:00:00+00:00
069417cb-d2e2-48de-8fd8-fbd511fcc5d1,Auto shipment 3749,68db2e0c-1613-41ae-a22c-4959cbb08fe6,2025-04-10T00:00:00+00:00,2025-04-11T20:35:00+00:00,251,shipped,CUST-4864,synthetic,2025-04-10T00:00:00+00:00
a6fe42b9-0fef-4b8f-98f8-cfca36601d6e,Auto shipment 3750,68db2e0c-1613-41ae-a22c-4959cbb08fe6,2025-01-11T00:00:00+00:00,2025-01-12T06:02:00+00:00,196,shipped,CUST-7218,synthetic,2025-01-11T00:00:00+00:00
7ed20cd0-13f3-4c05-9a33-ec58c25bd021,Auto shipment 3751,1c21be0f-7a41-4fd2-98f6-829a3308a50a,2025-03-02T00:00:00+00:00,2025-03-04T15:19:00+00:00,396,shipped,CUST-6525,synthetic,2025-03-03T00:00:00+00:00
c4a07764-a9ee-435a-a53f-480768423ef3,Auto shipment 3752,68db2e0c-1613-41ae-a22c-4959cbb08fe6,2024-11-20T00:00:00+00:00,2024-11-21T00:10:00+00:00,307,shipped,CUST-1488,synthetic,2024-11-20T00:00:00+00:00
2170222e-428c-40bb-a433-8d765ab86d89,Auto shipment 3753,68db2e0c-1613-41ae-a22c-4959cbb08fe6,2025-02-17T00:00:00+00:00,2025-02-20T08:33:00+00:00,479,shipped,CUST-1074,synthetic,2025-02-19T00:00:00+00:00
fd84aac3-e7c6-4450-ae34-7dbec32e2c29,Auto shipment 3754,68db2e0c-1613-41ae-a22c-4959cbb08fe6,2025-07-06T00:00:00+00:00,2025-07-09T14:15:00+00:00,350,shipped,CUST-1056,synthetic,2025-07-08T00:00:00+00:00
8b5c38d9-dbc9-4b4b-acea-8967f3aad57a,Auto shipment 3755,1c21be0f-7a41-4fd2-98f6-829a3308a50a,2025-06-18T00:00:00+00:00,2025-06-21T13:27:00+00:00,376,shipped,CUST-5756,synthetic,2025-06-20T00:00:00+00:00
b342b916-f62f-4558-be27-4bcafe2312b4,Auto shipment 3756,78b74b5c-e459-4f23-b196-79e2b104375d,2024-11-19T00:00:00+00:00,2024-11-20T13:41:00+00:00,203,shipped,CUST-4131,synthetic,2024-11-19T00:00:00+00:00
cb6aa6ba-fd0b-4491-8b92-c77616c6ae13,Auto shipment 3757,68db2e0c-1613-41ae-a22c-4959cbb08fe6,2025-06-22T00:00:00+00:00,2025-06-25T08:23:00+00:00,158,shipped,CUST-2049,synthetic,2025-06-24T00:00:00+00:00
9d7bd3dd-6bff-42bc-ab18-2fa84b4d4a90,Auto shipment 3758,1c21be0f-7a41-4fd2-98f6-829a3308a50a,2024-12-04T00:00:00+00:00,2024-12-06T07:00:00+00:00,326,shipped,CUST-7179,synthetic,2024-12-05T00:00:00+00:00
2c806fb2-7c92-49f8-aa53-d237ad3060a4,Auto shipment 3759,78b74b5c-e459-4f23-b196-79e2b104375d,2025-10-08T00:00:00+00:00,2025-10-08T13:02:00+00:00,427,shipped,CUST-5092,synthetic,2025-10-07T00:00:00+00:00
1f2fe354-fbc0-4d51-be46-f8e71e23d92e,Auto shipment 3760,68db2e0c-1613-41ae-a22c-4959cbb08fe6,2024-12-13T00:00:00+00:00,2024-12-16T05:09:00+00:00,362,shipped,CUST-8959,synthetic,2024-12-15T00:00:00+00:00
9b381c8b-f647-4820-b839-202a47bd19ab,Auto shipment 3761,78b74b5c-e459-4f23-b196-79e2b104375d,2025-05-11T00:00:00+00:00,2025-05-15T09:20:00+00:00,345,shipped,CUST-4064,synthetic,2025-05-14T00:00:00+00:00
0e0a0da4-a6d1-4bb7-9fc5-d41e3d2e65e3,Auto shipment 3762,1c21be0f-7a41-4fd2-98f6-829a3308a50a,2025-01-29T00:00:00+00:00,2025-01-31T08:01:00+00:00,127,shipped,CUST-6780,synthetic,2025-01-30T00:00:00+00:00
d72cdb29-bb90-4276-8a0c-6364484c82c3,Auto shipment 3763,68db2e0c-1613-41ae-a22c-4959cbb08fe6,2025-02-19T00:00:00+00:00,2025-02-20T21:46:00+00:00,468,shipped,CUST-9441,synthetic,2025-02-19T00:00:00+00:00
f3e34a6a-b967-4d4d-898a-53d03e722a06,Auto shipment 3764,78b74b5c-e459-4f23-b196-79e2b104375d,2024-11-29T00:00:00+00:00,2024-12-02T08:36:00+00:00,241,shipped,CUST-1835,synthetic,2024-12-01T00:00:00+00:00
241e2e5a-2919-4f20-a218-04819992d573,Auto shipment 3765,68db2e0c-1613-41ae-a22c-4959cbb08fe6,2025-02-01T00:00:00+00:00,2025-02-03T11:49:00+00:00,146,shipped,CUST-2618,synthetic,2025-02-02T00:00:00+00:00
60f7f479-1d3a-4db1-b8c7-0c94107775e0,Auto shipment 3766,68db2e0c-1613-41ae-a22c-4959cbb08fe6,2025-05-13T00:00:00+00:00,2025-05-15T19:11:00+00:00,261,shipped,CUST-7132,synthetic,2025-05-14T00:00:00+00:00
454fdb63-22e9-48f6-8075-a3ee26b9a7fd,Auto shipment 3767,78b74b5c-e459-4f23-b196-79e2b104375d,2025-02-07T00:00:00+00:00,2025-02-09T16:28:00+00:00,161,shipped,CUST-5203,synthetic,2025-02-08T00:00:00+00:00
d4eaaf4a-2c66-4883-8539-e88b041dafaf,Auto shipment 3768,78b74b5c-e459-4f23-b196-79e2b104375d,2025-08-07T00:00:00+00:00,2025-08-10T06:30:00+00:00,166,shipped,CUST-7382,synthetic,2025-08-09T00:00:00+00:00
d5eaa20c-342b-4d79-90e7-c174adb693c5,Auto shipment 3769,78b74b5c-e459-4f23-b196-79e2b104375d,2024-12-21T00:00:00+00:00,2024-12-24T07:34:00+00:00,440,shipped,CUST-1640,synthetic,2024-12-23T00:00:00+00:00
c92cf1b0-b064-46fa-92e0-b5079456c274,Auto shipment 3770,68db2e0c-1613-41ae-a22c-4959cbb08fe6,2025-06-19T00:00:00+00:00,2025-06-20T09:29:00+00:00,292,shipped,CUST-7196,synthetic,2025-06-19T00:00:00+00:00
340ce4c7-5b43-4fda-9548-a1b418b2a2bd,Auto shipment 3771,78b74b5c-e459-4f23-b196-79e2b104375d,2025-04-30T00:00:00+00:00,2025-04-30T05:03:00+00:00,269,shipped,CUST-6290,synthetic,2025-04-29T00:00:00+00:00
f74cef08-a967-4060-99c5-97eea59c12a6,Auto shipment 3772,1c21be0f-7a41-4fd2-98f6-829a3308a50a,2025-10-30T00:00:00+00:00,2025-10-30T19:32:00+00:00,524,shipped,CUST-6795,synthetic,2025-10-29T00:00:00+00:00
2e27a43f-103f-4858-9990-d4f39354e585,Auto shipment 3773,1c21be0f-7a41-4fd2-98f6-829a3308a50a,2025-10-23T00:00:00+00:00,2025-10-24T16:54:00+00:00,194,shipped,CUST-9533,synthetic,2025-10-23T00:00:00+00:00
4a2a8a58-557c-4471-ae93-2bebe18f7f29,Auto shipment 3774,1c21be0f-7a41-4fd2-98f6-829a3308a50a,2025-07-29T00:00:00+00:00,2025-08-02T19:40:00+00:00,310,shipped,CUST-5581,synthetic,2025-08-01T00:00:00+00:00
c4a50cfe-9025-4c1e-9639-85a2984bde57,Auto shipment 3775,68db2e0c-1613-41ae-a22c-4959cbb08fe6,2025-02-18T00:00:00+00:00,2025-02-21T03:28:00+00:00,156,shipped,CUST-6055,synthetic,2025-02-20T00:00:00+00:00
5d5a0521-3e74-4b99-95af-c6c922988eef,Auto shipment 3776,78b74b5c-e459-4f23-b196-79e2b104375d,2025-09-14T00:00:00+00:00,2025-09-15T21:24:00+00:00,142,shipped,CUST-8375,synthetic,2025-09-14T00:00:00+00:00
c57917bf-4a6e-4580-87e7-e4f87266acb6,Auto shipment 3777,68db2e0c-1613-41ae-a22c-4959cbb08fe6,2024-11-27T00:00:00+00:00,2024-11-28T11:47:00+00:00,333,shipped,CUST-5598,synthetic,2024-11-27T00:00:00+00:00
f2b85e46-55af-4da6-9f4d-efc35671881f,Auto shipment 3778,1c21be0f-7a41-4fd2-98f6-829a3308a50a,2025-10-01T00:00:00+00:00,2025-10-03T12:16:00+00:00,369,shipped,CUST-7029,synthetic,2025-10-02T00:00:00+00:00
48cb39ca-bba6-42ec-8e4f-2ae8c4cee3ef,Auto shipment 3779,68db2e0c-1613-41ae-a22c-4959cbb08fe6,2024-11-25T00:00:00+00:00,2024-11-25T11:39:00+00:00,411,shipped,CUST-3384,synthetic,2024-11-24T00:00:00+00:00
6474caf7-e7af-4d1a-9dd7-f98e15969dbc,Auto shipment 3780,78b74b5c-e459-4f23-b196-79e2b104375d,2024-11-15T00:00:00+00:00,2024-11-18T03:34:00+00:00,158,shipped,CUST-8285,synthetic,2024-11-17T00:00:00+00:00
7ed000a4-4992-47fd-b956-0ff7c91fc30f,Auto shipment 3781,1c21be0f-7a41-4fd2-98f6-829a3308a50a,2024-12-06T00:00:00+00:00,2024-12-07T17:30:00+00:00,394,shipped,CUST-2133,synthetic,2024-12-06T00:00:00+00:00
a585e959-b455-4b3d-aa4e-1b3636b6ce9d,Auto shipment 3782,1c21be0f-7a41-4fd2-98f6-829a3308a50a,2025-08-31T00:00:00+00:00,2025-09-03T16:41:00+00:00,381,shipped,CUST-6908,synthetic,2025-09-02T00:00:00+00:00
98e70c7a-4b04-4e3b-a461-6174b220143a,Auto shipment 3783,1c21be0f-7a41-4fd2-98f6-829a3308a50a,2025-08-05T00:00:00+00:00,2025-08-05T14:25:00+00:00,286,shipped,CUST-3331,synthetic,2025-08-04T00:00:00+00:00
801cbb16-6bfc-40d0-82d4-0a994216f50f,Auto shipment 3784,1c21be0f-7a41-4fd2-98f6-829a3308a50a,2025-01-02T00:00:00+00:00,2025-01-02T17:24:00+00:00,156,shipped,CUST-3466,synthetic,2025-01-01T00:00:00+00:00
10ac9d9d-55bf-4ffc-a4e0-3e65c77e2291,Auto shipment 3785,78b74b5c-e459-4f23-b196-79e2b104375d,2024-12-25T00:00:00+00:00,2024-12-25T17:25:00+00:00,418,shipped,CUST-7568,synthetic,2024-12-24T00:00:00+00:00
c9053b6b-5ee1-41c6-939f-4a3fa07b57e6,Auto shipment 3786,78b74b5c-e459-4f23-b196-79e2b104375d,2025-07-15T00:00:00+00:00,2025-07-15T07:04:00+00:00,503,shipped,CUST-5841,synthetic,2025-07-14T00:00:00+00:00
7d83b34d-1370-41a7-8c4a-97a1dd300b28,Auto shipment 3787,78b74b5c-e459-4f23-b196-79e2b104375d,2024-11-29T00:00:00+00:00,2024-12-01T10:58:00+00:00,274,shipped,CUST-1936,synthetic,2024-11-30T00:00:00+00:00
29952885-e469-48a1-9407-fd8cd990e9cb,Auto shipment 3788,68db2e0c-1613-41ae-a22c-4959cbb08fe6,2025-11-06T00:00:00+00:00,2025-11-06T11:32:00+00:00,185,shipped,CUST-5106,synthetic,2025-11-05T00:00:00+00:00
03e887cf-b4a2-4a59-b6eb-5b49406baea7,Auto shipment 3789,78b74b5c-e459-4f23-b196-79e2b104375d,2025-06-29T00:00:00+00:00,2025-07-02T20:22:00+00:00,170,shipped,CUST-8670,synthetic,2025-07-01T00:00:00+00:00
77b1e510-906a-4c64-848c-acafded68421,Auto shipment 3790,68db2e0c-1613-41ae-a22c-4959cbb08fe6,2025-05-31T00:00:00+00:00,2025-05-31T16:44:00+00:00,148,shipped,CUST-1389,synthetic,2025-05-30T00:00:00+00:00
2f6f6e92-d4ef-4c82-9d03-58ea1e506f4d,Auto shipment 3791,68db2e0c-1613-41ae-a22c-4959cbb08fe6,2025-03-18T00:00:00+00:00,2025-03-21T15:48:00+00:00,158,shipped,CUST-8167,synthetic,2025-03-20T00:00:00+00:00
832ea8a2-b7f6-45cd-a182-071e78ad7211,Auto shipment 3792,68db2e0c-1613-41ae-a22c-4959cbb08fe6,2025-03-24T00:00:00+00:00,2025-03-24T21:45:00+00:00,180,shipped,CUST-5877,synthetic,2025-03-23T00:00:00+00:00
0fb997ab-7f03-4309-aa27-9b2e98af6bb4,Auto shipment 3793,78b74b5c-e459-4f23-b196-79e2b104375d,2025-01-08T00:00:00+00:00,2025-01-11T13:08:00+00:00,211,shipped,CUST-6780,synthetic,2025-01-10T00:00:00+00:00
c5bc16b4-facb-48d7-afa9-a02ad26728ec,Auto shipment 3794,68db2e0c-1613-41ae-a22c-4959cbb08fe6,2025-04-12T00:00:00+00:00,2025-04-12T21:11:00+00:00,105,shipped,CUST-7224,synthetic,2025-04-11T00:00:00+00:00
9c1df57f-3a6a-4783-ada8-8f3024cffa91,Auto shipment 3795,1c21be0f-7a41-4fd2-98f6-829a3308a50a,2025-02-18T00:00:00+00:00,2025-02-22T18:46:00+00:00,405,shipped,CUST-3283,synthetic,2025-02-21T00:00:00+00:00
aff60819-2b2e-4d62-bd51-2ee840f951c0,Auto shipment 3796,78b74b5c-e459-4f23-b196-79e2b104375d,2025-08-06T00:00:00+00:00,2025-08-10T03:30:00+00:00,95,shipped,CUST-9008,synthetic,2025-08-09T00:00:00+00:00
32335e29-32fd-4ae2-8085-38b94421bae8,Auto shipment 3797,68db2e0c-1613-41ae-a22c-4959cbb08fe6,2025-03-09T00:00:00+00:00,2025-03-09T11:18:00+00:00,189,shipped,CUST-7536,synthetic,2025-03-08T00:00:00+00:00
7e26140c-af74-4ab7-8291-f57922c5e5a6,Auto shipment 3798,78b74b5c-e459-4f23-b196-79e2b104375d,2025-08-20T00:00:00+00:00,2025-08-20T10:55:00+00:00,487,shipped,CUST-5592,synthetic,2025-08-19T00:00:00+00:00
50c509b2-9def-4b62-9faa-69c7ff057711,Auto shipment 3799,68db2e0c-1613-41ae-a22c-4959cbb08fe6,2024-12-31T00:00:00+00:00,2025-01-01T10:40:00+00:00,158,shipped,CUST-7798,synthetic,2024-12-31T00:00:00+00:00
5dc8fec8-e89a-40c9-9be2-2eababb5cc4a,Auto shipment 3800,68db2e0c-1613-41ae-a22c-4959cbb08fe6,2025-03-01T00:00:00+00:00,2025-03-03T13:13:00+00:00,155,shipped,CUST-5699,synthetic,2025-03-02T00:00:00+00:00
50a72d90-cc12-4588-8027-620197612f93,Auto shipment 3801,1c21be0f-7a41-4fd2-98f6-829a3308a50a,2025-06-07T00:00:00+00:00,2025-06-11T06:20:00+00:00,463,shipped,CUST-1383,synthetic,2025-06-10T00:00:00+00:00
fc732dd4-fcaf-4542-b1ce-0ca9c50f449f,Auto shipment 3802,78b74b5c-e459-4f23-b196-79e2b104375d,2025-10-08T00:00:00+00:00,2025-10-12T10:16:00+00:00,229,shipped,CUST-7272,synthetic,2025-10-11T00:00:00+00:00
76575588-fb0e-4437-b389-2c3b9a0c35fa,Auto shipment 3803,68db2e0c-1613-41ae-a22c-4959cbb08fe6,2024-12-19T00:00:00+00:00,2024-12-22T02:51:00+00:00,447,shipped,CUST-1152,synthetic,2024-12-21T00:00:00+00:00
28f4955a-0c13-45d8-888e-307dfe2c1ebd,Auto shipment 3804,78b74b5c-e459-4f23-b196-79e2b104375d,2025-09-21T00:00:00+00:00,2025-09-25T21:55:00+00:00,199,shipped,CUST-6461,synthetic,2025-09-24T00:00:00+00:00
55aa519e-582e-49fc-a8a8-3d453253bd45,Auto shipment 3805,78b74b5c-e459-4f23-b196-79e2b104375d,2025-11-05T00:00:00+00:00,2025-11-09T13:16:00+00:00,262,shipped,CUST-8490,synthetic,2025-11-08T00:00:00+00:00
3d192dd4-fe06-490d-acd7-33aab38c8f8d,Auto shipment 3806,68db2e0c-1613-41ae-a22c-4959cbb08fe6,2025-04-26T00:00:00+00:00,2025-04-28T20:49:00+00:00,122,shipped,CUST-4923,synthetic,2025-04-27T00:00:00+00:00
2e5bf189-02d5-4e59-8c62-c918f29a9d8a,Auto shipment 3807,1c21be0f-7a41-4fd2-98f6-829a3308a50a,2025-03-14T00:00:00+00:00,2025-03-16T17:26:00+00:00,502,shipped,CUST-3383,synthetic,2025-03-15T00:00:00+00:00
dec2dcca-4ad4-438d-9742-13f2054fa700,Auto shipment 3808,1c21be0f-7a41-4fd2-98f6-829a3308a50a,2025-02-23T00:00:00+00:00,2025-02-24T07:07:00+00:00,369,shipped,CUST-5465,synthetic,2025-02-23T00:00:00+00:00
5dde52ba-4369-4fcc-be52-464c2339e9f0,Auto shipment 3809,1c21be0f-7a41-4fd2-98f6-829a3308a50a,2024-12-19T00:00:00+00:00,2024-12-21T00:15:00+00:00,93,shipped,CUST-2314,synthetic,2024-12-20T00:00:00+00:00
cc87c9e4-c08d-4ff2-be79-8f6e1ef8eb20,Auto shipment 3810,1c21be0f-7a41-4fd2-98f6-829a3308a50a,2025-03-01T00:00:00+00:00,2025-03-05T12:19:00+00:00,213,shipped,CUST-8896,synthetic,2025-03-04T00:00:00+00:00
218d3a8b-cb2c-4303-a61c-4169f60313c2,Auto shipment 3811,1c21be0f-7a41-4fd2-98f6-829a3308a50a,2025-05-16T00:00:00+00:00,2025-05-16T01:09:00+00:00,278,shipped,CUST-4570,synthetic,2025-05-15T00:00:00+00:00
d39ecbfb-0bfc-42e9-bd8d-07b000ae22af,Auto shipment 3812,68db2e0c-1613-41ae-a22c-4959cbb08fe6,2024-11-11T00:00:00+00:00,2024-11-12T05:06:00+00:00,402,shipped,CUST-6408,synthetic,2024-11-11T00:00:00+00:00
86a3cf01-567f-4fc5-85bb-31fad57446ff,Auto shipment 3813,78b74b5c-e459-4f23-b196-79e2b104375d,2024-12-07T00:00:00+00:00,2024-12-11T02:55:00+00:00,166,shipped,CUST-1522,synthetic,2024-12-10T00:00:00+00:00
5ba835e6-3a89-491c-8366-ea959ace009d,Auto shipment 3814,78b74b5c-e459-4f23-b196-79e2b104375d,2025-07-06T00:00:00+00:00,2025-07-09T06:44:00+00:00,201,shipped,CUST-1523,synthetic,2025-07-08T00:00:00+00:00
9e0397a8-dc80-4f4d-bdfd-7eb1f492a9b8,Auto shipment 3815,68db2e0c-1613-41ae-a22c-4959cbb08fe6,2025-03-29T00:00:00+00:00,2025-03-31T07:50:00+00:00,312,shipped,CUST-4380,synthetic,2025-03-30T00:00:00+00:00
53559d0d-c77e-4156-8fa6-a9969a9f19bd,Auto shipment 3816,68db2e0c-1613-41ae-a22c-4959cbb08fe6,2025-05-13T00:00:00+00:00,2025-05-14T15:52:00+00:00,438,shipped,CUST-4219,synthetic,2025-05-13T00:00:00+00:00
98c4f1b0-f1a9-4cd5-a5c5-9c80698ee39c,Auto shipment 3817,68db2e0c-1613-41ae-a22c-4959cbb08fe6,2025-07-09T00:00:00+00:00,2025-07-12T17:10:00+00:00,447,shipped,CUST-9268,synthetic,2025-07-11T00:00:00+00:00
8ba663fc-bfba-4c06-9132-a7db1a3cd26a,Auto shipment 3818,68db2e0c-1613-41ae-a22c-4959cbb08fe6,2025-07-25T00:00:00+00:00,2025-07-29T16:02:00+00:00,368,shipped,CUST-3415,synthetic,2025-07-28T00:00:00+00:00
74ee0a1a-d9f4-4bc9-80d9-1cd02e64bc05,Auto shipment 3819,68db2e0c-1613-41ae-a22c-4959cbb08fe6,2025-05-28T00:00:00+00:00,2025-05-29T19:18:00+00:00,259,shipped,CUST-6456,synthetic,2025-05-28T00:00:00+00:00
542e8e23-98bc-44fd-8aa4-d8105c56d693,Auto shipment 3820,68db2e0c-1613-41ae-a22c-4959cbb08fe6,2025-08-25T00:00:00+00:00,2025-08-26T10:10:00+00:00,162,shipped,CUST-9891,synthetic,2025-08-25T00:00:00+00:00
818a658d-b72c-46af-ae6b-0e959fb817eb,Auto shipment 3821,78b74b5c-e459-4f23-b196-79e2b104375d,2024-12-15T00:00:00+00:00,2024-12-19T12:00:00+00:00,130,shipped,CUST-5552,synthetic,2024-12-18T00:00:00+00:00
f794d1d6-fd66-43fc-b54c-0b05b55b3bae,Auto shipment 3822,68db2e0c-1613-41ae-a22c-4959cbb08fe6,2025-02-26T00:00:00+00:00,2025-03-02T14:30:00+00:00,290,shipped,CUST-3700,synthetic,2025-03-01T00:00:00+00:00
3dd20de2-d121-4b58-ab41-8ba9d0e9e72d,Auto shipment 3823,68db2e0c-1613-41ae-a22c-4959cbb08fe6,2025-10-21T00:00:00+00:00,2025-10-22T05:58:00+00:00,388,shipped,CUST-6415,synthetic,2025-10-21T00:00:00+00:00
ba9f06bc-fccf-4372-9ecb-f14a22f6efc9,Auto shipment 3824,1c21be0f-7a41-4fd2-98f6-829a3308a50a,2025-04-06T00:00:00+00:00,2025-04-10T08:16:00+00:00,115,shipped,CUST-8430,synthetic,2025-04-09T00:00:00+00:00
bc566f3d-205d-401b-ac24-6d4dd6d5fc65,Auto shipment 3825,78b74b5c-e459-4f23-b196-79e2b104375d,2024-12-29T00:00:00+00:00,2024-12-29T10:32:00+00:00,437,shipped,CUST-3499,synthetic,2024-12-28T00:00:00+00:00
341f9e2c-4538-4ff6-992d-695337571260,Auto shipment 3826,68db2e0c-1613-41ae-a22c-4959cbb08fe6,2025-01-05T00:00:00+00:00,2025-01-08T19:30:00+00:00,482,shipped,CUST-9230,synthetic,2025-01-07T00:00:00+00:00
682463f8-cd1c-4f72-bb97-bf41b1a2c5c4,Auto shipment 3827,78b74b5c-e459-4f23-b196-79e2b104375d,2024-11-16T00:00:00+00:00,2024-11-19T02:36:00+00:00,177,shipped,CUST-5527,synthetic,2024-11-18T00:00:00+00:00
7fa27bd7-3320-4d77-87b4-5500c54ef46d,Auto shipment 3828,1c21be0f-7a41-4fd2-98f6-829a3308a50a,2025-09-28T00:00:00+00:00,2025-09-28T07:16:00+00:00,126,shipped,CUST-8046,synthetic,2025-09-27T00:00:00+00:00
bfd4dabc-f57c-43c7-8cd9-67188964f75a,Auto shipment 3829,1c21be0f-7a41-4fd2-98f6-829a3308a50a,2025-10-12T00:00:00+00:00,2025-10-15T10:29:00+00:00,321,shipped,CUST-8873,synthetic,2025-10-14T00:00:00+00:00
4ab725cc-bed4-404a-9dfc-300e5910ae9b,Auto shipment 3830,68db2e0c-1613-41ae-a22c-4959cbb08fe6,2025-08-25T00:00:00+00:00,2025-08-28T11:40:00+00:00,326,shipped,CUST-4399,synthetic,2025-08-27T00:00:00+00:00
1baccc57-2962-464e-a11d-e7a5f8bdf4e0,Auto shipment 3831,78b74b5c-e459-4f23-b196-79e2b104375d,2025-10-15T00:00:00+00:00,2025-10-15T12:56:00+00:00,244,shipped,CUST-5891,synthetic,2025-10-14T00:00:00+00:00
a1c5d8f7-8122-4d61-a94d-50c49ba0fbd2,Auto shipment 3832,1c21be0f-7a41-4fd2-98f6-829a3308a50a,2025-04-08T00:00:00+00:00,2025-04-11T21:53:00+00:00,316,shipped,CUST-3579,synthetic,2025-04-10T00:00:00+00:00
3f385f7f-090c-4f02-891f-a57c3cee097f,Auto shipment 3833,68db2e0c-1613-41ae-a22c-4959cbb08fe6,2025-05-20T00:00:00+00:00,2025-05-20T16:50:00+00:00,300,shipped,CUST-2677,synthetic,2025-05-19T00:00:00+00:00
4576827e-608a-4d34-8d91-ca018af4ef72,Auto shipment 3834,68db2e0c-1613-41ae-a22c-4959cbb08fe6,2025-06-20T00:00:00+00:00,2025-06-23T18:32:00+00:00,286,shipped,CUST-5932,synthetic,2025-06-22T00:00:00+00:00
df7fd97a-7c5a-48a6-ba84-e56317e0d2a2,Auto shipment 3835,78b74b5c-e459-4f23-b196-79e2b104375d,2025-02-16T00:00:00+00:00,2025-02-16T07:07:00+00:00,318,shipped,CUST-5128,synthetic,2025-02-15T00:00:00+00:00
a168fe34-98ac-46f5-8494-209a2ef158ac,Auto shipment 3836,78b74b5c-e459-4f23-b196-79e2b104375d,2025-08-30T00:00:00+00:00,2025-08-31T08:31:00+00:00,391,shipped,CUST-8748,synthetic,2025-08-30T00:00:00+00:00
4b981936-0940-4cc2-a0ff-e23db8e6b16d,Auto shipment 3837,68db2e0c-1613-41ae-a22c-4959cbb08fe6,2025-06-14T00:00:00+00:00,2025-06-14T10:56:00+00:00,385,shipped,CUST-4753,synthetic,2025-06-13T00:00:00+00:00
225eac67-74f2-4dd3-8fde-77d17c5a3618,Auto shipment 3838,1c21be0f-7a41-4fd2-98f6-829a3308a50a,2025-09-20T00:00:00+00:00,2025-09-24T16:55:00+00:00,477,shipped,CUST-2876,synthetic,2025-09-23T00:00:00+00:00
3493ec91-ce05-47e3-a7b6-d8eaf4c283bd,Auto shipment 3839,1c21be0f-7a41-4fd2-98f6-829a3308a50a,2025-04-22T00:00:00+00:00,2025-04-26T07:39:00+00:00,399,shipped,CUST-4560,synthetic,2025-04-25T00:00:00+00:00
b3907682-515f-48d3-8d1b-907f1cda03eb,Auto shipment 3840,1c21be0f-7a41-4fd2-98f6-829a3308a50a,2025-08-01T00:00:00+00:00,2025-08-04T06:10:00+00:00,363,shipped,CUST-8215,synthetic,2025-08-03T00:00:00+00:00
4789b19f-f245-445d-9eb2-2af87320908b,Auto shipment 3841,1c21be0f-7a41-4fd2-98f6-829a3308a50a,2025-09-15T00:00:00+00:00,2025-09-18T22:25:00+00:00,374,shipped,CUST-9817,synthetic,2025-09-17T00:00:00+00:00
8bf0e832-3df5-4ab6-83ac-4361dc1c7215,Auto shipment 3842,1c21be0f-7a41-4fd2-98f6-829a3308a50a,2025-02-26T00:00:00+00:00,2025-02-27T03:09:00+00:00,176,shipped,CUST-4684,synthetic,2025-02-26T00:00:00+00:00
8c1bb27e-e92b-4e54-a917-9f19152bf319,Auto shipment 3843,68db2e0c-1613-41ae-a22c-4959cbb08fe6,2025-08-14T00:00:00+00:00,2025-08-16T17:28:00+00:00,183,shipped,CUST-1696,synthetic,2025-08-15T00:00:00+00:00
dc5bac5f-6069-4975-9ba4-07e6b3469c0b,Auto shipment 3844,1c21be0f-7a41-4fd2-98f6-829a3308a50a,2025-08-20T00:00:00+00:00,2025-08-22T21:56:00+00:00,476,shipped,CUST-6891,synthetic,2025-08-21T00:00:00+00:00
c72aa92a-eca6-4d92-b2b2-e940dd78c23b,Auto shipment 3845,78b74b5c-e459-4f23-b196-79e2b104375d,2025-01-19T00:00:00+00:00,2025-01-21T21:05:00+00:00,381,shipped,CUST-3413,synthetic,2025-01-20T00:00:00+00:00
4764b23b-95f6-45e9-81b9-c96a30be4904,Auto shipment 3846,78b74b5c-e459-4f23-b196-79e2b104375d,2025-07-05T00:00:00+00:00,2025-07-08T04:44:00+00:00,111,shipped,CUST-2817,synthetic,2025-07-07T00:00:00+00:00
64558485-f167-4809-b4c8-6c695ebd412b,Auto shipment 3847,78b74b5c-e459-4f23-b196-79e2b104375d,2025-08-30T00:00:00+00:00,2025-09-02T00:38:00+00:00,235,shipped,CUST-6061,synthetic,2025-09-01T00:00:00+00:00
a90b762f-4f09-45ba-80b9-263dda38bd15,Auto shipment 3848,68db2e0c-1613-41ae-a22c-4959cbb08fe6,2024-11-08T00:00:00+00:00,2024-11-12T20:58:00+00:00,162,shipped,CUST-5248,synthetic,2024-11-11T00:00:00+00:00
14266b19-ed49-451f-9b5a-b67cdacbf6ae,Auto shipment 3849,68db2e0c-1613-41ae-a22c-4959cbb08fe6,2025-09-26T00:00:00+00:00,2025-09-26T14:28:00+00:00,402,shipped,CUST-2569,synthetic,2025-09-25T00:00:00+00:00
b8fc9645-7a84-41a4-949a-1b1809f40a05,Auto shipment 3850,68db2e0c-1613-41ae-a22c-4959cbb08fe6,2025-05-09T00:00:00+00:00,2025-05-11T17:16:00+00:00,244,shipped,CUST-5985,synthetic,2025-05-10T00:00:00+00:00
9084d950-4cb5-4b4f-aa58-e5a50d108eb0,Auto shipment 3851,1c21be0f-7a41-4fd2-98f6-829a3308a50a,2025-07-23T00:00:00+00:00,2025-07-25T07:23:00+00:00,295,shipped,CUST-8803,synthetic,2025-07-24T00:00:00+00:00
f72249a1-df82-4edd-bb65-215c2f58f056,Auto shipment 3852,68db2e0c-1613-41ae-a22c-4959cbb08fe6,2025-10-03T00:00:00+00:00,2025-10-05T19:05:00+00:00,402,shipped,CUST-9846,synthetic,2025-10-04T00:00:00+00:00
79d4b417-9be5-41d6-8b50-a62e772eaf9f,Auto shipment 3853,68db2e0c-1613-41ae-a22c-4959cbb08fe6,2025-08-25T00:00:00+00:00,2025-08-27T14:48:00+00:00,119,shipped,CUST-4172,synthetic,2025-08-26T00:00:00+00:00
82c3db90-e3d9-48a2-9b39-e8cec0ff1ba7,Auto shipment 3854,68db2e0c-1613-41ae-a22c-4959cbb08fe6,2025-07-21T00:00:00+00:00,2025-07-24T08:45:00+00:00,408,shipped,CUST-5070,synthetic,2025-07-23T00:00:00+00:00
05bcd7b9-f504-4a5a-aeb4-8153491bfb22,Auto shipment 3855,68db2e0c-1613-41ae-a22c-4959cbb08fe6,2025-03-02T00:00:00+00:00,2025-03-02T07:31:00+00:00,345,shipped,CUST-9103,synthetic,2025-03-01T00:00:00+00:00
456c917b-2bb4-44ba-9da8-f66c14825ddd,Auto shipment 3856,1c21be0f-7a41-4fd2-98f6-829a3308a50a,2025-01-06T00:00:00+00:00,2025-01-09T06:07:00+00:00,416,shipped,CUST-5542,synthetic,2025-01-08T00:00:00+00:00
f3fd0db2-abcd-440b-8a58-267e7f30f801,Auto shipment 3857,1c21be0f-7a41-4fd2-98f6-829a3308a50a,2025-01-08T00:00:00+00:00,2025-01-09T19:19:00+00:00,359,shipped,CUST-9314,synthetic,2025-01-08T00:00:00+00:00
ee3fb6fa-e00c-4fb2-8fa5-9a3a3da54ca6,Auto shipment 3858,1c21be0f-7a41-4fd2-98f6-829a3308a50a,2024-12-30T00:00:00+00:00,2025-01-01T01:21:00+00:00,265,shipped,CUST-5363,synthetic,2024-12-31T00:00:00+00:00
e582fc5d-66a5-434a-8275-9ba2b6623131,Auto shipment 3859,68db2e0c-1613-41ae-a22c-4959cbb08fe6,2025-07-28T00:00:00+00:00,2025-07-28T17:38:00+00:00,170,shipped,CUST-4254,synthetic,2025-07-27T00:00:00+00:00
89eb3ce4-bac7-49ab-8ab8-9a234c9ddbcf,Auto shipment 3860,78b74b5c-e459-4f23-b196-79e2b104375d,2025-04-17T00:00:00+00:00,2025-04-20T06:27:00+00:00,395,shipped,CUST-6997,synthetic,2025-04-19T00:00:00+00:00
bc22a871-6390-40c6-9bd6-f48b860dfb90,Auto shipment 3861,78b74b5c-e459-4f23-b196-79e2b104375d,2025-11-01T00:00:00+00:00,2025-11-03T16:15:00+00:00,140,shipped,CUST-2438,synthetic,2025-11-02T00:00:00+00:00
6a4f16fa-c31d-4ee1-97e6-fa76068e5890,Auto shipment 3862,1c21be0f-7a41-4fd2-98f6-829a3308a50a,2025-09-05T00:00:00+00:00,2025-09-05T01:22:00+00:00,409,shipped,CUST-7547,synthetic,2025-09-04T00:00:00+00:00
4fa0b1dc-32ea-47af-bd62-a677db8a31ab,Auto shipment 3863,78b74b5c-e459-4f23-b196-79e2b104375d,2025-02-01T00:00:00+00:00,2025-02-05T13:01:00+00:00,281,shipped,CUST-4364,synthetic,2025-02-04T00:00:00+00:00
fed0d90b-27e4-4b72-a354-336f524b681e,Auto shipment 3864,68db2e0c-1613-41ae-a22c-4959cbb08fe6,2024-12-13T00:00:00+00:00,2024-12-14T14:13:00+00:00,346,shipped,CUST-1041,synthetic,2024-12-13T00:00:00+00:00
9051d27f-8e15-4982-b3cc-73741267ebd5,Auto shipment 3865,78b74b5c-e459-4f23-b196-79e2b104375d,2025-05-22T00:00:00+00:00,2025-05-24T17:02:00+00:00,435,shipped,CUST-2277,synthetic,2025-05-23T00:00:00+00:00
2f5f060c-ac30-4b73-be00-5f14f5ffc8c9,Auto shipment 3866,68db2e0c-1613-41ae-a22c-4959cbb08fe6,2025-08-10T00:00:00+00:00,2025-08-11T21:15:00+00:00,213,shipped,CUST-7127,synthetic,2025-08-10T00:00:00+00:00
73c34041-4753-408d-a3a1-4c2e14edbde6,Auto shipment 3867,68db2e0c-1613-41ae-a22c-4959cbb08fe6,2025-04-09T00:00:00+00:00,2025-04-12T01:30:00+00:00,132,shipped,CUST-6624,synthetic,2025-04-11T00:00:00+00:00
fb9e1053-e757-4676-bb49-3641ec7f1c8e,Auto shipment 3868,68db2e0c-1613-41ae-a22c-4959cbb08fe6,2025-08-08T00:00:00+00:00,2025-08-08T14:14:00+00:00,138,shipped,CUST-1212,synthetic,2025-08-07T00:00:00+00:00
a6aa903a-7a52-4c3a-977e-6449cd2c6d18,Auto shipment 3869,1c21be0f-7a41-4fd2-98f6-829a3308a50a,2025-07-10T00:00:00+00:00,2025-07-10T00:54:00+00:00,225,shipped,CUST-4493,synthetic,2025-07-09T00:00:00+00:00
a1d2027f-13fb-420a-87a7-f64a91df0470,Auto shipment 3870,1c21be0f-7a41-4fd2-98f6-829a3308a50a,2025-07-26T00:00:00+00:00,2025-07-30T13:11:00+00:00,267,shipped,CUST-4909,synthetic,2025-07-29T00:00:00+00:00
936d748f-19b4-47e3-a46d-b531932412ee,Auto shipment 3871,1c21be0f-7a41-4fd2-98f6-829a3308a50a,2025-08-14T00:00:00+00:00,2025-08-17T08:14:00+00:00,294,shipped,CUST-3271,synthetic,2025-08-16T00:00:00+00:00
816d72f1-99e2-4d0e-8783-e5026faacd2d,Auto shipment 3872,1c21be0f-7a41-4fd2-98f6-829a3308a50a,2025-11-01T00:00:00+00:00,2025-11-04T22:53:00+00:00,380,shipped,CUST-2398,synthetic,2025-11-03T00:00:00+00:00
04667d4e-7487-4061-bc7a-683d7e1a5019,Auto shipment 3873,1c21be0f-7a41-4fd2-98f6-829a3308a50a,2025-02-27T00:00:00+00:00,2025-02-28T19:16:00+00:00,523,shipped,CUST-4774,synthetic,2025-02-27T00:00:00+00:00
f22442ae-24c6-496d-893f-378f45f6a84b,Auto shipment 3874,78b74b5c-e459-4f23-b196-79e2b104375d,2025-02-09T00:00:00+00:00,2025-02-13T19:12:00+00:00,132,shipped,CUST-5381,synthetic,2025-02-12T00:00:00+00:00
c08ba446-08ae-4a90-82a3-2b8a27dbccdd,Auto shipment 3875,1c21be0f-7a41-4fd2-98f6-829a3308a50a,2025-07-16T00:00:00+00:00,2025-07-20T00:14:00+00:00,168,shipped,CUST-1733,synthetic,2025-07-19T00:00:00+00:00
0b2f27f6-65d1-4ac3-9096-e65869e15aa0,Auto shipment 3876,1c21be0f-7a41-4fd2-98f6-829a3308a50a,2024-12-13T00:00:00+00:00,2024-12-17T02:51:00+00:00,357,shipped,CUST-9406,synthetic,2024-12-16T00:00:00+00:00
68344890-40db-43d0-b599-3150c1f1df5a,Auto shipment 3877,68db2e0c-1613-41ae-a22c-4959cbb08fe6,2025-07-12T00:00:00+00:00,2025-07-14T20:29:00+00:00,414,shipped,CUST-2330,synthetic,2025-07-13T00:00:00+00:00
833c967f-4957-4fa0-8ddf-39820bf4d42c,Auto shipment 3878,1c21be0f-7a41-4fd2-98f6-829a3308a50a,2025-09-25T00:00:00+00:00,2025-09-27T15:15:00+00:00,367,shipped,CUST-1401,synthetic,2025-09-26T00:00:00+00:00
35b428fa-188e-4377-baa6-549ea951e857,Auto shipment 3879,78b74b5c-e459-4f23-b196-79e2b104375d,2025-01-19T00:00:00+00:00,2025-01-20T11:21:00+00:00,136,shipped,CUST-5708,synthetic,2025-01-19T00:00:00+00:00
188062f0-9eb7-46ce-bc04-cbfa8fdcec21,Auto shipment 3880,1c21be0f-7a41-4fd2-98f6-829a3308a50a,2024-12-15T00:00:00+00:00,2024-12-18T08:08:00+00:00,151,shipped,CUST-1693,synthetic,2024-12-17T00:00:00+00:00
d93c1ff4-21e7-4d68-8731-a5a377c00ce8,Auto shipment 3881,78b74b5c-e459-4f23-b196-79e2b104375d,2025-02-12T00:00:00+00:00,2025-02-12T17:30:00+00:00,328,shipped,CUST-4943,synthetic,2025-02-11T00:00:00+00:00
31a2ac4b-e576-4f52-90e4-6a57d6458c7d,Auto shipment 3882,78b74b5c-e459-4f23-b196-79e2b104375d,2025-09-20T00:00:00+00:00,2025-09-24T03:01:00+00:00,211,shipped,CUST-9521,synthetic,2025-09-23T00:00:00+00:00
c22e298d-8307-40d9-a4f6-fd02179ef311,Auto shipment 3883,68db2e0c-1613-41ae-a22c-4959cbb08fe6,2025-09-14T00:00:00+00:00,2025-09-15T09:19:00+00:00,143,shipped,CUST-1509,synthetic,2025-09-14T00:00:00+00:00
36109fff-9453-4407-bb29-95fccad528fa,Auto shipment 3884,78b74b5c-e459-4f23-b196-79e2b104375d,2025-02-23T00:00:00+00:00,2025-02-25T09:10:00+00:00,177,shipped,CUST-3581,synthetic,2025-02-24T00:00:00+00:00
b9629c2b-59ac-4ab0-b2e0-68984c69078d,Auto shipment 3885,78b74b5c-e459-4f23-b196-79e2b104375d,2025-07-25T00:00:00+00:00,2025-07-29T04:41:00+00:00,477,shipped,CUST-2253,synthetic,2025-07-28T00:00:00+00:00
e25383f4-dc22-4108-801f-ff6a1c3f7dfc,Auto shipment 3886,1c21be0f-7a41-4fd2-98f6-829a3308a50a,2025-04-24T00:00:00+00:00,2025-04-25T18:04:00+00:00,271,shipped,CUST-4772,synthetic,2025-04-24T00:00:00+00:00
08a0823a-b334-4b16-a841-6b8a81d72421,Auto shipment 3887,68db2e0c-1613-41ae-a22c-4959cbb08fe6,2024-12-21T00:00:00+00:00,2024-12-23T10:34:00+00:00,489,shipped,CUST-8115,synthetic,2024-12-22T00:00:00+00:00
a28034ad-3e1c-41a4-8d7d-f606bb8ad9d6,Auto shipment 3888,78b74b5c-e459-4f23-b196-79e2b104375d,2025-08-20T00:00:00+00:00,2025-08-22T10:52:00+00:00,508,shipped,CUST-2985,synthetic,2025-08-21T00:00:00+00:00
591e02c3-04eb-4cce-a62e-b8e6f5f2b279,Auto shipment 3889,68db2e0c-1613-41ae-a22c-4959cbb08fe6,2025-09-16T00:00:00+00:00,2025-09-17T06:01:00+00:00,151,shipped,CUST-4537,synthetic,2025-09-16T00:00:00+00:00
df60fa04-1def-4896-ad6d-57dcac45210c,Auto shipment 3890,1c21be0f-7a41-4fd2-98f6-829a3308a50a,2025-03-04T00:00:00+00:00,2025-03-08T02:33:00+00:00,314,shipped,CUST-1356,synthetic,2025-03-07T00:00:00+00:00
9ec18359-493b-4ab5-a6bd-026258ffe03b,Auto shipment 3891,78b74b5c-e459-4f23-b196-79e2b104375d,2025-06-03T00:00:00+00:00,2025-06-04T20:36:00+00:00,246,shipped,CUST-9924,synthetic,2025-06-03T00:00:00+00:00
0b17a6d3-a3c2-45a7-8987-3e757b15ae68,Auto shipment 3892,78b74b5c-e459-4f23-b196-79e2b104375d,2024-12-17T00:00:00+00:00,2024-12-20T07:50:00+00:00,338,shipped,CUST-7913,synthetic,2024-12-19T00:00:00+00:00
29f69c68-256c-4d0e-9de7-dbaf6333cfc6,Auto shipment 3893,1c21be0f-7a41-4fd2-98f6-829a3308a50a,2025-06-18T00:00:00+00:00,2025-06-20T05:26:00+00:00,163,shipped,CUST-8816,synthetic,2025-06-19T00:00:00+00:00
1a992481-a22b-403a-aa56-c61e31dd00e7,Auto shipment 3894,1c21be0f-7a41-4fd2-98f6-829a3308a50a,2025-10-31T00:00:00+00:00,2025-11-01T22:55:00+00:00,376,shipped,CUST-2786,synthetic,2025-10-31T00:00:00+00:00
8e96dcfd-f876-413d-a3e8-6d539be123d6,Auto shipment 3895,1c21be0f-7a41-4fd2-98f6-829a3308a50a,2025-08-02T00:00:00+00:00,2025-08-02T16:48:00+00:00,170,shipped,CUST-6281,synthetic,2025-08-01T00:00:00+00:00
d583c3dd-a691-4496-bdb0-d3760112b568,Auto shipment 3896,1c21be0f-7a41-4fd2-98f6-829a3308a50a,2025-07-03T00:00:00+00:00,2025-07-06T21:58:00+00:00,405,shipped,CUST-9842,synthetic,2025-07-05T00:00:00+00:00
2021a6f9-40f2-497e-9ea0-310aa39017f4,Auto shipment 3897,68db2e0c-1613-41ae-a22c-4959cbb08fe6,2025-08-19T00:00:00+00:00,2025-08-19T22:55:00+00:00,234,shipped,CUST-5221,synthetic,2025-08-18T00:00:00+00:00
d3ab7d31-0ae8-470c-817d-d023f4e008d3,Auto shipment 3898,68db2e0c-1613-41ae-a22c-4959cbb08fe6,2025-07-16T00:00:00+00:00,2025-07-20T07:49:00+00:00,176,shipped,CUST-9247,synthetic,2025-07-19T00:00:00+00:00
fb5f404b-0fb9-40a9-8c4b-cbb53c9a4198,Auto shipment 3899,68db2e0c-1613-41ae-a22c-4959cbb08fe6,2025-03-06T00:00:00+00:00,2025-03-08T17:55:00+00:00,331,shipped,CUST-3653,synthetic,2025-03-07T00:00:00+00:00
7925bc2c-e6a0-43b9-b5f8-1dec19b52e9c,Auto shipment 3900,78b74b5c-e459-4f23-b196-79e2b104375d,2025-03-11T00:00:00+00:00,2025-03-13T03:32:00+00:00,371,shipped,CUST-6605,synthetic,2025-03-12T00:00:00+00:00
7be8b679-946b-40e4-9773-6f99366acf4b,Auto shipment 3901,1c21be0f-7a41-4fd2-98f6-829a3308a50a,2025-02-16T00:00:00+00:00,2025-02-20T12:30:00+00:00,288,shipped,CUST-8619,synthetic,2025-02-19T00:00:00+00:00
91a7464e-5ae3-44c4-805b-8511f1dd3ef3,Auto shipment 3902,1c21be0f-7a41-4fd2-98f6-829a3308a50a,2025-03-14T00:00:00+00:00,2025-03-16T08:05:00+00:00,414,shipped,CUST-7401,synthetic,2025-03-15T00:00:00+00:00
e1b54479-62dd-4378-a711-a22a63110a3a,Auto shipment 3903,68db2e0c-1613-41ae-a22c-4959cbb08fe6,2025-07-01T00:00:00+00:00,2025-07-05T09:00:00+00:00,307,shipped,CUST-3356,synthetic,2025-07-04T00:00:00+00:00
798246b2-bc1a-478a-9f66-e0852bc39ec4,Auto shipment 3904,1c21be0f-7a41-4fd2-98f6-829a3308a50a,2025-01-09T00:00:00+00:00,2025-01-09T03:52:00+00:00,126,shipped,CUST-6603,synthetic,2025-01-08T00:00:00+00:00
1188ea3e-1005-4a50-8172-ec2daa993174,Auto shipment 3905,68db2e0c-1613-41ae-a22c-4959cbb08fe6,2025-03-18T00:00:00+00:00,2025-03-22T09:21:00+00:00,399,shipped,CUST-3762,synthetic,2025-03-21T00:00:00+00:00
e21d39ad-4c57-4b4b-87ef-3c5d30909c45,Auto shipment 3906,78b74b5c-e459-4f23-b196-79e2b104375d,2025-05-20T00:00:00+00:00,2025-05-23T07:19:00+00:00,331,shipped,CUST-1512,synthetic,2025-05-22T00:00:00+00:00
3e8932e7-60f8-42e5-838f-388a263c9cf8,Auto shipment 3907,68db2e0c-1613-41ae-a22c-4959cbb08fe6,2025-09-17T00:00:00+00:00,2025-09-19T15:23:00+00:00,310,shipped,CUST-1454,synthetic,2025-09-18T00:00:00+00:00
23fcda95-1416-46a8-8471-9ea811efae1c,Auto shipment 3908,68db2e0c-1613-41ae-a22c-4959cbb08fe6,2025-09-30T00:00:00+00:00,2025-10-03T20:16:00+00:00,253,shipped,CUST-9355,synthetic,2025-10-02T00:00:00+00:00
ae6e8b7e-7213-401d-8a94-ca9628c95bd1,Auto shipment 3909,78b74b5c-e459-4f23-b196-79e2b104375d,2025-06-15T00:00:00+00:00,2025-06-15T11:51:00+00:00,319,shipped,CUST-5596,synthetic,2025-06-14T00:00:00+00:00
85026340-f4ab-481b-aab5-3f13b356e0cb,Auto shipment 3910,1c21be0f-7a41-4fd2-98f6-829a3308a50a,2025-07-25T00:00:00+00:00,2025-07-26T22:49:00+00:00,227,shipped,CUST-4695,synthetic,2025-07-25T00:00:00+00:00
cdac8a1c-c42e-48e9-947f-0176908e86ea,Auto shipment 3911,1c21be0f-7a41-4fd2-98f6-829a3308a50a,2025-10-28T00:00:00+00:00,2025-10-28T13:24:00+00:00,460,shipped,CUST-2336,synthetic,2025-10-27T00:00:00+00:00
3471a4ef-a50f-4234-8e90-7ceb504d4507,Auto shipment 3912,1c21be0f-7a41-4fd2-98f6-829a3308a50a,2025-08-12T00:00:00+00:00,2025-08-13T20:26:00+00:00,335,shipped,CUST-2025,synthetic,2025-08-12T00:00:00+00:00
71aea692-d33b-43cd-9ef6-0613a93026fd,Auto shipment 3913,68db2e0c-1613-41ae-a22c-4959cbb08fe6,2025-08-11T00:00:00+00:00,2025-08-12T11:39:00+00:00,379,shipped,CUST-3091,synthetic,2025-08-11T00:00:00+00:00
97e0c196-1ec1-46d3-b778-e88cc506c178,Auto shipment 3914,68db2e0c-1613-41ae-a22c-4959cbb08fe6,2024-12-16T00:00:00+00:00,2024-12-19T09:04:00+00:00,420,shipped,CUST-7288,synthetic,2024-12-18T00:00:00+00:00
b16051ce-ce78-443c-b00f-829c5e8e1012,Auto shipment 3915,68db2e0c-1613-41ae-a22c-4959cbb08fe6,2025-02-02T00:00:00+00:00,2025-02-05T16:01:00+00:00,490,shipped,CUST-5042,synthetic,2025-02-04T00:00:00+00:00
bc92539a-6836-452e-baf5-72264927e81a,Auto shipment 3916,78b74b5c-e459-4f23-b196-79e2b104375d,2024-12-28T00:00:00+00:00,2024-12-28T21:43:00+00:00,344,shipped,CUST-3414,synthetic,2024-12-27T00:00:00+00:00
4a772ac7-2271-4127-b5d7-ab3eb768d4d1,Auto shipment 3917,68db2e0c-1613-41ae-a22c-4959cbb08fe6,2025-04-22T00:00:00+00:00,2025-04-25T20:36:00+00:00,404,shipped,CUST-1506,synthetic,2025-04-24T00:00:00+00:00
8280cde8-8873-43a1-b7b6-3ab3be1a020a,Auto shipment 3918,78b74b5c-e459-4f23-b196-79e2b104375d,2025-03-31T00:00:00+00:00,2025-04-01T17:38:00+00:00,344,shipped,CUST-6068,synthetic,2025-03-31T00:00:00+00:00
7d327434-618c-47e1-8d9f-9f96ff0ccc99,Auto shipment 3919,78b74b5c-e459-4f23-b196-79e2b104375d,2025-06-06T00:00:00+00:00,2025-06-07T17:45:00+00:00,250,shipped,CUST-3731,synthetic,2025-06-06T00:00:00+00:00
3f6b6b0a-2bd8-417a-8120-fd80f819e9bc,Auto shipment 3920,78b74b5c-e459-4f23-b196-79e2b104375d,2024-12-04T00:00:00+00:00,2024-12-08T22:43:00+00:00,300,shipped,CUST-4820,synthetic,2024-12-07T00:00:00+00:00
15d958fe-3574-421d-856f-53128cf3258f,Auto shipment 3921,68db2e0c-1613-41ae-a22c-4959cbb08fe6,2025-04-29T00:00:00+00:00,2025-04-29T12:15:00+00:00,399,shipped,CUST-9605,synthetic,2025-04-28T00:00:00+00:00
6b6417a5-feaf-4edb-be5b-dafc6106b07a,Auto shipment 3922,78b74b5c-e459-4f23-b196-79e2b104375d,2024-12-23T00:00:00+00:00,2024-12-26T04:04:00+00:00,499,shipped,CUST-9630,synthetic,2024-12-25T00:00:00+00:00
ffd6472f-19ba-4d8e-95da-389bdeb9863d,Auto shipment 3923,78b74b5c-e459-4f23-b196-79e2b104375d,2025-03-09T00:00:00+00:00,2025-03-09T21:39:00+00:00,327,shipped,CUST-1740,synthetic,2025-03-08T00:00:00+00:00
90f16286-f11f-4f7d-85ac-1ca013e95fb1,Auto shipment 3924,68db2e0c-1613-41ae-a22c-4959cbb08fe6,2025-04-15T00:00:00+00:00,2025-04-16T13:32:00+00:00,183,shipped,CUST-6596,synthetic,2025-04-15T00:00:00+00:00
93ceb801-f4ca-4933-bdb1-1cda17402367,Auto shipment 3925,1c21be0f-7a41-4fd2-98f6-829a3308a50a,2025-11-04T00:00:00+00:00,2025-11-04T02:55:00+00:00,434,shipped,CUST-3299,synthetic,2025-11-03T00:00:00+00:00
4a210b10-88c1-4430-af30-0e8bf5455382,Auto shipment 3926,1c21be0f-7a41-4fd2-98f6-829a3308a50a,2024-11-15T00:00:00+00:00,2024-11-15T02:28:00+00:00,299,shipped,CUST-3925,synthetic,2024-11-14T00:00:00+00:00
71895fae-34a4-486f-aee2-359dc6debdbd,Auto shipment 3927,1c21be0f-7a41-4fd2-98f6-829a3308a50a,2025-07-23T00:00:00+00:00,2025-07-26T02:34:00+00:00,215,shipped,CUST-2908,synthetic,2025-07-25T00:00:00+00:00
540bb5c7-6d7d-41a0-9507-6c71d3fe2be5,Auto shipment 3928,1c21be0f-7a41-4fd2-98f6-829a3308a50a,2024-12-09T00:00:00+00:00,2024-12-09T05:05:00+00:00,135,shipped,CUST-9967,synthetic,2024-12-08T00:00:00+00:00
60165b00-3f46-4be8-a05c-76438076fd28,Auto shipment 3929,68db2e0c-1613-41ae-a22c-4959cbb08fe6,2024-12-29T00:00:00+00:00,2025-01-01T22:56:00+00:00,363,shipped,CUST-1096,synthetic,2024-12-31T00:00:00+00:00
0e620395-9ebd-4f6c-bcc1-04b5c43a4f8c,Auto shipment 3930,78b74b5c-e459-4f23-b196-79e2b104375d,2025-09-12T00:00:00+00:00,2025-09-16T14:14:00+00:00,228,shipped,CUST-2869,synthetic,2025-09-15T00:00:00+00:00
9235accb-eca7-4b03-a706-903bf247ae60,Auto shipment 3931,78b74b5c-e459-4f23-b196-79e2b104375d,2025-10-29T00:00:00+00:00,2025-11-02T18:51:00+00:00,374,shipped,CUST-9385,synthetic,2025-11-01T00:00:00+00:00
63ee6f8d-8dee-43da-933b-49b94786a8e6,Auto shipment 3932,78b74b5c-e459-4f23-b196-79e2b104375d,2025-09-26T00:00:00+00:00,2025-09-30T19:27:00+00:00,306,shipped,CUST-4539,synthetic,2025-09-29T00:00:00+00:00
d51996f9-33d7-49f4-9225-f08474a86cbe,Auto shipment 3933,1c21be0f-7a41-4fd2-98f6-829a3308a50a,2025-07-31T00:00:00+00:00,2025-07-31T04:46:00+00:00,327,shipped,CUST-8268,synthetic,2025-07-30T00:00:00+00:00
61fcaae5-0e0a-414e-b303-e2f49a53b9ab,Auto shipment 3934,68db2e0c-1613-41ae-a22c-4959cbb08fe6,2025-02-08T00:00:00+00:00,2025-02-08T11:47:00+00:00,279,shipped,CUST-9850,synthetic,2025-02-07T00:00:00+00:00
77fc8f6e-7b07-461b-863d-60edcd8bb39b,Auto shipment 3935,68db2e0c-1613-41ae-a22c-4959cbb08fe6,2025-03-24T00:00:00+00:00,2025-03-28T19:50:00+00:00,319,shipped,CUST-6993,synthetic,2025-03-27T00:00:00+00:00
1e5df657-4be8-47e6-baed-ef95a308459f,Auto shipment 3936,68db2e0c-1613-41ae-a22c-4959cbb08fe6,2025-09-26T00:00:00+00:00,2025-09-27T07:42:00+00:00,234,shipped,CUST-6143,synthetic,2025-09-26T00:00:00+00:00
79978967-fe21-4109-8e72-5d5dec062ccb,Auto shipment 3937,68db2e0c-1613-41ae-a22c-4959cbb08fe6,2025-07-10T00:00:00+00:00,2025-07-10T06:51:00+00:00,229,shipped,CUST-9148,synthetic,2025-07-09T00:00:00+00:00
748eae4c-56a5-45ab-8bc5-1c14df2e8f1b,Auto shipment 3938,78b74b5c-e459-4f23-b196-79e2b104375d,2025-05-04T00:00:00+00:00,2025-05-07T14:55:00+00:00,127,shipped,CUST-7387,synthetic,2025-05-06T00:00:00+00:00
33d59044-3b47-42bb-bedc-4b5ae7d71842,Auto shipment 3939,1c21be0f-7a41-4fd2-98f6-829a3308a50a,2025-08-24T00:00:00+00:00,2025-08-24T08:35:00+00:00,319,shipped,CUST-2747,synthetic,2025-08-23T00:00:00+00:00
ae2d797b-d7b2-4d71-b9d6-e0d852d561f1,Auto shipment 3940,1c21be0f-7a41-4fd2-98f6-829a3308a50a,2025-10-26T00:00:00+00:00,2025-10-26T14:26:00+00:00,301,shipped,CUST-2666,synthetic,2025-10-25T00:00:00+00:00
925cd257-cc38-46d4-b66e-899efb9ca80f,Auto shipment 3941,68db2e0c-1613-41ae-a22c-4959cbb08fe6,2025-02-04T00:00:00+00:00,2025-02-05T12:45:00+00:00,223,shipped,CUST-9558,synthetic,2025-02-04T00:00:00+00:00
67760865-7084-49e5-9bda-27111009e0bc,Auto shipment 3942,1c21be0f-7a41-4fd2-98f6-829a3308a50a,2024-11-18T00:00:00+00:00,2024-11-21T17:37:00+00:00,162,shipped,CUST-8039,synthetic,2024-11-20T00:00:00+00:00
59bc15ce-9e5c-436a-9c7e-9625ab221a71,Auto shipment 3943,78b74b5c-e459-4f23-b196-79e2b104375d,2025-02-25T00:00:00+00:00,2025-02-28T10:45:00+00:00,505,shipped,CUST-2498,synthetic,2025-02-27T00:00:00+00:00
9298a5a8-8cc1-470d-af72-2789520f9801,Auto shipment 3944,68db2e0c-1613-41ae-a22c-4959cbb08fe6,2025-09-30T00:00:00+00:00,2025-10-04T18:08:00+00:00,319,shipped,CUST-9446,synthetic,2025-10-03T00:00:00+00:00
5622a404-1e53-4728-a315-71a9e140576f,Auto shipment 3945,78b74b5c-e459-4f23-b196-79e2b104375d,2025-05-11T00:00:00+00:00,2025-05-13T17:46:00+00:00,189,shipped,CUST-9246,synthetic,2025-05-12T00:00:00+00:00
1026b175-12e6-4ff2-98e7-1fcb245a4cc2,Auto shipment 3946,78b74b5c-e459-4f23-b196-79e2b104375d,2025-02-19T00:00:00+00:00,2025-02-20T04:10:00+00:00,128,shipped,CUST-9041,synthetic,2025-02-19T00:00:00+00:00
7f3fc60e-ccd9-4618-aaea-6bd9fa9e741a,Auto shipment 3947,1c21be0f-7a41-4fd2-98f6-829a3308a50a,2024-12-23T00:00:00+00:00,2024-12-27T08:27:00+00:00,299,shipped,CUST-9874,synthetic,2024-12-26T00:00:00+00:00
cfd5b344-14ec-4028-9f9e-2b16f3342b77,Auto shipment 3948,78b74b5c-e459-4f23-b196-79e2b104375d,2025-02-24T00:00:00+00:00,2025-02-24T12:01:00+00:00,291,shipped,CUST-4766,synthetic,2025-02-23T00:00:00+00:00
9f134681-3d39-47d9-b8d9-825c0a75d6ee,Auto shipment 3949,78b74b5c-e459-4f23-b196-79e2b104375d,2025-02-18T00:00:00+00:00,2025-02-20T00:28:00+00:00,396,shipped,CUST-2918,synthetic,2025-02-19T00:00:00+00:00
9f3893d7-061d-4f1a-ab29-06120e9b459e,Auto shipment 3950,1c21be0f-7a41-4fd2-98f6-829a3308a50a,2024-11-20T00:00:00+00:00,2024-11-20T15:39:00+00:00,296,shipped,CUST-4013,synthetic,2024-11-19T00:00:00+00:00
f4d59e98-96f3-46d4-a0d0-2ce5f6688a3a,Auto shipment 3951,78b74b5c-e459-4f23-b196-79e2b104375d,2025-07-26T00:00:00+00:00,2025-07-30T21:37:00+00:00,459,shipped,CUST-1665,synthetic,2025-07-29T00:00:00+00:00
c1aabf47-d5f7-42a3-be9b-574a8a983e9e,Auto shipment 3952,78b74b5c-e459-4f23-b196-79e2b104375d,2025-09-28T00:00:00+00:00,2025-10-01T05:48:00+00:00,110,shipped,CUST-4411,synthetic,2025-09-30T00:00:00+00:00
407cd006-9bde-4468-be07-877224dce885,Auto shipment 3953,1c21be0f-7a41-4fd2-98f6-829a3308a50a,2025-02-02T00:00:00+00:00,2025-02-05T18:02:00+00:00,350,shipped,CUST-5373,synthetic,2025-02-04T00:00:00+00:00
8a6eeef8-b79e-4cb7-a7cf-b1b5105defed,Auto shipment 3954,78b74b5c-e459-4f23-b196-79e2b104375d,2025-02-28T00:00:00+00:00,2025-03-02T05:58:00+00:00,193,shipped,CUST-5407,synthetic,2025-03-01T00:00:00+00:00
5e97804f-9017-4239-813f-d19758ef9a50,Auto shipment 3955,78b74b5c-e459-4f23-b196-79e2b104375d,2025-07-23T00:00:00+00:00,2025-07-26T06:03:00+00:00,363,shipped,CUST-7825,synthetic,2025-07-25T00:00:00+00:00
4a4378b6-ddc9-41db-830b-59bd6c62147e,Auto shipment 3956,68db2e0c-1613-41ae-a22c-4959cbb08fe6,2025-05-29T00:00:00+00:00,2025-06-02T02:00:00+00:00,430,shipped,CUST-2767,synthetic,2025-06-01T00:00:00+00:00
3f6ba9a5-b1e2-47fc-8761-9e6d1c52eced,Auto shipment 3957,78b74b5c-e459-4f23-b196-79e2b104375d,2024-12-22T00:00:00+00:00,2024-12-26T13:19:00+00:00,173,shipped,CUST-1737,synthetic,2024-12-25T00:00:00+00:00
645cc67a-2fb4-430b-bf4b-9f1ee4505895,Auto shipment 3958,78b74b5c-e459-4f23-b196-79e2b104375d,2025-06-15T00:00:00+00:00,2025-06-18T18:50:00+00:00,440,shipped,CUST-6243,synthetic,2025-06-17T00:00:00+00:00
cb243185-5834-44ad-acd7-e913500088c7,Auto shipment 3959,1c21be0f-7a41-4fd2-98f6-829a3308a50a,2025-07-21T00:00:00+00:00,2025-07-24T05:24:00+00:00,356,shipped,CUST-4847,synthetic,2025-07-23T00:00:00+00:00
5340eac4-1a0d-4754-adce-853e1c62c8e1,Auto shipment 3960,68db2e0c-1613-41ae-a22c-4959cbb08fe6,2025-04-15T00:00:00+00:00,2025-04-19T14:02:00+00:00,156,shipped,CUST-9569,synthetic,2025-04-18T00:00:00+00:00
d6624252-d9a7-4452-b9c2-3b6449626f20,Auto shipment 3961,1c21be0f-7a41-4fd2-98f6-829a3308a50a,2025-09-03T00:00:00+00:00,2025-09-07T02:55:00+00:00,218,shipped,CUST-9241,synthetic,2025-09-06T00:00:00+00:00
e91fd644-e17a-4450-b136-290475a371fb,Auto shipment 3962,68db2e0c-1613-41ae-a22c-4959cbb08fe6,2025-10-11T00:00:00+00:00,2025-10-11T05:56:00+00:00,353,shipped,CUST-6428,synthetic,2025-10-10T00:00:00+00:00
6700aebe-274a-432c-86a1-896acdd4cc36,Auto shipment 3963,1c21be0f-7a41-4fd2-98f6-829a3308a50a,2025-10-21T00:00:00+00:00,2025-10-22T08:26:00+00:00,340,shipped,CUST-2526,synthetic,2025-10-21T00:00:00+00:00
6f5abc61-2058-4310-be3b-d48c849457cb,Auto shipment 3964,1c21be0f-7a41-4fd2-98f6-829a3308a50a,2025-04-21T00:00:00+00:00,2025-04-24T13:26:00+00:00,182,shipped,CUST-3674,synthetic,2025-04-23T00:00:00+00:00
3060a13f-bcd0-4e8c-a1c0-c062ecee6fd4,Auto shipment 3965,68db2e0c-1613-41ae-a22c-4959cbb08fe6,2025-04-20T00:00:00+00:00,2025-04-24T11:44:00+00:00,389,shipped,CUST-1509,synthetic,2025-04-23T00:00:00+00:00
dcf05547-ae18-4d16-8060-7c0b1db6870f,Auto shipment 3966,1c21be0f-7a41-4fd2-98f6-829a3308a50a,2025-09-17T00:00:00+00:00,2025-09-17T18:27:00+00:00,309,shipped,CUST-4815,synthetic,2025-09-16T00:00:00+00:00
ea8cf38d-2cc7-45ca-af65-3e81fce82194,Auto shipment 3967,78b74b5c-e459-4f23-b196-79e2b104375d,2025-04-28T00:00:00+00:00,2025-04-30T11:56:00+00:00,462,shipped,CUST-2723,synthetic,2025-04-29T00:00:00+00:00
65a4d9db-8e2b-4759-84ad-be529eed4669,Auto shipment 3968,1c21be0f-7a41-4fd2-98f6-829a3308a50a,2025-04-08T00:00:00+00:00,2025-04-08T11:47:00+00:00,346,shipped,CUST-8793,synthetic,2025-04-07T00:00:00+00:00
b19f7019-47e7-4bc7-88fc-ca163dc965b3,Auto shipment 3969,78b74b5c-e459-4f23-b196-79e2b104375d,2024-11-19T00:00:00+00:00,2024-11-19T04:36:00+00:00,312,shipped,CUST-7636,synthetic,2024-11-18T00:00:00+00:00
9a5da977-edf7-4fd5-a758-8191e8f5435b,Auto shipment 3970,68db2e0c-1613-41ae-a22c-4959cbb08fe6,2025-05-18T00:00:00+00:00,2025-05-21T08:51:00+00:00,101,shipped,CUST-8950,synthetic,2025-05-20T00:00:00+00:00
841257d9-d397-4bdf-904c-56a373d3d059,Auto shipment 3971,1c21be0f-7a41-4fd2-98f6-829a3308a50a,2024-11-18T00:00:00+00:00,2024-11-21T17:46:00+00:00,198,shipped,CUST-7648,synthetic,2024-11-20T00:00:00+00:00
50f1b64e-3a63-4287-9cbc-81b8089ebbbd,Auto shipment 3972,68db2e0c-1613-41ae-a22c-4959cbb08fe6,2025-01-25T00:00:00+00:00,2025-01-28T10:32:00+00:00,152,shipped,CUST-9033,synthetic,2025-01-27T00:00:00+00:00
6b9bc967-75cd-4e0f-a9a1-609f66efbe4a,Auto shipment 3973,78b74b5c-e459-4f23-b196-79e2b104375d,2025-04-30T00:00:00+00:00,2025-05-01T16:57:00+00:00,305,shipped,CUST-6353,synthetic,2025-04-30T00:00:00+00:00
5b0a5db5-4105-4ed2-8c00-010178040698,Auto shipment 3974,78b74b5c-e459-4f23-b196-79e2b104375d,2025-05-15T00:00:00+00:00,2025-05-16T05:24:00+00:00,239,shipped,CUST-9902,synthetic,2025-05-15T00:00:00+00:00
1461f5c4-ad6c-4571-8cff-d12c0a00d489,Auto shipment 3975,78b74b5c-e459-4f23-b196-79e2b104375d,2025-04-14T00:00:00+00:00,2025-04-14T01:48:00+00:00,148,shipped,CUST-6460,synthetic,2025-04-13T00:00:00+00:00
78a1196d-c7fa-4772-9313-672b50a4035c,Auto shipment 3976,68db2e0c-1613-41ae-a22c-4959cbb08fe6,2025-09-12T00:00:00+00:00,2025-09-16T18:29:00+00:00,332,shipped,CUST-4393,synthetic,2025-09-15T00:00:00+00:00
f1f63368-3a57-474c-9743-193381547948,Auto shipment 3977,1c21be0f-7a41-4fd2-98f6-829a3308a50a,2024-12-06T00:00:00+00:00,2024-12-07T11:40:00+00:00,294,shipped,CUST-4993,synthetic,2024-12-06T00:00:00+00:00
9143ec35-71ab-4416-b48b-a36411fc062f,Auto shipment 3978,1c21be0f-7a41-4fd2-98f6-829a3308a50a,2024-11-23T00:00:00+00:00,2024-11-26T18:41:00+00:00,367,shipped,CUST-6261,synthetic,2024-11-25T00:00:00+00:00
bacdaf43-eca9-48bb-8c01-88d77bd96781,Auto shipment 3979,78b74b5c-e459-4f23-b196-79e2b104375d,2025-07-09T00:00:00+00:00,2025-07-10T17:58:00+00:00,165,shipped,CUST-7832,synthetic,2025-07-09T00:00:00+00:00
5f1a8691-9756-4c65-bb43-cd8eda8945f5,Auto shipment 3980,68db2e0c-1613-41ae-a22c-4959cbb08fe6,2025-03-05T00:00:00+00:00,2025-03-05T16:18:00+00:00,287,shipped,CUST-8756,synthetic,2025-03-04T00:00:00+00:00
a8514506-feba-41a8-b1f8-ff3de3348bb4,Auto shipment 3981,1c21be0f-7a41-4fd2-98f6-829a3308a50a,2025-05-29T00:00:00+00:00,2025-05-30T06:34:00+00:00,143,shipped,CUST-2726,synthetic,2025-05-29T00:00:00+00:00
b21eba73-34e1-4aa9-a160-de47874af57d,Auto shipment 3982,68db2e0c-1613-41ae-a22c-4959cbb08fe6,2025-05-08T00:00:00+00:00,2025-05-09T01:35:00+00:00,110,shipped,CUST-2210,synthetic,2025-05-08T00:00:00+00:00
b65379aa-f054-46f8-8cb1-bcd2d1cf399f,Auto shipment 3983,68db2e0c-1613-41ae-a22c-4959cbb08fe6,2025-03-02T00:00:00+00:00,2025-03-06T03:00:00+00:00,186,shipped,CUST-7162,synthetic,2025-03-05T00:00:00+00:00
b3f11626-555f-4ffa-9f53-067f42f571f7,Auto shipment 3984,78b74b5c-e459-4f23-b196-79e2b104375d,2025-05-31T00:00:00+00:00,2025-06-04T01:04:00+00:00,346,shipped,CUST-2203,synthetic,2025-06-03T00:00:00+00:00
cdeb9d5c-ef84-45c7-bb1e-5a3526207f0b,Auto shipment 3985,68db2e0c-1613-41ae-a22c-4959cbb08fe6,2024-12-30T00:00:00+00:00,2025-01-01T11:24:00+00:00,227,shipped,CUST-5230,synthetic,2024-12-31T00:00:00+00:00
53d99d47-12c8-450a-b1e3-7509fb23ebbc,Auto shipment 3986,78b74b5c-e459-4f23-b196-79e2b104375d,2025-07-17T00:00:00+00:00,2025-07-20T07:05:00+00:00,320,shipped,CUST-4917,synthetic,2025-07-19T00:00:00+00:00
136995d5-ae2a-4fa6-a0fe-7450bc1572dd,Auto shipment 3987,1c21be0f-7a41-4fd2-98f6-829a3308a50a,2025-03-16T00:00:00+00:00,2025-03-19T18:48:00+00:00,169,shipped,CUST-7721,synthetic,2025-03-18T00:00:00+00:00
ac5030f6-634d-4fa1-9a63-e6c2928c3a82,Auto shipment 3988,1c21be0f-7a41-4fd2-98f6-829a3308a50a,2025-10-08T00:00:00+00:00,2025-10-08T05:29:00+00:00,170,shipped,CUST-8643,synthetic,2025-10-07T00:00:00+00:00
e171092c-d4bb-4272-80f4-7546cbf7c98e,Auto shipment 3989,1c21be0f-7a41-4fd2-98f6-829a3308a50a,2025-07-29T00:00:00+00:00,2025-07-30T21:20:00+00:00,148,shipped,CUST-7778,synthetic,2025-07-29T00:00:00+00:00
05e6c257-c36a-4d97-aff3-26aae178a2ae,Auto shipment 3990,1c21be0f-7a41-4fd2-98f6-829a3308a50a,2025-08-09T00:00:00+00:00,2025-08-10T08:32:00+00:00,206,shipped,CUST-8990,synthetic,2025-08-09T00:00:00+00:00
f3637fdf-8688-4f21-8666-f5e17340d958,Auto shipment 3991,78b74b5c-e459-4f23-b196-79e2b104375d,2025-08-16T00:00:00+00:00,2025-08-20T15:48:00+00:00,199,shipped,CUST-3045,synthetic,2025-08-19T00:00:00+00:00
acc44c05-4de9-4d44-9136-1133e1e80a6d,Auto shipment 3992,68db2e0c-1613-41ae-a22c-4959cbb08fe6,2025-03-16T00:00:00+00:00,2025-03-17T13:52:00+00:00,268,shipped,CUST-7488,synthetic,2025-03-16T00:00:00+00:00
9bb24718-3fdc-437c-9d07-91a7f81a2e75,Auto shipment 3993,78b74b5c-e459-4f23-b196-79e2b104375d,2025-09-20T00:00:00+00:00,2025-09-21T07:24:00+00:00,163,shipped,CUST-3298,synthetic,2025-09-20T00:00:00+00:00
368768de-be97-4cd3-aee3-ed31a0d09ae4,Auto shipment 3994,68db2e0c-1613-41ae-a22c-4959cbb08fe6,2025-10-16T00:00:00+00:00,2025-10-18T19:16:00+00:00,364,shipped,CUST-3019,synthetic,2025-10-17T00:00:00+00:00
a37b7b3e-b5bc-45e2-a4aa-9f3468fe0f36,Auto shipment 3995,68db2e0c-1613-41ae-a22c-4959cbb08fe6,2025-07-10T00:00:00+00:00,2025-07-11T05:29:00+00:00,316,shipped,CUST-4671,synthetic,2025-07-10T00:00:00+00:00
488d1046-c6dd-4771-b599-c454570a4dbb,Auto shipment 3996,78b74b5c-e459-4f23-b196-79e2b104375d,2025-08-10T00:00:00+00:00,2025-08-13T15:03:00+00:00,116,shipped,CUST-2111,synthetic,2025-08-12T00:00:00+00:00
fdf7e7e3-c29d-482b-aefa-b67e34009182,Auto shipment 3997,78b74b5c-e459-4f23-b196-79e2b104375d,2024-12-16T00:00:00+00:00,2024-12-19T00:19:00+00:00,133,shipped,CUST-3731,synthetic,2024-12-18T00:00:00+00:00
634d271c-2b4c-4be5-930f-02dd5dadc1f3,Auto shipment 3998,68db2e0c-1613-41ae-a22c-4959cbb08fe6,2025-06-04T00:00:00+00:00,2025-06-05T08:52:00+00:00,108,shipped,CUST-2871,synthetic,2025-06-04T00:00:00+00:00
e6c46de2-7eab-4930-9f81-42a90bfe1232,Auto shipment 3999,78b74b5c-e459-4f23-b196-79e2b104375d,2025-04-28T00:00:00+00:00,2025-05-01T13:31:00+00:00,287,shipped,CUST-8617,synthetic,2025-04-30T00:00:00+00:00
2475b9dc-6e57-461c-a70d-309064e7695f,Auto shipment 4000,1c21be0f-7a41-4fd2-98f6-829a3308a50a,2025-04-26T00:00:00+00:00,2025-04-29T02:58:00+00:00,391,shipped,CUST-2886,synthetic,2025-04-28T00:00:00+00:00
